2026-09-12T21:30:55.169 DEBUG   :curobo                                  :Self Collision skipped %: 48.38903944595002
2026-09-12T21:30:55.169 DEBUG   :curobo                                  :Self Collision count: 1714
2026-09-12T21:30:55.169 DEBUG   :curobo                                  :Self Collision per thread: 4
2026-09-12T21:30:55.249 DEBUG   :curobo                                  :Warp initialized - Version: 1.17.0
2026-09-12T21:30:55.249 DEBUG   :curobo                                  :Warp Devices: ['cpu', 'cuda:0']
2026-09-12T21:30:55.249 INFO    :curobo                                  :Initialized 2 costs for robot rollout
2026-09-12T21:30:55.250 DEBUG   :curobo                                  :Warp initialized - Version: 1.17.0
2026-09-12T21:30:55.250 DEBUG   :curobo                                  :Warp Devices: ['cpu', 'cuda:0']
2026-09-12T21:30:55.250 INFO    :curobo                                  :Initialized 2 costs for robot rollout
2026-09-12T21:30:55.250 DEBUG   :curobo                                  :Warp initialized - Version: 1.17.0
2026-09-12T21:30:55.250 DEBUG   :curobo                                  :Warp Devices: ['cpu', 'cuda:0']
2026-09-12T21:30:55.251 DEBUG   :curobo                                  :Warp initialized - Version: 1.17.0
2026-09-12T21:30:55.251 DEBUG   :curobo                                  :Warp Devices: ['cpu', 'cuda:0']
2026-09-12T21:30:55.251 INFO    :curobo                                  :Initialized 3 costs for robot rollout
2026-09-12T21:30:55.254 DEBUG   :curobo                                  :Warp initialized - Version: 1.17.0
2026-09-12T21:30:55.254 DEBUG   :curobo                                  :Warp Devices: ['cpu', 'cuda:0']
2026-09-12T21:30:55.254 INFO    :curobo                                  :Initialized 2 costs for robot rollout
2026-09-12T21:30:55.255 DEBUG   :curobo                                  :Warp initialized - Version: 1.17.0
2026-09-12T21:30:55.255 DEBUG   :curobo                                  :Warp Devices: ['cpu', 'cuda:0']
2026-09-12T21:30:55.255 INFO    :curobo                                  :Initialized 2 costs for robot rollout
2026-09-12T21:30:55.255 DEBUG   :curobo                                  :Warp initialized - Version: 1.17.0
2026-09-12T21:30:55.255 DEBUG   :curobo                                  :Warp Devices: ['cpu', 'cuda:0']
2026-09-12T21:30:55.256 DEBUG   :curobo                                  :Warp initialized - Version: 1.17.0
2026-09-12T21:30:55.256 DEBUG   :curobo                                  :Warp Devices: ['cpu', 'cuda:0']
2026-09-12T21:30:55.256 INFO    :curobo                                  :Initialized 3 costs for robot rollout
2026-09-12T21:30:55.259 DEBUG   :curobo                                  :Warp initialized - Version: 1.17.0
2026-09-12T21:30:55.259 DEBUG   :curobo                                  :Warp Devices: ['cpu', 'cuda:0']
2026-09-12T21:30:55.259 INFO    :curobo                                  :Initialized 2 costs for robot rollout
2026-09-12T21:30:55.260 DEBUG   :curobo                                  :Warp initialized - Version: 1.17.0
2026-09-12T21:30:55.260 DEBUG   :curobo                                  :Warp Devices: ['cpu', 'cuda:0']
2026-09-12T21:30:55.260 INFO    :curobo                                  :Initialized 2 costs for robot rollout
2026-09-12T21:30:55.260 INFO    :curobo                                  :Initialized 1 costs for robot rollout
2026-09-12T21:30:55.260 INFO    :curobo                                  :Initialized 1 costs for robot rollout
2026-09-12T21:30:55.264 DEBUG   :curobo                                  :Warp initialized - Version: 1.17.0
2026-09-12T21:30:55.264 DEBUG   :curobo                                  :Warp Devices: ['cpu', 'cuda:0']
2026-09-12T21:30:55.264 INFO    :curobo                                  :Initialized 2 costs for robot rollout
2026-09-12T21:30:55.265 DEBUG   :curobo                                  :Warp initialized - Version: 1.17.0
2026-09-12T21:30:55.265 DEBUG   :curobo                                  :Warp Devices: ['cpu', 'cuda:0']
2026-09-12T21:30:55.265 INFO    :curobo                                  :Initialized 2 costs for robot rollout
2026-09-12T21:30:55.265 INFO    :curobo                                  :Initialized 1 costs for robot rollout
2026-09-12T21:30:55.265 INFO    :curobo                                  :Initialized 1 costs for robot rollout
2026-09-12T21:30:55.265 INFO    :curobo                                  :LBFGS: history >= opt_dim, reducing history to opt_dim-1
2026-09-12T21:30:55.270 INFO    :curobo                                  :Updating state_seq buffer reference (created new tensor)
2026-09-12T21:30:55.271 INFO    :curobo                                  :Updating state_seq buffer reference (created new tensor)
2026-09-12T21:30:55.276 DEBUG   :curobo                                  :Warp initialized - Version: 1.17.0
2026-09-12T21:30:55.276 DEBUG   :curobo                                  :Warp Devices: ['cpu', 'cuda:0']
2026-09-12T21:30:55.279 INFO    :curobo                                  :Seed IK Solver initialized for robot with 6 DOF
2026-09-12T21:30:55.279 INFO    :curobo                                  :Controlled links: ['tcp']
2026-09-12T21:30:55.297 DEBUG   :curobo                                  :Warp initialized - Version: 1.17.0
2026-09-12T21:30:55.297 DEBUG   :curobo                                  :Warp Devices: ['cpu', 'cuda:0']
2026-09-12T21:30:55.297 INFO    :curobo                                  :Initialized 2 costs for robot rollout
2026-09-12T21:30:55.298 DEBUG   :curobo                                  :Warp initialized - Version: 1.17.0
2026-09-12T21:30:55.298 DEBUG   :curobo                                  :Warp Devices: ['cpu', 'cuda:0']
2026-09-12T21:30:55.298 INFO    :curobo                                  :Initialized 2 costs for robot rollout
2026-09-12T21:30:55.299 DEBUG   :curobo                                  :Warp initialized - Version: 1.17.0
2026-09-12T21:30:55.299 DEBUG   :curobo                                  :Warp Devices: ['cpu', 'cuda:0']
2026-09-12T21:30:55.299 DEBUG   :curobo                                  :Warp initialized - Version: 1.17.0
2026-09-12T21:30:55.299 DEBUG   :curobo                                  :Warp Devices: ['cpu', 'cuda:0']
2026-09-12T21:30:55.299 INFO    :curobo                                  :Initialized 3 costs for robot rollout
2026-09-12T21:30:55.303 DEBUG   :curobo                                  :Warp initialized - Version: 1.17.0
2026-09-12T21:30:55.303 DEBUG   :curobo                                  :Warp Devices: ['cpu', 'cuda:0']
2026-09-12T21:30:55.303 INFO    :curobo                                  :Initialized 2 costs for robot rollout
2026-09-12T21:30:55.303 DEBUG   :curobo                                  :Warp initialized - Version: 1.17.0
2026-09-12T21:30:55.304 DEBUG   :curobo                                  :Warp Devices: ['cpu', 'cuda:0']
2026-09-12T21:30:55.304 INFO    :curobo                                  :Initialized 2 costs for robot rollout
2026-09-12T21:30:55.304 DEBUG   :curobo                                  :Warp initialized - Version: 1.17.0
2026-09-12T21:30:55.304 DEBUG   :curobo                                  :Warp Devices: ['cpu', 'cuda:0']
2026-09-12T21:30:55.304 DEBUG   :curobo                                  :Warp initialized - Version: 1.17.0
2026-09-12T21:30:55.304 DEBUG   :curobo                                  :Warp Devices: ['cpu', 'cuda:0']
2026-09-12T21:30:55.304 INFO    :curobo                                  :Initialized 3 costs for robot rollout
2026-09-12T21:30:55.308 DEBUG   :curobo                                  :Warp initialized - Version: 1.17.0
2026-09-12T21:30:55.308 DEBUG   :curobo                                  :Warp Devices: ['cpu', 'cuda:0']
2026-09-12T21:30:55.308 INFO    :curobo                                  :Initialized 2 costs for robot rollout
2026-09-12T21:30:55.309 DEBUG   :curobo                                  :Warp initialized - Version: 1.17.0
2026-09-12T21:30:55.309 DEBUG   :curobo                                  :Warp Devices: ['cpu', 'cuda:0']
2026-09-12T21:30:55.309 INFO    :curobo                                  :Initialized 2 costs for robot rollout
2026-09-12T21:30:55.309 INFO    :curobo                                  :Initialized 1 costs for robot rollout
2026-09-12T21:30:55.309 INFO    :curobo                                  :Initialized 1 costs for robot rollout
2026-09-12T21:30:55.313 DEBUG   :curobo                                  :Warp initialized - Version: 1.17.0
2026-09-12T21:30:55.313 DEBUG   :curobo                                  :Warp Devices: ['cpu', 'cuda:0']
2026-09-12T21:30:55.313 INFO    :curobo                                  :Initialized 2 costs for robot rollout
2026-09-12T21:30:55.314 DEBUG   :curobo                                  :Warp initialized - Version: 1.17.0
2026-09-12T21:30:55.314 DEBUG   :curobo                                  :Warp Devices: ['cpu', 'cuda:0']
2026-09-12T21:30:55.314 INFO    :curobo                                  :Initialized 2 costs for robot rollout
2026-09-12T21:30:55.314 INFO    :curobo                                  :Initialized 1 costs for robot rollout
2026-09-12T21:30:55.315 INFO    :curobo                                  :Initialized 1 costs for robot rollout
2026-09-12T21:30:55.315 INFO    :curobo                                  :Updating state_seq buffer reference (created new tensor)
2026-09-12T21:30:55.317 INFO    :curobo                                  :Updating state_seq buffer reference (created new tensor)
2026-09-12T21:30:55.324 DEBUG   :curobo                                  :Warp initialized - Version: 1.17.0
2026-09-12T21:30:55.324 DEBUG   :curobo                                  :Warp Devices: ['cpu', 'cuda:0']
2026-09-12T21:30:55.324 INFO    :curobo                                  :Initialized 2 costs for robot rollout
2026-09-12T21:30:55.325 DEBUG   :curobo                                  :Warp initialized - Version: 1.17.0
2026-09-12T21:30:55.325 DEBUG   :curobo                                  :Warp Devices: ['cpu', 'cuda:0']
2026-09-12T21:30:55.325 INFO    :curobo                                  :Initialized 2 costs for robot rollout
2026-09-12T21:30:55.325 DEBUG   :curobo                                  :Warp initialized - Version: 1.17.0
2026-09-12T21:30:55.325 DEBUG   :curobo                                  :Warp Devices: ['cpu', 'cuda:0']
2026-09-12T21:30:55.326 DEBUG   :curobo                                  :Warp initialized - Version: 1.17.0
2026-09-12T21:30:55.326 DEBUG   :curobo                                  :Warp Devices: ['cpu', 'cuda:0']
2026-09-12T21:30:55.326 INFO    :curobo                                  :Initialized 3 costs for robot rollout
2026-09-12T21:30:55.329 DEBUG   :curobo                                  :Warp initialized - Version: 1.17.0
2026-09-12T21:30:55.329 DEBUG   :curobo                                  :Warp Devices: ['cpu', 'cuda:0']
2026-09-12T21:30:55.329 INFO    :curobo                                  :Initialized 2 costs for robot rollout
2026-09-12T21:30:55.330 DEBUG   :curobo                                  :Warp initialized - Version: 1.17.0
2026-09-12T21:30:55.330 DEBUG   :curobo                                  :Warp Devices: ['cpu', 'cuda:0']
2026-09-12T21:30:55.330 INFO    :curobo                                  :Initialized 2 costs for robot rollout
2026-09-12T21:30:55.330 DEBUG   :curobo                                  :Warp initialized - Version: 1.17.0
2026-09-12T21:30:55.330 DEBUG   :curobo                                  :Warp Devices: ['cpu', 'cuda:0']
2026-09-12T21:30:55.330 DEBUG   :curobo                                  :Warp initialized - Version: 1.17.0
2026-09-12T21:30:55.331 DEBUG   :curobo                                  :Warp Devices: ['cpu', 'cuda:0']
2026-09-12T21:30:55.331 INFO    :curobo                                  :Initialized 3 costs for robot rollout
2026-09-12T21:30:55.334 DEBUG   :curobo                                  :Warp initialized - Version: 1.17.0
2026-09-12T21:30:55.334 DEBUG   :curobo                                  :Warp Devices: ['cpu', 'cuda:0']
2026-09-12T21:30:55.334 INFO    :curobo                                  :Initialized 2 costs for robot rollout
2026-09-12T21:30:55.334 DEBUG   :curobo                                  :Warp initialized - Version: 1.17.0
2026-09-12T21:30:55.334 DEBUG   :curobo                                  :Warp Devices: ['cpu', 'cuda:0']
2026-09-12T21:30:55.334 INFO    :curobo                                  :Initialized 2 costs for robot rollout
2026-09-12T21:30:55.335 DEBUG   :curobo                                  :Warp initialized - Version: 1.17.0
2026-09-12T21:30:55.335 DEBUG   :curobo                                  :Warp Devices: ['cpu', 'cuda:0']
2026-09-12T21:30:55.335 DEBUG   :curobo                                  :Warp initialized - Version: 1.17.0
2026-09-12T21:30:55.335 DEBUG   :curobo                                  :Warp Devices: ['cpu', 'cuda:0']
2026-09-12T21:30:55.335 INFO    :curobo                                  :Initialized 3 costs for robot rollout
2026-09-12T21:30:55.402 INFO    :curobo                                  :CuRobo kernel backend: 'cuda_core'
2026-09-12T21:30:55.402 INFO    :curobo                                  :cuda.core backend initialized: sm_89
2026-09-12T21:30:55.402 INFO    :curobo                                  :Compiling kernel: curobo::kinematics::kinematics_forward_spheres_kernel<15, 32>
2026-09-12T21:30:55.552 INFO    :curobo                                  :Successfully compiled kernel: curobo::kinematics::kinematics_forward_spheres_kernel<15, 32>
2026-09-12T21:30:55.554 DEBUG   :curobo                                  :Cache hit: curobo::kinematics::kinematics_forward_spheres_kernel<15, 32>
2026-09-12T21:30:55.556 DEBUG   :curobo                                  :Cache hit: curobo::kinematics::kinematics_forward_spheres_kernel<15, 32>
2026-09-12T21:30:55.556 INFO    :curobo                                  :exploration_idx.shape != (num_problems, n_linesearch): torch.Size([1, 4]) != (4, 4)
2026-09-12T21:30:55.556 INFO    :curobo                                  :selected_idx.shape != (num_problems, n_linesearch): torch.Size([1, 4]) != (4, 4)
2026-09-12T21:30:55.556 INFO    :curobo                                  :exploration_idx.shape != (num_problems, n_linesearch): torch.Size([1, 4]) != (4, 4)
2026-09-12T21:30:55.556 INFO    :curobo                                  :selected_idx.shape != (num_problems, n_linesearch): torch.Size([1, 4]) != (4, 4)
2026-09-12T21:30:55.557 INFO    :curobo                                  :Updating state_seq buffer reference (created new tensor)
2026-09-12T21:30:55.557 INFO    :curobo                                  :Updating state_seq buffer reference (created new tensor)
2026-09-12T21:30:55.558 INFO    :curobo                                  :Updating state_seq buffer reference (created new tensor)
2026-09-12T21:30:55.558 INFO    :curobo                                  :Updating state_seq buffer reference (created new tensor)
2026-09-12T21:30:55.559 INFO    :curobo                                  :Compiling kernel: curobo::trajectory::bspline::interpolate_bspline_kernel<float, 3, (curobo::trajectory::bspline::BasisBackend)2>
2026-09-12T21:30:55.648 INFO    :curobo                                  :Successfully compiled kernel: curobo::trajectory::bspline::interpolate_bspline_kernel<float, 3, (curobo::trajectory::bspline::BasisBackend)2>
2026-09-12T21:30:55.648 DEBUG   :curobo                                  :Cache hit: curobo::kinematics::kinematics_forward_spheres_kernel<15, 32>
2026-09-12T21:30:55.684 DEBUG   :curobo                                  :Cache hit: curobo::trajectory::bspline::interpolate_bspline_kernel<float, 3, (curobo::trajectory::bspline::BasisBackend)2>
2026-09-12T21:30:55.685 DEBUG   :curobo                                  :Cache hit: curobo::kinematics::kinematics_forward_spheres_kernel<15, 32>
2026-09-12T21:30:55.858 INFO    :curobo                                  :Compiling kernel: curobo::kinematics::kinematics_backward_kernel<float, float, 16, true, false, false>
2026-09-12T21:30:55.985 INFO    :curobo                                  :Successfully compiled kernel: curobo::kinematics::kinematics_backward_kernel<float, float, 16, true, false, false>
2026-09-12T21:30:55.986 INFO    :curobo                                  :Compiling kernel: curobo::trajectory::bspline::bspline_backward_kernel<3, float, (curobo::trajectory::bspline::BasisBackend)2>
2026-09-12T21:30:56.056 INFO    :curobo                                  :Successfully compiled kernel: curobo::trajectory::bspline::bspline_backward_kernel<3, float, (curobo::trajectory::bspline::BasisBackend)2>
2026-09-12T21:30:56.057 INFO    :curobo                                  :Compiling kernel: curobo::optimization::line_search::kernel_line_search<float, 4>
2026-09-12T21:30:56.140 INFO    :curobo                                  :Successfully compiled kernel: curobo::optimization::line_search::kernel_line_search<float, 4>
2026-09-12T21:30:56.140 INFO    :curobo                                  :Running optimizer 1/1: LBFGSOpt
2026-09-12T21:30:56.141 INFO    :curobo                                  :Recording CUDA Graph for _opt_iters
2026-09-12T21:30:56.225 DEBUG   :curobo                                  :Cache hit: curobo::trajectory::bspline::interpolate_bspline_kernel<float, 3, (curobo::trajectory::bspline::BasisBackend)2>
2026-09-12T21:30:56.226 DEBUG   :curobo                                  :Cache hit: curobo::kinematics::kinematics_forward_spheres_kernel<15, 32>
2026-09-12T21:30:56.230 DEBUG   :curobo                                  :Cache hit: curobo::kinematics::kinematics_backward_kernel<float, float, 16, true, false, false>
2026-09-12T21:30:56.230 DEBUG   :curobo                                  :Cache hit: curobo::trajectory::bspline::bspline_backward_kernel<3, float, (curobo::trajectory::bspline::BasisBackend)2>
2026-09-12T21:30:56.231 DEBUG   :curobo                                  :Cache hit: curobo::optimization::line_search::kernel_line_search<float, 4>
2026-09-12T21:30:56.231 INFO    :curobo                                  :Compiling kernel: curobo::optimization::kernel_lbfgs_step_shared_memory<float, false, 27>
2026-09-12T21:30:56.385 INFO    :curobo                                  :Successfully compiled kernel: curobo::optimization::kernel_lbfgs_step_shared_memory<float, false, 27>
2026-09-12T21:30:56.386 DEBUG   :curobo                                  :Cache hit: curobo::trajectory::bspline::interpolate_bspline_kernel<float, 3, (curobo::trajectory::bspline::BasisBackend)2>
2026-09-12T21:30:56.386 DEBUG   :curobo                                  :Cache hit: curobo::kinematics::kinematics_forward_spheres_kernel<15, 32>
2026-09-12T21:30:56.388 DEBUG   :curobo                                  :Cache hit: curobo::kinematics::kinematics_backward_kernel<float, float, 16, true, false, false>
2026-09-12T21:30:56.388 DEBUG   :curobo                                  :Cache hit: curobo::trajectory::bspline::bspline_backward_kernel<3, float, (curobo::trajectory::bspline::BasisBackend)2>
2026-09-12T21:30:56.388 DEBUG   :curobo                                  :Cache hit: curobo::optimization::line_search::kernel_line_search<float, 4>
2026-09-12T21:30:56.388 DEBUG   :curobo                                  :Cache hit: curobo::optimization::kernel_lbfgs_step_shared_memory<float, false, 27>
2026-09-12T21:30:56.389 DEBUG   :curobo                                  :Cache hit: curobo::trajectory::bspline::interpolate_bspline_kernel<float, 3, (curobo::trajectory::bspline::BasisBackend)2>
2026-09-12T21:30:56.389 DEBUG   :curobo                                  :Cache hit: curobo::kinematics::kinematics_forward_spheres_kernel<15, 32>
2026-09-12T21:30:56.390 DEBUG   :curobo                                  :Cache hit: curobo::kinematics::kinematics_backward_kernel<float, float, 16, true, false, false>
2026-09-12T21:30:56.390 DEBUG   :curobo                                  :Cache hit: curobo::trajectory::bspline::bspline_backward_kernel<3, float, (curobo::trajectory::bspline::BasisBackend)2>
2026-09-12T21:30:56.390 DEBUG   :curobo                                  :Cache hit: curobo::optimization::line_search::kernel_line_search<float, 4>
2026-09-12T21:30:56.391 DEBUG   :curobo                                  :Cache hit: curobo::optimization::kernel_lbfgs_step_shared_memory<float, false, 27>
2026-09-12T21:30:56.391 DEBUG   :curobo                                  :Cache hit: curobo::trajectory::bspline::interpolate_bspline_kernel<float, 3, (curobo::trajectory::bspline::BasisBackend)2>
2026-09-12T21:30:56.391 DEBUG   :curobo                                  :Cache hit: curobo::kinematics::kinematics_forward_spheres_kernel<15, 32>
2026-09-12T21:30:56.392 DEBUG   :curobo                                  :Cache hit: curobo::kinematics::kinematics_backward_kernel<float, float, 16, true, false, false>
2026-09-12T21:30:56.392 DEBUG   :curobo                                  :Cache hit: curobo::trajectory::bspline::bspline_backward_kernel<3, float, (curobo::trajectory::bspline::BasisBackend)2>
2026-09-12T21:30:56.393 DEBUG   :curobo                                  :Cache hit: curobo::optimization::line_search::kernel_line_search<float, 4>
2026-09-12T21:30:56.393 DEBUG   :curobo                                  :Cache hit: curobo::optimization::kernel_lbfgs_step_shared_memory<float, false, 27>
2026-09-12T21:30:56.394 DEBUG   :curobo                                  :Cache hit: curobo::trajectory::bspline::interpolate_bspline_kernel<float, 3, (curobo::trajectory::bspline::BasisBackend)2>
2026-09-12T21:30:56.394 DEBUG   :curobo                                  :Cache hit: curobo::kinematics::kinematics_forward_spheres_kernel<15, 32>
2026-09-12T21:30:56.395 DEBUG   :curobo                                  :Cache hit: curobo::kinematics::kinematics_backward_kernel<float, float, 16, true, false, false>
2026-09-12T21:30:56.396 DEBUG   :curobo                                  :Cache hit: curobo::trajectory::bspline::bspline_backward_kernel<3, float, (curobo::trajectory::bspline::BasisBackend)2>
2026-09-12T21:30:56.396 DEBUG   :curobo                                  :Cache hit: curobo::optimization::line_search::kernel_line_search<float, 4>
2026-09-12T21:30:56.396 DEBUG   :curobo                                  :Cache hit: curobo::optimization::kernel_lbfgs_step_shared_memory<float, false, 27>
2026-09-12T21:30:56.397 DEBUG   :curobo                                  :Cache hit: curobo::trajectory::bspline::interpolate_bspline_kernel<float, 3, (curobo::trajectory::bspline::BasisBackend)2>
2026-09-12T21:30:56.397 DEBUG   :curobo                                  :Cache hit: curobo::kinematics::kinematics_forward_spheres_kernel<15, 32>
2026-09-12T21:30:56.399 DEBUG   :curobo                                  :Cache hit: curobo::kinematics::kinematics_backward_kernel<float, float, 16, true, false, false>
2026-09-12T21:30:56.399 DEBUG   :curobo                                  :Cache hit: curobo::trajectory::bspline::bspline_backward_kernel<3, float, (curobo::trajectory::bspline::BasisBackend)2>
2026-09-12T21:30:56.399 DEBUG   :curobo                                  :Cache hit: curobo::optimization::line_search::kernel_line_search<float, 4>
2026-09-12T21:30:56.400 DEBUG   :curobo                                  :Cache hit: curobo::optimization::kernel_lbfgs_step_shared_memory<float, false, 27>
2026-09-12T21:30:56.400 DEBUG   :curobo                                  :Cache hit: curobo::trajectory::bspline::interpolate_bspline_kernel<float, 3, (curobo::trajectory::bspline::BasisBackend)2>
2026-09-12T21:30:56.400 DEBUG   :curobo                                  :Cache hit: curobo::kinematics::kinematics_forward_spheres_kernel<15, 32>
2026-09-12T21:30:56.402 DEBUG   :curobo                                  :Cache hit: curobo::kinematics::kinematics_backward_kernel<float, float, 16, true, false, false>
2026-09-12T21:30:56.402 DEBUG   :curobo                                  :Cache hit: curobo::trajectory::bspline::bspline_backward_kernel<3, float, (curobo::trajectory::bspline::BasisBackend)2>
2026-09-12T21:30:56.402 DEBUG   :curobo                                  :Cache hit: curobo::optimization::line_search::kernel_line_search<float, 4>
2026-09-12T21:30:56.403 DEBUG   :curobo                                  :Cache hit: curobo::optimization::kernel_lbfgs_step_shared_memory<float, false, 27>
2026-09-12T21:30:56.403 DEBUG   :curobo                                  :Cache hit: curobo::trajectory::bspline::interpolate_bspline_kernel<float, 3, (curobo::trajectory::bspline::BasisBackend)2>
2026-09-12T21:30:56.403 DEBUG   :curobo                                  :Cache hit: curobo::kinematics::kinematics_forward_spheres_kernel<15, 32>
2026-09-12T21:30:56.404 DEBUG   :curobo                                  :Cache hit: curobo::kinematics::kinematics_backward_kernel<float, float, 16, true, false, false>
2026-09-12T21:30:56.405 DEBUG   :curobo                                  :Cache hit: curobo::trajectory::bspline::bspline_backward_kernel<3, float, (curobo::trajectory::bspline::BasisBackend)2>
2026-09-12T21:30:56.405 DEBUG   :curobo                                  :Cache hit: curobo::optimization::line_search::kernel_line_search<float, 4>
2026-09-12T21:30:56.405 DEBUG   :curobo                                  :Cache hit: curobo::optimization::kernel_lbfgs_step_shared_memory<float, false, 27>
2026-09-12T21:30:56.405 DEBUG   :curobo                                  :Cache hit: curobo::trajectory::bspline::interpolate_bspline_kernel<float, 3, (curobo::trajectory::bspline::BasisBackend)2>
2026-09-12T21:30:56.406 DEBUG   :curobo                                  :Cache hit: curobo::kinematics::kinematics_forward_spheres_kernel<15, 32>
2026-09-12T21:30:56.407 DEBUG   :curobo                                  :Cache hit: curobo::kinematics::kinematics_backward_kernel<float, float, 16, true, false, false>
2026-09-12T21:30:56.407 DEBUG   :curobo                                  :Cache hit: curobo::trajectory::bspline::bspline_backward_kernel<3, float, (curobo::trajectory::bspline::BasisBackend)2>
2026-09-12T21:30:56.407 DEBUG   :curobo                                  :Cache hit: curobo::optimization::line_search::kernel_line_search<float, 4>
2026-09-12T21:30:56.407 DEBUG   :curobo                                  :Cache hit: curobo::optimization::kernel_lbfgs_step_shared_memory<float, false, 27>
2026-09-12T21:30:56.408 DEBUG   :curobo                                  :Cache hit: curobo::trajectory::bspline::interpolate_bspline_kernel<float, 3, (curobo::trajectory::bspline::BasisBackend)2>
2026-09-12T21:30:56.408 DEBUG   :curobo                                  :Cache hit: curobo::kinematics::kinematics_forward_spheres_kernel<15, 32>
2026-09-12T21:30:56.409 DEBUG   :curobo                                  :Cache hit: curobo::kinematics::kinematics_backward_kernel<float, float, 16, true, false, false>
2026-09-12T21:30:56.409 DEBUG   :curobo                                  :Cache hit: curobo::trajectory::bspline::bspline_backward_kernel<3, float, (curobo::trajectory::bspline::BasisBackend)2>
2026-09-12T21:30:56.409 DEBUG   :curobo                                  :Cache hit: curobo::optimization::line_search::kernel_line_search<float, 4>
2026-09-12T21:30:56.410 DEBUG   :curobo                                  :Cache hit: curobo::optimization::kernel_lbfgs_step_shared_memory<float, false, 27>
2026-09-12T21:30:56.410 DEBUG   :curobo                                  :Cache hit: curobo::trajectory::bspline::interpolate_bspline_kernel<float, 3, (curobo::trajectory::bspline::BasisBackend)2>
2026-09-12T21:30:56.410 DEBUG   :curobo                                  :Cache hit: curobo::kinematics::kinematics_forward_spheres_kernel<15, 32>
2026-09-12T21:30:56.411 DEBUG   :curobo                                  :Cache hit: curobo::kinematics::kinematics_backward_kernel<float, float, 16, true, false, false>
2026-09-12T21:30:56.411 DEBUG   :curobo                                  :Cache hit: curobo::trajectory::bspline::bspline_backward_kernel<3, float, (curobo::trajectory::bspline::BasisBackend)2>
2026-09-12T21:30:56.412 DEBUG   :curobo                                  :Cache hit: curobo::optimization::line_search::kernel_line_search<float, 4>
2026-09-12T21:30:56.412 DEBUG   :curobo                                  :Cache hit: curobo::optimization::kernel_lbfgs_step_shared_memory<float, false, 27>
2026-09-12T21:30:56.412 DEBUG   :curobo                                  :Cache hit: curobo::trajectory::bspline::interpolate_bspline_kernel<float, 3, (curobo::trajectory::bspline::BasisBackend)2>
2026-09-12T21:30:56.413 DEBUG   :curobo                                  :Cache hit: curobo::kinematics::kinematics_forward_spheres_kernel<15, 32>
2026-09-12T21:30:56.414 DEBUG   :curobo                                  :Cache hit: curobo::kinematics::kinematics_backward_kernel<float, float, 16, true, false, false>
2026-09-12T21:30:56.414 DEBUG   :curobo                                  :Cache hit: curobo::trajectory::bspline::bspline_backward_kernel<3, float, (curobo::trajectory::bspline::BasisBackend)2>
2026-09-12T21:30:56.414 DEBUG   :curobo                                  :Cache hit: curobo::optimization::line_search::kernel_line_search<float, 4>
2026-09-12T21:30:56.414 DEBUG   :curobo                                  :Cache hit: curobo::optimization::kernel_lbfgs_step_shared_memory<float, false, 27>
2026-09-12T21:30:56.414 DEBUG   :curobo                                  :Cache hit: curobo::trajectory::bspline::interpolate_bspline_kernel<float, 3, (curobo::trajectory::bspline::BasisBackend)2>
2026-09-12T21:30:56.415 DEBUG   :curobo                                  :Cache hit: curobo::kinematics::kinematics_forward_spheres_kernel<15, 32>
2026-09-12T21:30:56.416 DEBUG   :curobo                                  :Cache hit: curobo::kinematics::kinematics_backward_kernel<float, float, 16, true, false, false>
2026-09-12T21:30:56.417 DEBUG   :curobo                                  :Cache hit: curobo::trajectory::bspline::bspline_backward_kernel<3, float, (curobo::trajectory::bspline::BasisBackend)2>
2026-09-12T21:30:56.417 DEBUG   :curobo                                  :Cache hit: curobo::optimization::line_search::kernel_line_search<float, 4>
2026-09-12T21:30:56.417 DEBUG   :curobo                                  :Cache hit: curobo::optimization::kernel_lbfgs_step_shared_memory<float, false, 27>
2026-09-12T21:30:56.418 DEBUG   :curobo                                  :Cache hit: curobo::trajectory::bspline::interpolate_bspline_kernel<float, 3, (curobo::trajectory::bspline::BasisBackend)2>
2026-09-12T21:30:56.418 DEBUG   :curobo                                  :Cache hit: curobo::kinematics::kinematics_forward_spheres_kernel<15, 32>
2026-09-12T21:30:56.420 DEBUG   :curobo                                  :Cache hit: curobo::kinematics::kinematics_backward_kernel<float, float, 16, true, false, false>
2026-09-12T21:30:56.420 DEBUG   :curobo                                  :Cache hit: curobo::trajectory::bspline::bspline_backward_kernel<3, float, (curobo::trajectory::bspline::BasisBackend)2>
2026-09-12T21:30:56.421 DEBUG   :curobo                                  :Cache hit: curobo::optimization::line_search::kernel_line_search<float, 4>
2026-09-12T21:30:56.422 DEBUG   :curobo                                  :Cache hit: curobo::optimization::kernel_lbfgs_step_shared_memory<float, false, 27>
2026-09-12T21:30:56.423 DEBUG   :curobo                                  :Cache hit: curobo::trajectory::bspline::interpolate_bspline_kernel<float, 3, (curobo::trajectory::bspline::BasisBackend)2>
2026-09-12T21:30:56.423 DEBUG   :curobo                                  :Cache hit: curobo::kinematics::kinematics_forward_spheres_kernel<15, 32>
2026-09-12T21:30:56.425 DEBUG   :curobo                                  :Cache hit: curobo::kinematics::kinematics_backward_kernel<float, float, 16, true, false, false>
2026-09-12T21:30:56.425 DEBUG   :curobo                                  :Cache hit: curobo::trajectory::bspline::bspline_backward_kernel<3, float, (curobo::trajectory::bspline::BasisBackend)2>
2026-09-12T21:30:56.426 DEBUG   :curobo                                  :Cache hit: curobo::optimization::line_search::kernel_line_search<float, 4>
2026-09-12T21:30:56.426 DEBUG   :curobo                                  :Cache hit: curobo::optimization::kernel_lbfgs_step_shared_memory<float, false, 27>
2026-09-12T21:30:56.427 DEBUG   :curobo                                  :Cache hit: curobo::trajectory::bspline::interpolate_bspline_kernel<float, 3, (curobo::trajectory::bspline::BasisBackend)2>
2026-09-12T21:30:56.427 DEBUG   :curobo                                  :Cache hit: curobo::kinematics::kinematics_forward_spheres_kernel<15, 32>
2026-09-12T21:30:56.429 DEBUG   :curobo                                  :Cache hit: curobo::kinematics::kinematics_backward_kernel<float, float, 16, true, false, false>
2026-09-12T21:30:56.429 DEBUG   :curobo                                  :Cache hit: curobo::trajectory::bspline::bspline_backward_kernel<3, float, (curobo::trajectory::bspline::BasisBackend)2>
2026-09-12T21:30:56.430 DEBUG   :curobo                                  :Cache hit: curobo::optimization::line_search::kernel_line_search<float, 4>
2026-09-12T21:30:56.431 DEBUG   :curobo                                  :Cache hit: curobo::optimization::kernel_lbfgs_step_shared_memory<float, false, 27>
2026-09-12T21:30:56.431 DEBUG   :curobo                                  :Cache hit: curobo::trajectory::bspline::interpolate_bspline_kernel<float, 3, (curobo::trajectory::bspline::BasisBackend)2>
2026-09-12T21:30:56.432 DEBUG   :curobo                                  :Cache hit: curobo::kinematics::kinematics_forward_spheres_kernel<15, 32>
2026-09-12T21:30:56.433 DEBUG   :curobo                                  :Cache hit: curobo::kinematics::kinematics_backward_kernel<float, float, 16, true, false, false>
2026-09-12T21:30:56.433 DEBUG   :curobo                                  :Cache hit: curobo::trajectory::bspline::bspline_backward_kernel<3, float, (curobo::trajectory::bspline::BasisBackend)2>
2026-09-12T21:30:56.434 DEBUG   :curobo                                  :Cache hit: curobo::optimization::line_search::kernel_line_search<float, 4>
2026-09-12T21:30:56.434 DEBUG   :curobo                                  :Cache hit: curobo::optimization::kernel_lbfgs_step_shared_memory<float, false, 27>
2026-09-12T21:30:56.435 DEBUG   :curobo                                  :Cache hit: curobo::trajectory::bspline::interpolate_bspline_kernel<float, 3, (curobo::trajectory::bspline::BasisBackend)2>
2026-09-12T21:30:56.435 DEBUG   :curobo                                  :Cache hit: curobo::kinematics::kinematics_forward_spheres_kernel<15, 32>
2026-09-12T21:30:56.436 DEBUG   :curobo                                  :Cache hit: curobo::kinematics::kinematics_backward_kernel<float, float, 16, true, false, false>
2026-09-12T21:30:56.436 DEBUG   :curobo                                  :Cache hit: curobo::trajectory::bspline::bspline_backward_kernel<3, float, (curobo::trajectory::bspline::BasisBackend)2>
2026-09-12T21:30:56.437 DEBUG   :curobo                                  :Cache hit: curobo::optimization::line_search::kernel_line_search<float, 4>
2026-09-12T21:30:56.437 DEBUG   :curobo                                  :Cache hit: curobo::optimization::kernel_lbfgs_step_shared_memory<float, false, 27>
2026-09-12T21:30:56.438 DEBUG   :curobo                                  :Cache hit: curobo::trajectory::bspline::interpolate_bspline_kernel<float, 3, (curobo::trajectory::bspline::BasisBackend)2>
2026-09-12T21:30:56.439 DEBUG   :curobo                                  :Cache hit: curobo::kinematics::kinematics_forward_spheres_kernel<15, 32>
2026-09-12T21:30:56.440 DEBUG   :curobo                                  :Cache hit: curobo::kinematics::kinematics_backward_kernel<float, float, 16, true, false, false>
2026-09-12T21:30:56.441 DEBUG   :curobo                                  :Cache hit: curobo::trajectory::bspline::bspline_backward_kernel<3, float, (curobo::trajectory::bspline::BasisBackend)2>
2026-09-12T21:30:56.441 DEBUG   :curobo                                  :Cache hit: curobo::optimization::line_search::kernel_line_search<float, 4>
2026-09-12T21:30:56.441 DEBUG   :curobo                                  :Cache hit: curobo::optimization::kernel_lbfgs_step_shared_memory<float, false, 27>
2026-09-12T21:30:56.442 DEBUG   :curobo                                  :Cache hit: curobo::trajectory::bspline::interpolate_bspline_kernel<float, 3, (curobo::trajectory::bspline::BasisBackend)2>
2026-09-12T21:30:56.442 DEBUG   :curobo                                  :Cache hit: curobo::kinematics::kinematics_forward_spheres_kernel<15, 32>
2026-09-12T21:30:56.445 DEBUG   :curobo                                  :Cache hit: curobo::kinematics::kinematics_backward_kernel<float, float, 16, true, false, false>
2026-09-12T21:30:56.445 DEBUG   :curobo                                  :Cache hit: curobo::trajectory::bspline::bspline_backward_kernel<3, float, (curobo::trajectory::bspline::BasisBackend)2>
2026-09-12T21:30:56.445 DEBUG   :curobo                                  :Cache hit: curobo::optimization::line_search::kernel_line_search<float, 4>
2026-09-12T21:30:56.445 DEBUG   :curobo                                  :Cache hit: curobo::optimization::kernel_lbfgs_step_shared_memory<float, false, 27>
2026-09-12T21:30:56.446 DEBUG   :curobo                                  :Cache hit: curobo::trajectory::bspline::interpolate_bspline_kernel<float, 3, (curobo::trajectory::bspline::BasisBackend)2>
2026-09-12T21:30:56.446 DEBUG   :curobo                                  :Cache hit: curobo::kinematics::kinematics_forward_spheres_kernel<15, 32>
2026-09-12T21:30:56.447 DEBUG   :curobo                                  :Cache hit: curobo::kinematics::kinematics_backward_kernel<float, float, 16, true, false, false>
2026-09-12T21:30:56.448 DEBUG   :curobo                                  :Cache hit: curobo::trajectory::bspline::bspline_backward_kernel<3, float, (curobo::trajectory::bspline::BasisBackend)2>
2026-09-12T21:30:56.448 DEBUG   :curobo                                  :Cache hit: curobo::optimization::line_search::kernel_line_search<float, 4>
2026-09-12T21:30:56.448 DEBUG   :curobo                                  :Cache hit: curobo::optimization::kernel_lbfgs_step_shared_memory<float, false, 27>
2026-09-12T21:30:56.449 DEBUG   :curobo                                  :Cache hit: curobo::trajectory::bspline::interpolate_bspline_kernel<float, 3, (curobo::trajectory::bspline::BasisBackend)2>
2026-09-12T21:30:56.449 DEBUG   :curobo                                  :Cache hit: curobo::kinematics::kinematics_forward_spheres_kernel<15, 32>
2026-09-12T21:30:56.451 DEBUG   :curobo                                  :Cache hit: curobo::kinematics::kinematics_backward_kernel<float, float, 16, true, false, false>
2026-09-12T21:30:56.451 DEBUG   :curobo                                  :Cache hit: curobo::trajectory::bspline::bspline_backward_kernel<3, float, (curobo::trajectory::bspline::BasisBackend)2>
2026-09-12T21:30:56.452 DEBUG   :curobo                                  :Cache hit: curobo::optimization::line_search::kernel_line_search<float, 4>
2026-09-12T21:30:56.452 DEBUG   :curobo                                  :Cache hit: curobo::optimization::kernel_lbfgs_step_shared_memory<float, false, 27>
2026-09-12T21:30:56.452 DEBUG   :curobo                                  :Cache hit: curobo::trajectory::bspline::interpolate_bspline_kernel<float, 3, (curobo::trajectory::bspline::BasisBackend)2>
2026-09-12T21:30:56.453 DEBUG   :curobo                                  :Cache hit: curobo::kinematics::kinematics_forward_spheres_kernel<15, 32>
2026-09-12T21:30:56.454 DEBUG   :curobo                                  :Cache hit: curobo::kinematics::kinematics_backward_kernel<float, float, 16, true, false, false>
2026-09-12T21:30:56.454 DEBUG   :curobo                                  :Cache hit: curobo::trajectory::bspline::bspline_backward_kernel<3, float, (curobo::trajectory::bspline::BasisBackend)2>
2026-09-12T21:30:56.454 DEBUG   :curobo                                  :Cache hit: curobo::optimization::line_search::kernel_line_search<float, 4>
2026-09-12T21:30:56.455 DEBUG   :curobo                                  :Cache hit: curobo::optimization::kernel_lbfgs_step_shared_memory<float, false, 27>
2026-09-12T21:30:56.455 DEBUG   :curobo                                  :Cache hit: curobo::trajectory::bspline::interpolate_bspline_kernel<float, 3, (curobo::trajectory::bspline::BasisBackend)2>
2026-09-12T21:30:56.455 DEBUG   :curobo                                  :Cache hit: curobo::kinematics::kinematics_forward_spheres_kernel<15, 32>
2026-09-12T21:30:56.456 DEBUG   :curobo                                  :Cache hit: curobo::kinematics::kinematics_backward_kernel<float, float, 16, true, false, false>
2026-09-12T21:30:56.457 DEBUG   :curobo                                  :Cache hit: curobo::trajectory::bspline::bspline_backward_kernel<3, float, (curobo::trajectory::bspline::BasisBackend)2>
2026-09-12T21:30:56.457 DEBUG   :curobo                                  :Cache hit: curobo::optimization::line_search::kernel_line_search<float, 4>
2026-09-12T21:30:56.457 DEBUG   :curobo                                  :Cache hit: curobo::optimization::kernel_lbfgs_step_shared_memory<float, false, 27>
2026-09-12T21:30:56.457 DEBUG   :curobo                                  :Cache hit: curobo::trajectory::bspline::interpolate_bspline_kernel<float, 3, (curobo::trajectory::bspline::BasisBackend)2>
2026-09-12T21:30:56.458 DEBUG   :curobo                                  :Cache hit: curobo::kinematics::kinematics_forward_spheres_kernel<15, 32>
2026-09-12T21:30:56.459 DEBUG   :curobo                                  :Cache hit: curobo::kinematics::kinematics_backward_kernel<float, float, 16, true, false, false>
2026-09-12T21:30:56.459 DEBUG   :curobo                                  :Cache hit: curobo::trajectory::bspline::bspline_backward_kernel<3, float, (curobo::trajectory::bspline::BasisBackend)2>
2026-09-12T21:30:56.459 DEBUG   :curobo                                  :Cache hit: curobo::optimization::line_search::kernel_line_search<float, 4>
2026-09-12T21:30:56.459 DEBUG   :curobo                                  :Cache hit: curobo::optimization::kernel_lbfgs_step_shared_memory<float, false, 27>
2026-09-12T21:30:56.460 DEBUG   :curobo                                  :Cache hit: curobo::trajectory::bspline::interpolate_bspline_kernel<float, 3, (curobo::trajectory::bspline::BasisBackend)2>
2026-09-12T21:30:56.460 DEBUG   :curobo                                  :Cache hit: curobo::kinematics::kinematics_forward_spheres_kernel<15, 32>
2026-09-12T21:30:56.461 DEBUG   :curobo                                  :Cache hit: curobo::kinematics::kinematics_backward_kernel<float, float, 16, true, false, false>
2026-09-12T21:30:56.461 DEBUG   :curobo                                  :Cache hit: curobo::trajectory::bspline::bspline_backward_kernel<3, float, (curobo::trajectory::bspline::BasisBackend)2>
2026-09-12T21:30:56.461 DEBUG   :curobo                                  :Cache hit: curobo::optimization::line_search::kernel_line_search<float, 4>
2026-09-12T21:30:56.461 DEBUG   :curobo                                  :Cache hit: curobo::optimization::kernel_lbfgs_step_shared_memory<float, false, 27>
2026-09-12T21:30:56.462 DEBUG   :curobo                                  :Cache hit: curobo::trajectory::bspline::interpolate_bspline_kernel<float, 3, (curobo::trajectory::bspline::BasisBackend)2>
2026-09-12T21:30:56.462 DEBUG   :curobo                                  :Cache hit: curobo::kinematics::kinematics_forward_spheres_kernel<15, 32>
2026-09-12T21:30:56.463 DEBUG   :curobo                                  :Cache hit: curobo::kinematics::kinematics_backward_kernel<float, float, 16, true, false, false>
2026-09-12T21:30:56.463 DEBUG   :curobo                                  :Cache hit: curobo::trajectory::bspline::bspline_backward_kernel<3, float, (curobo::trajectory::bspline::BasisBackend)2>
2026-09-12T21:30:56.463 DEBUG   :curobo                                  :Cache hit: curobo::optimization::line_search::kernel_line_search<float, 4>
2026-09-12T21:30:56.464 DEBUG   :curobo                                  :Cache hit: curobo::optimization::kernel_lbfgs_step_shared_memory<float, false, 27>
2026-09-12T21:30:56.464 DEBUG   :curobo                                  :Cache hit: curobo::trajectory::bspline::interpolate_bspline_kernel<float, 3, (curobo::trajectory::bspline::BasisBackend)2>
2026-09-12T21:30:56.464 DEBUG   :curobo                                  :Cache hit: curobo::kinematics::kinematics_forward_spheres_kernel<15, 32>
2026-09-12T21:30:56.465 DEBUG   :curobo                                  :Cache hit: curobo::kinematics::kinematics_backward_kernel<float, float, 16, true, false, false>
2026-09-12T21:30:56.465 DEBUG   :curobo                                  :Cache hit: curobo::trajectory::bspline::bspline_backward_kernel<3, float, (curobo::trajectory::bspline::BasisBackend)2>
2026-09-12T21:30:56.466 DEBUG   :curobo                                  :Cache hit: curobo::optimization::line_search::kernel_line_search<float, 4>
2026-09-12T21:30:56.466 DEBUG   :curobo                                  :Cache hit: curobo::optimization::kernel_lbfgs_step_shared_memory<float, false, 27>
2026-09-12T21:30:56.466 DEBUG   :curobo                                  :Cache hit: curobo::trajectory::bspline::interpolate_bspline_kernel<float, 3, (curobo::trajectory::bspline::BasisBackend)2>
2026-09-12T21:30:56.466 DEBUG   :curobo                                  :Cache hit: curobo::kinematics::kinematics_forward_spheres_kernel<15, 32>
2026-09-12T21:30:56.467 DEBUG   :curobo                                  :Cache hit: curobo::kinematics::kinematics_backward_kernel<float, float, 16, true, false, false>
2026-09-12T21:30:56.468 DEBUG   :curobo                                  :Cache hit: curobo::trajectory::bspline::bspline_backward_kernel<3, float, (curobo::trajectory::bspline::BasisBackend)2>
2026-09-12T21:30:56.468 DEBUG   :curobo                                  :Cache hit: curobo::optimization::line_search::kernel_line_search<float, 4>
2026-09-12T21:30:56.468 DEBUG   :curobo                                  :Cache hit: curobo::optimization::kernel_lbfgs_step_shared_memory<float, false, 27>
2026-09-12T21:30:56.469 DEBUG   :curobo                                  :Cache hit: curobo::trajectory::bspline::interpolate_bspline_kernel<float, 3, (curobo::trajectory::bspline::BasisBackend)2>
2026-09-12T21:30:56.469 DEBUG   :curobo                                  :Cache hit: curobo::kinematics::kinematics_forward_spheres_kernel<15, 32>
2026-09-12T21:30:56.470 DEBUG   :curobo                                  :Cache hit: curobo::kinematics::kinematics_backward_kernel<float, float, 16, true, false, false>
2026-09-12T21:30:56.470 DEBUG   :curobo                                  :Cache hit: curobo::trajectory::bspline::bspline_backward_kernel<3, float, (curobo::trajectory::bspline::BasisBackend)2>
2026-09-12T21:30:56.470 DEBUG   :curobo                                  :Cache hit: curobo::optimization::line_search::kernel_line_search<float, 4>
2026-09-12T21:30:56.471 DEBUG   :curobo                                  :Cache hit: curobo::optimization::kernel_lbfgs_step_shared_memory<float, false, 27>
2026-09-12T21:30:56.471 DEBUG   :curobo                                  :Cache hit: curobo::trajectory::bspline::interpolate_bspline_kernel<float, 3, (curobo::trajectory::bspline::BasisBackend)2>
2026-09-12T21:30:56.471 DEBUG   :curobo                                  :Cache hit: curobo::kinematics::kinematics_forward_spheres_kernel<15, 32>
2026-09-12T21:30:56.472 DEBUG   :curobo                                  :Cache hit: curobo::kinematics::kinematics_backward_kernel<float, float, 16, true, false, false>
2026-09-12T21:30:56.473 DEBUG   :curobo                                  :Cache hit: curobo::trajectory::bspline::bspline_backward_kernel<3, float, (curobo::trajectory::bspline::BasisBackend)2>
2026-09-12T21:30:56.473 DEBUG   :curobo                                  :Cache hit: curobo::optimization::line_search::kernel_line_search<float, 4>
2026-09-12T21:30:56.473 DEBUG   :curobo                                  :Cache hit: curobo::optimization::kernel_lbfgs_step_shared_memory<float, false, 27>
2026-09-12T21:30:56.474 DEBUG   :curobo                                  :Cache hit: curobo::trajectory::bspline::interpolate_bspline_kernel<float, 3, (curobo::trajectory::bspline::BasisBackend)2>
2026-09-12T21:30:56.474 DEBUG   :curobo                                  :Cache hit: curobo::kinematics::kinematics_forward_spheres_kernel<15, 32>
2026-09-12T21:30:56.475 DEBUG   :curobo                                  :Cache hit: curobo::kinematics::kinematics_backward_kernel<float, float, 16, true, false, false>
2026-09-12T21:30:56.475 DEBUG   :curobo                                  :Cache hit: curobo::trajectory::bspline::bspline_backward_kernel<3, float, (curobo::trajectory::bspline::BasisBackend)2>
2026-09-12T21:30:56.476 DEBUG   :curobo                                  :Cache hit: curobo::optimization::line_search::kernel_line_search<float, 4>
2026-09-12T21:30:56.476 DEBUG   :curobo                                  :Cache hit: curobo::optimization::kernel_lbfgs_step_shared_memory<float, false, 27>
2026-09-12T21:30:56.476 DEBUG   :curobo                                  :Cache hit: curobo::trajectory::bspline::interpolate_bspline_kernel<float, 3, (curobo::trajectory::bspline::BasisBackend)2>
2026-09-12T21:30:56.476 DEBUG   :curobo                                  :Cache hit: curobo::kinematics::kinematics_forward_spheres_kernel<15, 32>
2026-09-12T21:30:56.477 DEBUG   :curobo                                  :Cache hit: curobo::kinematics::kinematics_backward_kernel<float, float, 16, true, false, false>
2026-09-12T21:30:56.478 DEBUG   :curobo                                  :Cache hit: curobo::trajectory::bspline::bspline_backward_kernel<3, float, (curobo::trajectory::bspline::BasisBackend)2>
2026-09-12T21:30:56.478 DEBUG   :curobo                                  :Cache hit: curobo::optimization::line_search::kernel_line_search<float, 4>
2026-09-12T21:30:56.478 DEBUG   :curobo                                  :Cache hit: curobo::optimization::kernel_lbfgs_step_shared_memory<float, false, 27>
2026-09-12T21:30:56.479 DEBUG   :curobo                                  :Cache hit: curobo::trajectory::bspline::interpolate_bspline_kernel<float, 3, (curobo::trajectory::bspline::BasisBackend)2>
2026-09-12T21:30:56.479 DEBUG   :curobo                                  :Cache hit: curobo::kinematics::kinematics_forward_spheres_kernel<15, 32>
2026-09-12T21:30:56.480 DEBUG   :curobo                                  :Cache hit: curobo::kinematics::kinematics_backward_kernel<float, float, 16, true, false, false>
2026-09-12T21:30:56.480 DEBUG   :curobo                                  :Cache hit: curobo::trajectory::bspline::bspline_backward_kernel<3, float, (curobo::trajectory::bspline::BasisBackend)2>
2026-09-12T21:30:56.480 DEBUG   :curobo                                  :Cache hit: curobo::optimization::line_search::kernel_line_search<float, 4>
2026-09-12T21:30:56.481 DEBUG   :curobo                                  :Cache hit: curobo::optimization::kernel_lbfgs_step_shared_memory<float, false, 27>
2026-09-12T21:30:56.481 DEBUG   :curobo                                  :Cache hit: curobo::trajectory::bspline::interpolate_bspline_kernel<float, 3, (curobo::trajectory::bspline::BasisBackend)2>
2026-09-12T21:30:56.481 DEBUG   :curobo                                  :Cache hit: curobo::kinematics::kinematics_forward_spheres_kernel<15, 32>
2026-09-12T21:30:56.482 DEBUG   :curobo                                  :Cache hit: curobo::kinematics::kinematics_backward_kernel<float, float, 16, true, false, false>
2026-09-12T21:30:56.483 DEBUG   :curobo                                  :Cache hit: curobo::trajectory::bspline::bspline_backward_kernel<3, float, (curobo::trajectory::bspline::BasisBackend)2>
2026-09-12T21:30:56.483 DEBUG   :curobo                                  :Cache hit: curobo::optimization::line_search::kernel_line_search<float, 4>
2026-09-12T21:30:56.483 DEBUG   :curobo                                  :Cache hit: curobo::optimization::kernel_lbfgs_step_shared_memory<float, false, 27>
2026-09-12T21:30:56.484 DEBUG   :curobo                                  :Cache hit: curobo::trajectory::bspline::interpolate_bspline_kernel<float, 3, (curobo::trajectory::bspline::BasisBackend)2>
2026-09-12T21:30:56.484 DEBUG   :curobo                                  :Cache hit: curobo::kinematics::kinematics_forward_spheres_kernel<15, 32>
2026-09-12T21:30:56.485 DEBUG   :curobo                                  :Cache hit: curobo::kinematics::kinematics_backward_kernel<float, float, 16, true, false, false>
2026-09-12T21:30:56.485 DEBUG   :curobo                                  :Cache hit: curobo::trajectory::bspline::bspline_backward_kernel<3, float, (curobo::trajectory::bspline::BasisBackend)2>
2026-09-12T21:30:56.485 DEBUG   :curobo                                  :Cache hit: curobo::optimization::line_search::kernel_line_search<float, 4>
2026-09-12T21:30:56.486 DEBUG   :curobo                                  :Cache hit: curobo::optimization::kernel_lbfgs_step_shared_memory<float, false, 27>
2026-09-12T21:30:56.486 DEBUG   :curobo                                  :Cache hit: curobo::trajectory::bspline::interpolate_bspline_kernel<float, 3, (curobo::trajectory::bspline::BasisBackend)2>
2026-09-12T21:30:56.486 DEBUG   :curobo                                  :Cache hit: curobo::kinematics::kinematics_forward_spheres_kernel<15, 32>
2026-09-12T21:30:56.488 DEBUG   :curobo                                  :Cache hit: curobo::kinematics::kinematics_backward_kernel<float, float, 16, true, false, false>
2026-09-12T21:30:56.488 DEBUG   :curobo                                  :Cache hit: curobo::trajectory::bspline::bspline_backward_kernel<3, float, (curobo::trajectory::bspline::BasisBackend)2>
2026-09-12T21:30:56.488 DEBUG   :curobo                                  :Cache hit: curobo::optimization::line_search::kernel_line_search<float, 4>
2026-09-12T21:30:56.489 DEBUG   :curobo                                  :Cache hit: curobo::optimization::kernel_lbfgs_step_shared_memory<float, false, 27>
2026-09-12T21:30:56.489 DEBUG   :curobo                                  :Cache hit: curobo::trajectory::bspline::interpolate_bspline_kernel<float, 3, (curobo::trajectory::bspline::BasisBackend)2>
2026-09-12T21:30:56.489 DEBUG   :curobo                                  :Cache hit: curobo::kinematics::kinematics_forward_spheres_kernel<15, 32>
2026-09-12T21:30:56.490 DEBUG   :curobo                                  :Cache hit: curobo::kinematics::kinematics_backward_kernel<float, float, 16, true, false, false>
2026-09-12T21:30:56.490 DEBUG   :curobo                                  :Cache hit: curobo::trajectory::bspline::bspline_backward_kernel<3, float, (curobo::trajectory::bspline::BasisBackend)2>
2026-09-12T21:30:56.491 DEBUG   :curobo                                  :Cache hit: curobo::optimization::line_search::kernel_line_search<float, 4>
2026-09-12T21:30:56.491 DEBUG   :curobo                                  :Cache hit: curobo::optimization::kernel_lbfgs_step_shared_memory<float, false, 27>
2026-09-12T21:30:56.491 DEBUG   :curobo                                  :Cache hit: curobo::trajectory::bspline::interpolate_bspline_kernel<float, 3, (curobo::trajectory::bspline::BasisBackend)2>
2026-09-12T21:30:56.492 DEBUG   :curobo                                  :Cache hit: curobo::kinematics::kinematics_forward_spheres_kernel<15, 32>
2026-09-12T21:30:56.493 DEBUG   :curobo                                  :Cache hit: curobo::kinematics::kinematics_backward_kernel<float, float, 16, true, false, false>
2026-09-12T21:30:56.493 DEBUG   :curobo                                  :Cache hit: curobo::trajectory::bspline::bspline_backward_kernel<3, float, (curobo::trajectory::bspline::BasisBackend)2>
2026-09-12T21:30:56.493 DEBUG   :curobo                                  :Cache hit: curobo::optimization::line_search::kernel_line_search<float, 4>
2026-09-12T21:30:56.494 DEBUG   :curobo                                  :Cache hit: curobo::optimization::kernel_lbfgs_step_shared_memory<float, false, 27>
2026-09-12T21:30:56.494 DEBUG   :curobo                                  :Cache hit: curobo::trajectory::bspline::interpolate_bspline_kernel<float, 3, (curobo::trajectory::bspline::BasisBackend)2>
2026-09-12T21:30:56.494 DEBUG   :curobo                                  :Cache hit: curobo::kinematics::kinematics_forward_spheres_kernel<15, 32>
2026-09-12T21:30:56.496 DEBUG   :curobo                                  :Cache hit: curobo::kinematics::kinematics_backward_kernel<float, float, 16, true, false, false>
2026-09-12T21:30:56.496 DEBUG   :curobo                                  :Cache hit: curobo::trajectory::bspline::bspline_backward_kernel<3, float, (curobo::trajectory::bspline::BasisBackend)2>
2026-09-12T21:30:56.496 DEBUG   :curobo                                  :Cache hit: curobo::optimization::line_search::kernel_line_search<float, 4>
2026-09-12T21:30:56.496 DEBUG   :curobo                                  :Cache hit: curobo::optimization::kernel_lbfgs_step_shared_memory<float, false, 27>
2026-09-12T21:30:56.497 DEBUG   :curobo                                  :Cache hit: curobo::trajectory::bspline::interpolate_bspline_kernel<float, 3, (curobo::trajectory::bspline::BasisBackend)2>
2026-09-12T21:30:56.497 DEBUG   :curobo                                  :Cache hit: curobo::kinematics::kinematics_forward_spheres_kernel<15, 32>
2026-09-12T21:30:56.498 DEBUG   :curobo                                  :Cache hit: curobo::kinematics::kinematics_backward_kernel<float, float, 16, true, false, false>
2026-09-12T21:30:56.498 DEBUG   :curobo                                  :Cache hit: curobo::trajectory::bspline::bspline_backward_kernel<3, float, (curobo::trajectory::bspline::BasisBackend)2>
2026-09-12T21:30:56.499 DEBUG   :curobo                                  :Cache hit: curobo::optimization::line_search::kernel_line_search<float, 4>
2026-09-12T21:30:56.499 DEBUG   :curobo                                  :Cache hit: curobo::optimization::kernel_lbfgs_step_shared_memory<float, false, 27>
2026-09-12T21:30:56.499 DEBUG   :curobo                                  :Cache hit: curobo::trajectory::bspline::interpolate_bspline_kernel<float, 3, (curobo::trajectory::bspline::BasisBackend)2>
2026-09-12T21:30:56.500 DEBUG   :curobo                                  :Cache hit: curobo::kinematics::kinematics_forward_spheres_kernel<15, 32>
2026-09-12T21:30:56.501 DEBUG   :curobo                                  :Cache hit: curobo::kinematics::kinematics_backward_kernel<float, float, 16, true, false, false>
2026-09-12T21:30:56.501 DEBUG   :curobo                                  :Cache hit: curobo::trajectory::bspline::bspline_backward_kernel<3, float, (curobo::trajectory::bspline::BasisBackend)2>
2026-09-12T21:30:56.501 DEBUG   :curobo                                  :Cache hit: curobo::optimization::line_search::kernel_line_search<float, 4>
2026-09-12T21:30:56.502 DEBUG   :curobo                                  :Cache hit: curobo::optimization::kernel_lbfgs_step_shared_memory<float, false, 27>
2026-09-12T21:30:56.502 DEBUG   :curobo                                  :Cache hit: curobo::trajectory::bspline::interpolate_bspline_kernel<float, 3, (curobo::trajectory::bspline::BasisBackend)2>
2026-09-12T21:30:56.502 DEBUG   :curobo                                  :Cache hit: curobo::kinematics::kinematics_forward_spheres_kernel<15, 32>
2026-09-12T21:30:56.503 DEBUG   :curobo                                  :Cache hit: curobo::kinematics::kinematics_backward_kernel<float, float, 16, true, false, false>
2026-09-12T21:30:56.504 DEBUG   :curobo                                  :Cache hit: curobo::trajectory::bspline::bspline_backward_kernel<3, float, (curobo::trajectory::bspline::BasisBackend)2>
2026-09-12T21:30:56.504 DEBUG   :curobo                                  :Cache hit: curobo::optimization::line_search::kernel_line_search<float, 4>
2026-09-12T21:30:56.504 DEBUG   :curobo                                  :Cache hit: curobo::optimization::kernel_lbfgs_step_shared_memory<float, false, 27>
2026-09-12T21:30:56.504 DEBUG   :curobo                                  :Cache hit: curobo::trajectory::bspline::interpolate_bspline_kernel<float, 3, (curobo::trajectory::bspline::BasisBackend)2>
2026-09-12T21:30:56.505 DEBUG   :curobo                                  :Cache hit: curobo::kinematics::kinematics_forward_spheres_kernel<15, 32>
2026-09-12T21:30:56.506 DEBUG   :curobo                                  :Cache hit: curobo::kinematics::kinematics_backward_kernel<float, float, 16, true, false, false>
2026-09-12T21:30:56.506 DEBUG   :curobo                                  :Cache hit: curobo::trajectory::bspline::bspline_backward_kernel<3, float, (curobo::trajectory::bspline::BasisBackend)2>
2026-09-12T21:30:56.506 DEBUG   :curobo                                  :Cache hit: curobo::optimization::line_search::kernel_line_search<float, 4>
2026-09-12T21:30:56.507 DEBUG   :curobo                                  :Cache hit: curobo::optimization::kernel_lbfgs_step_shared_memory<float, false, 27>
2026-09-12T21:30:56.507 DEBUG   :curobo                                  :Cache hit: curobo::trajectory::bspline::interpolate_bspline_kernel<float, 3, (curobo::trajectory::bspline::BasisBackend)2>
2026-09-12T21:30:56.507 DEBUG   :curobo                                  :Cache hit: curobo::kinematics::kinematics_forward_spheres_kernel<15, 32>
2026-09-12T21:30:56.508 DEBUG   :curobo                                  :Cache hit: curobo::kinematics::kinematics_backward_kernel<float, float, 16, true, false, false>
2026-09-12T21:30:56.509 DEBUG   :curobo                                  :Cache hit: curobo::trajectory::bspline::bspline_backward_kernel<3, float, (curobo::trajectory::bspline::BasisBackend)2>
2026-09-12T21:30:56.509 DEBUG   :curobo                                  :Cache hit: curobo::optimization::line_search::kernel_line_search<float, 4>
2026-09-12T21:30:56.509 DEBUG   :curobo                                  :Cache hit: curobo::optimization::kernel_lbfgs_step_shared_memory<float, false, 27>
2026-09-12T21:30:56.510 DEBUG   :curobo                                  :Cache hit: curobo::trajectory::bspline::interpolate_bspline_kernel<float, 3, (curobo::trajectory::bspline::BasisBackend)2>
2026-09-12T21:30:56.510 DEBUG   :curobo                                  :Cache hit: curobo::kinematics::kinematics_forward_spheres_kernel<15, 32>
2026-09-12T21:30:56.511 DEBUG   :curobo                                  :Cache hit: curobo::kinematics::kinematics_backward_kernel<float, float, 16, true, false, false>
2026-09-12T21:30:56.511 DEBUG   :curobo                                  :Cache hit: curobo::trajectory::bspline::bspline_backward_kernel<3, float, (curobo::trajectory::bspline::BasisBackend)2>
2026-09-12T21:30:56.512 DEBUG   :curobo                                  :Cache hit: curobo::optimization::line_search::kernel_line_search<float, 4>
2026-09-12T21:30:56.512 DEBUG   :curobo                                  :Cache hit: curobo::optimization::kernel_lbfgs_step_shared_memory<float, false, 27>
2026-09-12T21:30:56.512 DEBUG   :curobo                                  :Cache hit: curobo::trajectory::bspline::interpolate_bspline_kernel<float, 3, (curobo::trajectory::bspline::BasisBackend)2>
2026-09-12T21:30:56.512 DEBUG   :curobo                                  :Cache hit: curobo::kinematics::kinematics_forward_spheres_kernel<15, 32>
2026-09-12T21:30:56.513 DEBUG   :curobo                                  :Cache hit: curobo::kinematics::kinematics_backward_kernel<float, float, 16, true, false, false>
2026-09-12T21:30:56.514 DEBUG   :curobo                                  :Cache hit: curobo::trajectory::bspline::bspline_backward_kernel<3, float, (curobo::trajectory::bspline::BasisBackend)2>
2026-09-12T21:30:56.514 DEBUG   :curobo                                  :Cache hit: curobo::optimization::line_search::kernel_line_search<float, 4>
2026-09-12T21:30:56.514 DEBUG   :curobo                                  :Cache hit: curobo::optimization::kernel_lbfgs_step_shared_memory<float, false, 27>
2026-09-12T21:30:56.514 DEBUG   :curobo                                  :Cache hit: curobo::trajectory::bspline::interpolate_bspline_kernel<float, 3, (curobo::trajectory::bspline::BasisBackend)2>
2026-09-12T21:30:56.515 DEBUG   :curobo                                  :Cache hit: curobo::kinematics::kinematics_forward_spheres_kernel<15, 32>
2026-09-12T21:30:56.516 DEBUG   :curobo                                  :Cache hit: curobo::kinematics::kinematics_backward_kernel<float, float, 16, true, false, false>
2026-09-12T21:30:56.516 DEBUG   :curobo                                  :Cache hit: curobo::trajectory::bspline::bspline_backward_kernel<3, float, (curobo::trajectory::bspline::BasisBackend)2>
2026-09-12T21:30:56.516 DEBUG   :curobo                                  :Cache hit: curobo::optimization::line_search::kernel_line_search<float, 4>
2026-09-12T21:30:56.516 DEBUG   :curobo                                  :Cache hit: curobo::optimization::kernel_lbfgs_step_shared_memory<float, false, 27>
2026-09-12T21:30:56.517 DEBUG   :curobo                                  :Cache hit: curobo::trajectory::bspline::interpolate_bspline_kernel<float, 3, (curobo::trajectory::bspline::BasisBackend)2>
2026-09-12T21:30:56.517 DEBUG   :curobo                                  :Cache hit: curobo::kinematics::kinematics_forward_spheres_kernel<15, 32>
2026-09-12T21:30:56.518 DEBUG   :curobo                                  :Cache hit: curobo::kinematics::kinematics_backward_kernel<float, float, 16, true, false, false>
2026-09-12T21:30:56.518 DEBUG   :curobo                                  :Cache hit: curobo::trajectory::bspline::bspline_backward_kernel<3, float, (curobo::trajectory::bspline::BasisBackend)2>
2026-09-12T21:30:56.518 DEBUG   :curobo                                  :Cache hit: curobo::optimization::line_search::kernel_line_search<float, 4>
2026-09-12T21:30:56.519 DEBUG   :curobo                                  :Cache hit: curobo::optimization::kernel_lbfgs_step_shared_memory<float, false, 27>
2026-09-12T21:30:56.519 DEBUG   :curobo                                  :Cache hit: curobo::trajectory::bspline::interpolate_bspline_kernel<float, 3, (curobo::trajectory::bspline::BasisBackend)2>
2026-09-12T21:30:56.519 DEBUG   :curobo                                  :Cache hit: curobo::kinematics::kinematics_forward_spheres_kernel<15, 32>
2026-09-12T21:30:56.521 DEBUG   :curobo                                  :Cache hit: curobo::kinematics::kinematics_backward_kernel<float, float, 16, true, false, false>
2026-09-12T21:30:56.521 DEBUG   :curobo                                  :Cache hit: curobo::trajectory::bspline::bspline_backward_kernel<3, float, (curobo::trajectory::bspline::BasisBackend)2>
2026-09-12T21:30:56.521 DEBUG   :curobo                                  :Cache hit: curobo::optimization::line_search::kernel_line_search<float, 4>
2026-09-12T21:30:56.521 DEBUG   :curobo                                  :Cache hit: curobo::optimization::kernel_lbfgs_step_shared_memory<float, false, 27>
2026-09-12T21:30:56.522 DEBUG   :curobo                                  :Cache hit: curobo::trajectory::bspline::interpolate_bspline_kernel<float, 3, (curobo::trajectory::bspline::BasisBackend)2>
2026-09-12T21:30:56.522 DEBUG   :curobo                                  :Cache hit: curobo::kinematics::kinematics_forward_spheres_kernel<15, 32>
2026-09-12T21:30:56.523 DEBUG   :curobo                                  :Cache hit: curobo::kinematics::kinematics_backward_kernel<float, float, 16, true, false, false>
2026-09-12T21:30:56.523 DEBUG   :curobo                                  :Cache hit: curobo::trajectory::bspline::bspline_backward_kernel<3, float, (curobo::trajectory::bspline::BasisBackend)2>
2026-09-12T21:30:56.523 DEBUG   :curobo                                  :Cache hit: curobo::optimization::line_search::kernel_line_search<float, 4>
2026-09-12T21:30:56.524 DEBUG   :curobo                                  :Cache hit: curobo::optimization::kernel_lbfgs_step_shared_memory<float, false, 27>
2026-09-12T21:30:56.524 DEBUG   :curobo                                  :Cache hit: curobo::trajectory::bspline::interpolate_bspline_kernel<float, 3, (curobo::trajectory::bspline::BasisBackend)2>
2026-09-12T21:30:56.524 DEBUG   :curobo                                  :Cache hit: curobo::kinematics::kinematics_forward_spheres_kernel<15, 32>
2026-09-12T21:30:56.525 DEBUG   :curobo                                  :Cache hit: curobo::kinematics::kinematics_backward_kernel<float, float, 16, true, false, false>
2026-09-12T21:30:56.526 DEBUG   :curobo                                  :Cache hit: curobo::trajectory::bspline::bspline_backward_kernel<3, float, (curobo::trajectory::bspline::BasisBackend)2>
2026-09-12T21:30:56.526 DEBUG   :curobo                                  :Cache hit: curobo::optimization::line_search::kernel_line_search<float, 4>
2026-09-12T21:30:56.526 DEBUG   :curobo                                  :Cache hit: curobo::optimization::kernel_lbfgs_step_shared_memory<float, false, 27>
2026-09-12T21:30:56.526 DEBUG   :curobo                                  :Cache hit: curobo::trajectory::bspline::interpolate_bspline_kernel<float, 3, (curobo::trajectory::bspline::BasisBackend)2>
2026-09-12T21:30:56.527 DEBUG   :curobo                                  :Cache hit: curobo::kinematics::kinematics_forward_spheres_kernel<15, 32>
2026-09-12T21:30:56.528 DEBUG   :curobo                                  :Cache hit: curobo::kinematics::kinematics_backward_kernel<float, float, 16, true, false, false>
2026-09-12T21:30:56.528 DEBUG   :curobo                                  :Cache hit: curobo::trajectory::bspline::bspline_backward_kernel<3, float, (curobo::trajectory::bspline::BasisBackend)2>
2026-09-12T21:30:56.528 DEBUG   :curobo                                  :Cache hit: curobo::optimization::line_search::kernel_line_search<float, 4>
2026-09-12T21:30:56.528 DEBUG   :curobo                                  :Cache hit: curobo::optimization::kernel_lbfgs_step_shared_memory<float, false, 27>
2026-09-12T21:30:56.529 DEBUG   :curobo                                  :Cache hit: curobo::trajectory::bspline::interpolate_bspline_kernel<float, 3, (curobo::trajectory::bspline::BasisBackend)2>
2026-09-12T21:30:56.529 DEBUG   :curobo                                  :Cache hit: curobo::kinematics::kinematics_forward_spheres_kernel<15, 32>
2026-09-12T21:30:56.530 DEBUG   :curobo                                  :Cache hit: curobo::kinematics::kinematics_backward_kernel<float, float, 16, true, false, false>
2026-09-12T21:30:56.530 DEBUG   :curobo                                  :Cache hit: curobo::trajectory::bspline::bspline_backward_kernel<3, float, (curobo::trajectory::bspline::BasisBackend)2>
2026-09-12T21:30:56.530 DEBUG   :curobo                                  :Cache hit: curobo::optimization::line_search::kernel_line_search<float, 4>
2026-09-12T21:30:56.531 DEBUG   :curobo                                  :Cache hit: curobo::optimization::kernel_lbfgs_step_shared_memory<float, false, 27>
2026-09-12T21:30:56.531 DEBUG   :curobo                                  :Cache hit: curobo::trajectory::bspline::interpolate_bspline_kernel<float, 3, (curobo::trajectory::bspline::BasisBackend)2>
2026-09-12T21:30:56.531 DEBUG   :curobo                                  :Cache hit: curobo::kinematics::kinematics_forward_spheres_kernel<15, 32>
2026-09-12T21:30:56.532 DEBUG   :curobo                                  :Cache hit: curobo::kinematics::kinematics_backward_kernel<float, float, 16, true, false, false>
2026-09-12T21:30:56.532 DEBUG   :curobo                                  :Cache hit: curobo::trajectory::bspline::bspline_backward_kernel<3, float, (curobo::trajectory::bspline::BasisBackend)2>
2026-09-12T21:30:56.532 DEBUG   :curobo                                  :Cache hit: curobo::optimization::line_search::kernel_line_search<float, 4>
2026-09-12T21:30:56.533 DEBUG   :curobo                                  :Cache hit: curobo::optimization::kernel_lbfgs_step_shared_memory<float, false, 27>
2026-09-12T21:30:56.533 DEBUG   :curobo                                  :Cache hit: curobo::trajectory::bspline::interpolate_bspline_kernel<float, 3, (curobo::trajectory::bspline::BasisBackend)2>
2026-09-12T21:30:56.533 DEBUG   :curobo                                  :Cache hit: curobo::kinematics::kinematics_forward_spheres_kernel<15, 32>
2026-09-12T21:30:56.534 DEBUG   :curobo                                  :Cache hit: curobo::kinematics::kinematics_backward_kernel<float, float, 16, true, false, false>
2026-09-12T21:30:56.534 DEBUG   :curobo                                  :Cache hit: curobo::trajectory::bspline::bspline_backward_kernel<3, float, (curobo::trajectory::bspline::BasisBackend)2>
2026-09-12T21:30:56.535 DEBUG   :curobo                                  :Cache hit: curobo::optimization::line_search::kernel_line_search<float, 4>
2026-09-12T21:30:56.535 DEBUG   :curobo                                  :Cache hit: curobo::optimization::kernel_lbfgs_step_shared_memory<float, false, 27>
2026-09-12T21:30:56.535 DEBUG   :curobo                                  :Cache hit: curobo::trajectory::bspline::interpolate_bspline_kernel<float, 3, (curobo::trajectory::bspline::BasisBackend)2>
2026-09-12T21:30:56.535 DEBUG   :curobo                                  :Cache hit: curobo::kinematics::kinematics_forward_spheres_kernel<15, 32>
2026-09-12T21:30:56.537 DEBUG   :curobo                                  :Cache hit: curobo::kinematics::kinematics_backward_kernel<float, float, 16, true, false, false>
2026-09-12T21:30:56.537 DEBUG   :curobo                                  :Cache hit: curobo::trajectory::bspline::bspline_backward_kernel<3, float, (curobo::trajectory::bspline::BasisBackend)2>
2026-09-12T21:30:56.537 DEBUG   :curobo                                  :Cache hit: curobo::optimization::line_search::kernel_line_search<float, 4>
2026-09-12T21:30:56.537 DEBUG   :curobo                                  :Cache hit: curobo::optimization::kernel_lbfgs_step_shared_memory<float, false, 27>
2026-09-12T21:30:56.538 DEBUG   :curobo                                  :Cache hit: curobo::trajectory::bspline::interpolate_bspline_kernel<float, 3, (curobo::trajectory::bspline::BasisBackend)2>
2026-09-12T21:30:56.538 DEBUG   :curobo                                  :Cache hit: curobo::kinematics::kinematics_forward_spheres_kernel<15, 32>
2026-09-12T21:30:56.539 DEBUG   :curobo                                  :Cache hit: curobo::kinematics::kinematics_backward_kernel<float, float, 16, true, false, false>
2026-09-12T21:30:56.539 DEBUG   :curobo                                  :Cache hit: curobo::trajectory::bspline::bspline_backward_kernel<3, float, (curobo::trajectory::bspline::BasisBackend)2>
2026-09-12T21:30:56.540 DEBUG   :curobo                                  :Cache hit: curobo::optimization::line_search::kernel_line_search<float, 4>
2026-09-12T21:30:56.540 DEBUG   :curobo                                  :Cache hit: curobo::optimization::kernel_lbfgs_step_shared_memory<float, false, 27>
2026-09-12T21:30:56.540 DEBUG   :curobo                                  :Cache hit: curobo::trajectory::bspline::interpolate_bspline_kernel<float, 3, (curobo::trajectory::bspline::BasisBackend)2>
2026-09-12T21:30:56.540 DEBUG   :curobo                                  :Cache hit: curobo::kinematics::kinematics_forward_spheres_kernel<15, 32>
2026-09-12T21:30:56.541 DEBUG   :curobo                                  :Cache hit: curobo::kinematics::kinematics_backward_kernel<float, float, 16, true, false, false>
2026-09-12T21:30:56.541 DEBUG   :curobo                                  :Cache hit: curobo::trajectory::bspline::bspline_backward_kernel<3, float, (curobo::trajectory::bspline::BasisBackend)2>
2026-09-12T21:30:56.542 DEBUG   :curobo                                  :Cache hit: curobo::optimization::line_search::kernel_line_search<float, 4>
2026-09-12T21:30:56.542 DEBUG   :curobo                                  :Cache hit: curobo::optimization::kernel_lbfgs_step_shared_memory<float, false, 27>
2026-09-12T21:30:56.542 DEBUG   :curobo                                  :Cache hit: curobo::trajectory::bspline::interpolate_bspline_kernel<float, 3, (curobo::trajectory::bspline::BasisBackend)2>
2026-09-12T21:30:56.542 DEBUG   :curobo                                  :Cache hit: curobo::kinematics::kinematics_forward_spheres_kernel<15, 32>
2026-09-12T21:30:56.543 DEBUG   :curobo                                  :Cache hit: curobo::kinematics::kinematics_backward_kernel<float, float, 16, true, false, false>
2026-09-12T21:30:56.544 DEBUG   :curobo                                  :Cache hit: curobo::trajectory::bspline::bspline_backward_kernel<3, float, (curobo::trajectory::bspline::BasisBackend)2>
2026-09-12T21:30:56.544 DEBUG   :curobo                                  :Cache hit: curobo::optimization::line_search::kernel_line_search<float, 4>
2026-09-12T21:30:56.544 DEBUG   :curobo                                  :Cache hit: curobo::optimization::kernel_lbfgs_step_shared_memory<float, false, 27>
2026-09-12T21:30:56.545 DEBUG   :curobo                                  :Cache hit: curobo::trajectory::bspline::interpolate_bspline_kernel<float, 3, (curobo::trajectory::bspline::BasisBackend)2>
2026-09-12T21:30:56.545 DEBUG   :curobo                                  :Cache hit: curobo::kinematics::kinematics_forward_spheres_kernel<15, 32>
2026-09-12T21:30:56.547 DEBUG   :curobo                                  :Cache hit: curobo::kinematics::kinematics_backward_kernel<float, float, 16, true, false, false>
2026-09-12T21:30:56.547 DEBUG   :curobo                                  :Cache hit: curobo::trajectory::bspline::bspline_backward_kernel<3, float, (curobo::trajectory::bspline::BasisBackend)2>
2026-09-12T21:30:56.547 DEBUG   :curobo                                  :Cache hit: curobo::optimization::line_search::kernel_line_search<float, 4>
2026-09-12T21:30:56.548 DEBUG   :curobo                                  :Cache hit: curobo::optimization::kernel_lbfgs_step_shared_memory<float, false, 27>
2026-09-12T21:30:56.548 DEBUG   :curobo                                  :Cache hit: curobo::trajectory::bspline::interpolate_bspline_kernel<float, 3, (curobo::trajectory::bspline::BasisBackend)2>
2026-09-12T21:30:56.548 DEBUG   :curobo                                  :Cache hit: curobo::kinematics::kinematics_forward_spheres_kernel<15, 32>
2026-09-12T21:30:56.550 DEBUG   :curobo                                  :Cache hit: curobo::kinematics::kinematics_backward_kernel<float, float, 16, true, false, false>
2026-09-12T21:30:56.550 DEBUG   :curobo                                  :Cache hit: curobo::trajectory::bspline::bspline_backward_kernel<3, float, (curobo::trajectory::bspline::BasisBackend)2>
2026-09-12T21:30:56.550 DEBUG   :curobo                                  :Cache hit: curobo::optimization::line_search::kernel_line_search<float, 4>
2026-09-12T21:30:56.551 DEBUG   :curobo                                  :Cache hit: curobo::optimization::kernel_lbfgs_step_shared_memory<float, false, 27>
2026-09-12T21:30:56.551 DEBUG   :curobo                                  :Cache hit: curobo::trajectory::bspline::interpolate_bspline_kernel<float, 3, (curobo::trajectory::bspline::BasisBackend)2>
2026-09-12T21:30:56.552 DEBUG   :curobo                                  :Cache hit: curobo::kinematics::kinematics_forward_spheres_kernel<15, 32>
2026-09-12T21:30:56.553 DEBUG   :curobo                                  :Cache hit: curobo::kinematics::kinematics_backward_kernel<float, float, 16, true, false, false>
2026-09-12T21:30:56.554 DEBUG   :curobo                                  :Cache hit: curobo::trajectory::bspline::bspline_backward_kernel<3, float, (curobo::trajectory::bspline::BasisBackend)2>
2026-09-12T21:30:56.554 DEBUG   :curobo                                  :Cache hit: curobo::optimization::line_search::kernel_line_search<float, 4>
2026-09-12T21:30:56.554 DEBUG   :curobo                                  :Cache hit: curobo::optimization::kernel_lbfgs_step_shared_memory<float, false, 27>
2026-09-12T21:30:56.555 DEBUG   :curobo                                  :Cache hit: curobo::trajectory::bspline::interpolate_bspline_kernel<float, 3, (curobo::trajectory::bspline::BasisBackend)2>
2026-09-12T21:30:56.555 DEBUG   :curobo                                  :Cache hit: curobo::kinematics::kinematics_forward_spheres_kernel<15, 32>
2026-09-12T21:30:56.557 DEBUG   :curobo                                  :Cache hit: curobo::kinematics::kinematics_backward_kernel<float, float, 16, true, false, false>
2026-09-12T21:30:56.557 DEBUG   :curobo                                  :Cache hit: curobo::trajectory::bspline::bspline_backward_kernel<3, float, (curobo::trajectory::bspline::BasisBackend)2>
2026-09-12T21:30:56.557 DEBUG   :curobo                                  :Cache hit: curobo::optimization::line_search::kernel_line_search<float, 4>
2026-09-12T21:30:56.557 DEBUG   :curobo                                  :Cache hit: curobo::optimization::kernel_lbfgs_step_shared_memory<float, false, 27>
2026-09-12T21:30:56.558 DEBUG   :curobo                                  :Cache hit: curobo::trajectory::bspline::interpolate_bspline_kernel<float, 3, (curobo::trajectory::bspline::BasisBackend)2>
2026-09-12T21:30:56.558 DEBUG   :curobo                                  :Cache hit: curobo::kinematics::kinematics_forward_spheres_kernel<15, 32>
2026-09-12T21:30:56.559 DEBUG   :curobo                                  :Cache hit: curobo::kinematics::kinematics_backward_kernel<float, float, 16, true, false, false>
2026-09-12T21:30:56.559 DEBUG   :curobo                                  :Cache hit: curobo::trajectory::bspline::bspline_backward_kernel<3, float, (curobo::trajectory::bspline::BasisBackend)2>
2026-09-12T21:30:56.559 DEBUG   :curobo                                  :Cache hit: curobo::optimization::line_search::kernel_line_search<float, 4>
2026-09-12T21:30:56.560 DEBUG   :curobo                                  :Cache hit: curobo::optimization::kernel_lbfgs_step_shared_memory<float, false, 27>
2026-09-12T21:30:56.560 DEBUG   :curobo                                  :Cache hit: curobo::trajectory::bspline::interpolate_bspline_kernel<float, 3, (curobo::trajectory::bspline::BasisBackend)2>
2026-09-12T21:30:56.560 DEBUG   :curobo                                  :Cache hit: curobo::kinematics::kinematics_forward_spheres_kernel<15, 32>
2026-09-12T21:30:56.561 DEBUG   :curobo                                  :Cache hit: curobo::kinematics::kinematics_backward_kernel<float, float, 16, true, false, false>
2026-09-12T21:30:56.561 DEBUG   :curobo                                  :Cache hit: curobo::trajectory::bspline::bspline_backward_kernel<3, float, (curobo::trajectory::bspline::BasisBackend)2>
2026-09-12T21:30:56.562 DEBUG   :curobo                                  :Cache hit: curobo::optimization::line_search::kernel_line_search<float, 4>
2026-09-12T21:30:56.562 DEBUG   :curobo                                  :Cache hit: curobo::optimization::kernel_lbfgs_step_shared_memory<float, false, 27>
2026-09-12T21:30:56.562 DEBUG   :curobo                                  :Cache hit: curobo::trajectory::bspline::interpolate_bspline_kernel<float, 3, (curobo::trajectory::bspline::BasisBackend)2>
2026-09-12T21:30:56.562 DEBUG   :curobo                                  :Cache hit: curobo::kinematics::kinematics_forward_spheres_kernel<15, 32>
2026-09-12T21:30:56.564 DEBUG   :curobo                                  :Cache hit: curobo::kinematics::kinematics_backward_kernel<float, float, 16, true, false, false>
2026-09-12T21:30:56.564 DEBUG   :curobo                                  :Cache hit: curobo::trajectory::bspline::bspline_backward_kernel<3, float, (curobo::trajectory::bspline::BasisBackend)2>
2026-09-12T21:30:56.564 DEBUG   :curobo                                  :Cache hit: curobo::optimization::line_search::kernel_line_search<float, 4>
2026-09-12T21:30:56.564 DEBUG   :curobo                                  :Cache hit: curobo::optimization::kernel_lbfgs_step_shared_memory<float, false, 27>
2026-09-12T21:30:56.565 DEBUG   :curobo                                  :Cache hit: curobo::trajectory::bspline::interpolate_bspline_kernel<float, 3, (curobo::trajectory::bspline::BasisBackend)2>
2026-09-12T21:30:56.565 DEBUG   :curobo                                  :Cache hit: curobo::kinematics::kinematics_forward_spheres_kernel<15, 32>
2026-09-12T21:30:56.566 DEBUG   :curobo                                  :Cache hit: curobo::kinematics::kinematics_backward_kernel<float, float, 16, true, false, false>
2026-09-12T21:30:56.566 DEBUG   :curobo                                  :Cache hit: curobo::trajectory::bspline::bspline_backward_kernel<3, float, (curobo::trajectory::bspline::BasisBackend)2>
2026-09-12T21:30:56.566 DEBUG   :curobo                                  :Cache hit: curobo::optimization::line_search::kernel_line_search<float, 4>
2026-09-12T21:30:56.566 DEBUG   :curobo                                  :Cache hit: curobo::optimization::kernel_lbfgs_step_shared_memory<float, false, 27>
2026-09-12T21:30:56.567 DEBUG   :curobo                                  :Cache hit: curobo::trajectory::bspline::interpolate_bspline_kernel<float, 3, (curobo::trajectory::bspline::BasisBackend)2>
2026-09-12T21:30:56.567 DEBUG   :curobo                                  :Cache hit: curobo::kinematics::kinematics_forward_spheres_kernel<15, 32>
2026-09-12T21:30:56.568 DEBUG   :curobo                                  :Cache hit: curobo::kinematics::kinematics_backward_kernel<float, float, 16, true, false, false>
2026-09-12T21:30:56.568 DEBUG   :curobo                                  :Cache hit: curobo::trajectory::bspline::bspline_backward_kernel<3, float, (curobo::trajectory::bspline::BasisBackend)2>
2026-09-12T21:30:56.569 DEBUG   :curobo                                  :Cache hit: curobo::optimization::line_search::kernel_line_search<float, 4>
2026-09-12T21:30:56.569 DEBUG   :curobo                                  :Cache hit: curobo::optimization::kernel_lbfgs_step_shared_memory<float, false, 27>
2026-09-12T21:30:56.569 DEBUG   :curobo                                  :Cache hit: curobo::trajectory::bspline::interpolate_bspline_kernel<float, 3, (curobo::trajectory::bspline::BasisBackend)2>
2026-09-12T21:30:56.569 DEBUG   :curobo                                  :Cache hit: curobo::kinematics::kinematics_forward_spheres_kernel<15, 32>
2026-09-12T21:30:56.571 DEBUG   :curobo                                  :Cache hit: curobo::kinematics::kinematics_backward_kernel<float, float, 16, true, false, false>
2026-09-12T21:30:56.571 DEBUG   :curobo                                  :Cache hit: curobo::trajectory::bspline::bspline_backward_kernel<3, float, (curobo::trajectory::bspline::BasisBackend)2>
2026-09-12T21:30:56.571 DEBUG   :curobo                                  :Cache hit: curobo::optimization::line_search::kernel_line_search<float, 4>
2026-09-12T21:30:56.571 DEBUG   :curobo                                  :Cache hit: curobo::optimization::kernel_lbfgs_step_shared_memory<float, false, 27>
2026-09-12T21:30:56.572 DEBUG   :curobo                                  :Cache hit: curobo::trajectory::bspline::interpolate_bspline_kernel<float, 3, (curobo::trajectory::bspline::BasisBackend)2>
2026-09-12T21:30:56.572 DEBUG   :curobo                                  :Cache hit: curobo::kinematics::kinematics_forward_spheres_kernel<15, 32>
2026-09-12T21:30:56.573 DEBUG   :curobo                                  :Cache hit: curobo::kinematics::kinematics_backward_kernel<float, float, 16, true, false, false>
2026-09-12T21:30:56.573 DEBUG   :curobo                                  :Cache hit: curobo::trajectory::bspline::bspline_backward_kernel<3, float, (curobo::trajectory::bspline::BasisBackend)2>
2026-09-12T21:30:56.574 DEBUG   :curobo                                  :Cache hit: curobo::optimization::line_search::kernel_line_search<float, 4>
2026-09-12T21:30:56.574 DEBUG   :curobo                                  :Cache hit: curobo::optimization::kernel_lbfgs_step_shared_memory<float, false, 27>
2026-09-12T21:30:56.574 DEBUG   :curobo                                  :Cache hit: curobo::trajectory::bspline::interpolate_bspline_kernel<float, 3, (curobo::trajectory::bspline::BasisBackend)2>
2026-09-12T21:30:56.575 DEBUG   :curobo                                  :Cache hit: curobo::kinematics::kinematics_forward_spheres_kernel<15, 32>
2026-09-12T21:30:56.576 DEBUG   :curobo                                  :Cache hit: curobo::kinematics::kinematics_backward_kernel<float, float, 16, true, false, false>
2026-09-12T21:30:56.576 DEBUG   :curobo                                  :Cache hit: curobo::trajectory::bspline::bspline_backward_kernel<3, float, (curobo::trajectory::bspline::BasisBackend)2>
2026-09-12T21:30:56.576 DEBUG   :curobo                                  :Cache hit: curobo::optimization::line_search::kernel_line_search<float, 4>
2026-09-12T21:30:56.576 DEBUG   :curobo                                  :Cache hit: curobo::optimization::kernel_lbfgs_step_shared_memory<float, false, 27>
2026-09-12T21:30:56.577 DEBUG   :curobo                                  :Cache hit: curobo::trajectory::bspline::interpolate_bspline_kernel<float, 3, (curobo::trajectory::bspline::BasisBackend)2>
2026-09-12T21:30:56.577 DEBUG   :curobo                                  :Cache hit: curobo::kinematics::kinematics_forward_spheres_kernel<15, 32>
2026-09-12T21:30:56.579 DEBUG   :curobo                                  :Cache hit: curobo::kinematics::kinematics_backward_kernel<float, float, 16, true, false, false>
2026-09-12T21:30:56.580 DEBUG   :curobo                                  :Cache hit: curobo::trajectory::bspline::bspline_backward_kernel<3, float, (curobo::trajectory::bspline::BasisBackend)2>
2026-09-12T21:30:56.581 DEBUG   :curobo                                  :Cache hit: curobo::optimization::line_search::kernel_line_search<float, 4>
2026-09-12T21:30:56.581 DEBUG   :curobo                                  :Cache hit: curobo::optimization::kernel_lbfgs_step_shared_memory<float, false, 27>
2026-09-12T21:30:56.582 DEBUG   :curobo                                  :Cache hit: curobo::trajectory::bspline::interpolate_bspline_kernel<float, 3, (curobo::trajectory::bspline::BasisBackend)2>
2026-09-12T21:30:56.582 DEBUG   :curobo                                  :Cache hit: curobo::kinematics::kinematics_forward_spheres_kernel<15, 32>
2026-09-12T21:30:56.583 DEBUG   :curobo                                  :Cache hit: curobo::kinematics::kinematics_backward_kernel<float, float, 16, true, false, false>
2026-09-12T21:30:56.583 DEBUG   :curobo                                  :Cache hit: curobo::trajectory::bspline::bspline_backward_kernel<3, float, (curobo::trajectory::bspline::BasisBackend)2>
2026-09-12T21:30:56.583 DEBUG   :curobo                                  :Cache hit: curobo::optimization::line_search::kernel_line_search<float, 4>
2026-09-12T21:30:56.584 DEBUG   :curobo                                  :Cache hit: curobo::optimization::kernel_lbfgs_step_shared_memory<float, false, 27>
2026-09-12T21:30:56.584 DEBUG   :curobo                                  :Cache hit: curobo::trajectory::bspline::interpolate_bspline_kernel<float, 3, (curobo::trajectory::bspline::BasisBackend)2>
2026-09-12T21:30:56.584 DEBUG   :curobo                                  :Cache hit: curobo::kinematics::kinematics_forward_spheres_kernel<15, 32>
2026-09-12T21:30:56.585 DEBUG   :curobo                                  :Cache hit: curobo::kinematics::kinematics_backward_kernel<float, float, 16, true, false, false>
2026-09-12T21:30:56.586 DEBUG   :curobo                                  :Cache hit: curobo::trajectory::bspline::bspline_backward_kernel<3, float, (curobo::trajectory::bspline::BasisBackend)2>
2026-09-12T21:30:56.586 DEBUG   :curobo                                  :Cache hit: curobo::optimization::line_search::kernel_line_search<float, 4>
2026-09-12T21:30:56.586 DEBUG   :curobo                                  :Cache hit: curobo::optimization::kernel_lbfgs_step_shared_memory<float, false, 27>
2026-09-12T21:30:56.587 DEBUG   :curobo                                  :Cache hit: curobo::trajectory::bspline::interpolate_bspline_kernel<float, 3, (curobo::trajectory::bspline::BasisBackend)2>
2026-09-12T21:30:56.587 DEBUG   :curobo                                  :Cache hit: curobo::kinematics::kinematics_forward_spheres_kernel<15, 32>
2026-09-12T21:30:56.588 DEBUG   :curobo                                  :Cache hit: curobo::kinematics::kinematics_backward_kernel<float, float, 16, true, false, false>
2026-09-12T21:30:56.588 DEBUG   :curobo                                  :Cache hit: curobo::trajectory::bspline::bspline_backward_kernel<3, float, (curobo::trajectory::bspline::BasisBackend)2>
2026-09-12T21:30:56.588 DEBUG   :curobo                                  :Cache hit: curobo::optimization::line_search::kernel_line_search<float, 4>
2026-09-12T21:30:56.589 DEBUG   :curobo                                  :Cache hit: curobo::optimization::kernel_lbfgs_step_shared_memory<float, false, 27>
2026-09-12T21:30:56.589 DEBUG   :curobo                                  :Cache hit: curobo::trajectory::bspline::interpolate_bspline_kernel<float, 3, (curobo::trajectory::bspline::BasisBackend)2>
2026-09-12T21:30:56.589 DEBUG   :curobo                                  :Cache hit: curobo::kinematics::kinematics_forward_spheres_kernel<15, 32>
2026-09-12T21:30:56.590 DEBUG   :curobo                                  :Cache hit: curobo::kinematics::kinematics_backward_kernel<float, float, 16, true, false, false>
2026-09-12T21:30:56.591 DEBUG   :curobo                                  :Cache hit: curobo::trajectory::bspline::bspline_backward_kernel<3, float, (curobo::trajectory::bspline::BasisBackend)2>
2026-09-12T21:30:56.591 DEBUG   :curobo                                  :Cache hit: curobo::optimization::line_search::kernel_line_search<float, 4>
2026-09-12T21:30:56.591 DEBUG   :curobo                                  :Cache hit: curobo::optimization::kernel_lbfgs_step_shared_memory<float, false, 27>
2026-09-12T21:30:56.591 DEBUG   :curobo                                  :Cache hit: curobo::trajectory::bspline::interpolate_bspline_kernel<float, 3, (curobo::trajectory::bspline::BasisBackend)2>
2026-09-12T21:30:56.591 DEBUG   :curobo                                  :Cache hit: curobo::kinematics::kinematics_forward_spheres_kernel<15, 32>
2026-09-12T21:30:56.592 DEBUG   :curobo                                  :Cache hit: curobo::kinematics::kinematics_backward_kernel<float, float, 16, true, false, false>
2026-09-12T21:30:56.593 DEBUG   :curobo                                  :Cache hit: curobo::trajectory::bspline::bspline_backward_kernel<3, float, (curobo::trajectory::bspline::BasisBackend)2>
2026-09-12T21:30:56.593 DEBUG   :curobo                                  :Cache hit: curobo::optimization::line_search::kernel_line_search<float, 4>
2026-09-12T21:30:56.593 DEBUG   :curobo                                  :Cache hit: curobo::optimization::kernel_lbfgs_step_shared_memory<float, false, 27>
2026-09-12T21:30:56.594 DEBUG   :curobo                                  :Cache hit: curobo::trajectory::bspline::interpolate_bspline_kernel<float, 3, (curobo::trajectory::bspline::BasisBackend)2>
2026-09-12T21:30:56.594 DEBUG   :curobo                                  :Cache hit: curobo::kinematics::kinematics_forward_spheres_kernel<15, 32>
2026-09-12T21:30:56.595 DEBUG   :curobo                                  :Cache hit: curobo::kinematics::kinematics_backward_kernel<float, float, 16, true, false, false>
2026-09-12T21:30:56.595 DEBUG   :curobo                                  :Cache hit: curobo::trajectory::bspline::bspline_backward_kernel<3, float, (curobo::trajectory::bspline::BasisBackend)2>
2026-09-12T21:30:56.595 DEBUG   :curobo                                  :Cache hit: curobo::optimization::line_search::kernel_line_search<float, 4>
2026-09-12T21:30:56.595 DEBUG   :curobo                                  :Cache hit: curobo::optimization::kernel_lbfgs_step_shared_memory<float, false, 27>
2026-09-12T21:30:56.596 DEBUG   :curobo                                  :Cache hit: curobo::trajectory::bspline::interpolate_bspline_kernel<float, 3, (curobo::trajectory::bspline::BasisBackend)2>
2026-09-12T21:30:56.596 DEBUG   :curobo                                  :Cache hit: curobo::kinematics::kinematics_forward_spheres_kernel<15, 32>
2026-09-12T21:30:56.597 DEBUG   :curobo                                  :Cache hit: curobo::kinematics::kinematics_backward_kernel<float, float, 16, true, false, false>
2026-09-12T21:30:56.597 DEBUG   :curobo                                  :Cache hit: curobo::trajectory::bspline::bspline_backward_kernel<3, float, (curobo::trajectory::bspline::BasisBackend)2>
2026-09-12T21:30:56.598 DEBUG   :curobo                                  :Cache hit: curobo::optimization::line_search::kernel_line_search<float, 4>
2026-09-12T21:30:56.598 DEBUG   :curobo                                  :Cache hit: curobo::optimization::kernel_lbfgs_step_shared_memory<float, false, 27>
2026-09-12T21:30:56.598 DEBUG   :curobo                                  :Cache hit: curobo::trajectory::bspline::interpolate_bspline_kernel<float, 3, (curobo::trajectory::bspline::BasisBackend)2>
2026-09-12T21:30:56.599 DEBUG   :curobo                                  :Cache hit: curobo::kinematics::kinematics_forward_spheres_kernel<15, 32>
2026-09-12T21:30:56.600 DEBUG   :curobo                                  :Cache hit: curobo::kinematics::kinematics_backward_kernel<float, float, 16, true, false, false>
2026-09-12T21:30:56.600 DEBUG   :curobo                                  :Cache hit: curobo::trajectory::bspline::bspline_backward_kernel<3, float, (curobo::trajectory::bspline::BasisBackend)2>
2026-09-12T21:30:56.600 DEBUG   :curobo                                  :Cache hit: curobo::optimization::line_search::kernel_line_search<float, 4>
2026-09-12T21:30:56.601 DEBUG   :curobo                                  :Cache hit: curobo::optimization::kernel_lbfgs_step_shared_memory<float, false, 27>
2026-09-12T21:30:56.601 DEBUG   :curobo                                  :Cache hit: curobo::trajectory::bspline::interpolate_bspline_kernel<float, 3, (curobo::trajectory::bspline::BasisBackend)2>
2026-09-12T21:30:56.601 DEBUG   :curobo                                  :Cache hit: curobo::kinematics::kinematics_forward_spheres_kernel<15, 32>
2026-09-12T21:30:56.603 DEBUG   :curobo                                  :Cache hit: curobo::kinematics::kinematics_backward_kernel<float, float, 16, true, false, false>
2026-09-12T21:30:56.603 DEBUG   :curobo                                  :Cache hit: curobo::trajectory::bspline::bspline_backward_kernel<3, float, (curobo::trajectory::bspline::BasisBackend)2>
2026-09-12T21:30:56.603 DEBUG   :curobo                                  :Cache hit: curobo::optimization::line_search::kernel_line_search<float, 4>
2026-09-12T21:30:56.604 DEBUG   :curobo                                  :Cache hit: curobo::optimization::kernel_lbfgs_step_shared_memory<float, false, 27>
2026-09-12T21:30:56.604 DEBUG   :curobo                                  :Cache hit: curobo::trajectory::bspline::interpolate_bspline_kernel<float, 3, (curobo::trajectory::bspline::BasisBackend)2>
2026-09-12T21:30:56.604 DEBUG   :curobo                                  :Cache hit: curobo::kinematics::kinematics_forward_spheres_kernel<15, 32>
2026-09-12T21:30:56.606 DEBUG   :curobo                                  :Cache hit: curobo::kinematics::kinematics_backward_kernel<float, float, 16, true, false, false>
2026-09-12T21:30:56.606 DEBUG   :curobo                                  :Cache hit: curobo::trajectory::bspline::bspline_backward_kernel<3, float, (curobo::trajectory::bspline::BasisBackend)2>
2026-09-12T21:30:56.606 DEBUG   :curobo                                  :Cache hit: curobo::optimization::line_search::kernel_line_search<float, 4>
2026-09-12T21:30:56.606 DEBUG   :curobo                                  :Cache hit: curobo::optimization::kernel_lbfgs_step_shared_memory<float, false, 27>
2026-09-12T21:30:56.607 DEBUG   :curobo                                  :Cache hit: curobo::trajectory::bspline::interpolate_bspline_kernel<float, 3, (curobo::trajectory::bspline::BasisBackend)2>
2026-09-12T21:30:56.607 DEBUG   :curobo                                  :Cache hit: curobo::kinematics::kinematics_forward_spheres_kernel<15, 32>
2026-09-12T21:30:56.608 DEBUG   :curobo                                  :Cache hit: curobo::kinematics::kinematics_backward_kernel<float, float, 16, true, false, false>
2026-09-12T21:30:56.608 DEBUG   :curobo                                  :Cache hit: curobo::trajectory::bspline::bspline_backward_kernel<3, float, (curobo::trajectory::bspline::BasisBackend)2>
2026-09-12T21:30:56.609 DEBUG   :curobo                                  :Cache hit: curobo::optimization::line_search::kernel_line_search<float, 4>
2026-09-12T21:30:56.609 DEBUG   :curobo                                  :Cache hit: curobo::optimization::kernel_lbfgs_step_shared_memory<float, false, 27>
2026-09-12T21:30:56.609 DEBUG   :curobo                                  :Cache hit: curobo::trajectory::bspline::interpolate_bspline_kernel<float, 3, (curobo::trajectory::bspline::BasisBackend)2>
2026-09-12T21:30:56.610 DEBUG   :curobo                                  :Cache hit: curobo::kinematics::kinematics_forward_spheres_kernel<15, 32>
2026-09-12T21:30:56.611 DEBUG   :curobo                                  :Cache hit: curobo::kinematics::kinematics_backward_kernel<float, float, 16, true, false, false>
2026-09-12T21:30:56.611 DEBUG   :curobo                                  :Cache hit: curobo::trajectory::bspline::bspline_backward_kernel<3, float, (curobo::trajectory::bspline::BasisBackend)2>
2026-09-12T21:30:56.611 DEBUG   :curobo                                  :Cache hit: curobo::optimization::line_search::kernel_line_search<float, 4>
2026-09-12T21:30:56.612 DEBUG   :curobo                                  :Cache hit: curobo::optimization::kernel_lbfgs_step_shared_memory<float, false, 27>
2026-09-12T21:30:56.612 DEBUG   :curobo                                  :Cache hit: curobo::trajectory::bspline::interpolate_bspline_kernel<float, 3, (curobo::trajectory::bspline::BasisBackend)2>
2026-09-12T21:30:56.612 DEBUG   :curobo                                  :Cache hit: curobo::kinematics::kinematics_forward_spheres_kernel<15, 32>
2026-09-12T21:30:56.613 DEBUG   :curobo                                  :Cache hit: curobo::kinematics::kinematics_backward_kernel<float, float, 16, true, false, false>
2026-09-12T21:30:56.614 DEBUG   :curobo                                  :Cache hit: curobo::trajectory::bspline::bspline_backward_kernel<3, float, (curobo::trajectory::bspline::BasisBackend)2>
2026-09-12T21:30:56.614 DEBUG   :curobo                                  :Cache hit: curobo::optimization::line_search::kernel_line_search<float, 4>
2026-09-12T21:30:56.614 DEBUG   :curobo                                  :Cache hit: curobo::optimization::kernel_lbfgs_step_shared_memory<float, false, 27>
2026-09-12T21:30:56.614 DEBUG   :curobo                                  :Cache hit: curobo::trajectory::bspline::interpolate_bspline_kernel<float, 3, (curobo::trajectory::bspline::BasisBackend)2>
2026-09-12T21:30:56.615 DEBUG   :curobo                                  :Cache hit: curobo::kinematics::kinematics_forward_spheres_kernel<15, 32>
2026-09-12T21:30:56.616 DEBUG   :curobo                                  :Cache hit: curobo::kinematics::kinematics_backward_kernel<float, float, 16, true, false, false>
2026-09-12T21:30:56.616 DEBUG   :curobo                                  :Cache hit: curobo::trajectory::bspline::bspline_backward_kernel<3, float, (curobo::trajectory::bspline::BasisBackend)2>
2026-09-12T21:30:56.616 DEBUG   :curobo                                  :Cache hit: curobo::optimization::line_search::kernel_line_search<float, 4>
2026-09-12T21:30:56.616 DEBUG   :curobo                                  :Cache hit: curobo::optimization::kernel_lbfgs_step_shared_memory<float, false, 27>
2026-09-12T21:30:56.617 DEBUG   :curobo                                  :Cache hit: curobo::trajectory::bspline::interpolate_bspline_kernel<float, 3, (curobo::trajectory::bspline::BasisBackend)2>
2026-09-12T21:30:56.617 DEBUG   :curobo                                  :Cache hit: curobo::kinematics::kinematics_forward_spheres_kernel<15, 32>
2026-09-12T21:30:56.618 DEBUG   :curobo                                  :Cache hit: curobo::kinematics::kinematics_backward_kernel<float, float, 16, true, false, false>
2026-09-12T21:30:56.618 DEBUG   :curobo                                  :Cache hit: curobo::trajectory::bspline::bspline_backward_kernel<3, float, (curobo::trajectory::bspline::BasisBackend)2>
2026-09-12T21:30:56.618 DEBUG   :curobo                                  :Cache hit: curobo::optimization::line_search::kernel_line_search<float, 4>
2026-09-12T21:30:56.619 DEBUG   :curobo                                  :Cache hit: curobo::optimization::kernel_lbfgs_step_shared_memory<float, false, 27>
2026-09-12T21:30:56.619 DEBUG   :curobo                                  :Cache hit: curobo::trajectory::bspline::interpolate_bspline_kernel<float, 3, (curobo::trajectory::bspline::BasisBackend)2>
2026-09-12T21:30:56.619 DEBUG   :curobo                                  :Cache hit: curobo::kinematics::kinematics_forward_spheres_kernel<15, 32>
2026-09-12T21:30:56.621 DEBUG   :curobo                                  :Cache hit: curobo::kinematics::kinematics_backward_kernel<float, float, 16, true, false, false>
2026-09-12T21:30:56.621 DEBUG   :curobo                                  :Cache hit: curobo::trajectory::bspline::bspline_backward_kernel<3, float, (curobo::trajectory::bspline::BasisBackend)2>
2026-09-12T21:30:56.622 DEBUG   :curobo                                  :Cache hit: curobo::optimization::line_search::kernel_line_search<float, 4>
2026-09-12T21:30:56.622 DEBUG   :curobo                                  :Cache hit: curobo::optimization::kernel_lbfgs_step_shared_memory<float, false, 27>
2026-09-12T21:30:56.623 DEBUG   :curobo                                  :Cache hit: curobo::trajectory::bspline::interpolate_bspline_kernel<float, 3, (curobo::trajectory::bspline::BasisBackend)2>
2026-09-12T21:30:56.623 DEBUG   :curobo                                  :Cache hit: curobo::kinematics::kinematics_forward_spheres_kernel<15, 32>
2026-09-12T21:30:56.625 DEBUG   :curobo                                  :Cache hit: curobo::kinematics::kinematics_backward_kernel<float, float, 16, true, false, false>
2026-09-12T21:30:56.625 DEBUG   :curobo                                  :Cache hit: curobo::trajectory::bspline::bspline_backward_kernel<3, float, (curobo::trajectory::bspline::BasisBackend)2>
2026-09-12T21:30:56.626 DEBUG   :curobo                                  :Cache hit: curobo::optimization::line_search::kernel_line_search<float, 4>
2026-09-12T21:30:56.626 DEBUG   :curobo                                  :Cache hit: curobo::optimization::kernel_lbfgs_step_shared_memory<float, false, 27>
2026-09-12T21:30:56.627 DEBUG   :curobo                                  :Cache hit: curobo::trajectory::bspline::interpolate_bspline_kernel<float, 3, (curobo::trajectory::bspline::BasisBackend)2>
2026-09-12T21:30:56.627 DEBUG   :curobo                                  :Cache hit: curobo::kinematics::kinematics_forward_spheres_kernel<15, 32>
2026-09-12T21:30:56.629 DEBUG   :curobo                                  :Cache hit: curobo::kinematics::kinematics_backward_kernel<float, float, 16, true, false, false>
2026-09-12T21:30:56.629 DEBUG   :curobo                                  :Cache hit: curobo::trajectory::bspline::bspline_backward_kernel<3, float, (curobo::trajectory::bspline::BasisBackend)2>
2026-09-12T21:30:56.630 DEBUG   :curobo                                  :Cache hit: curobo::optimization::line_search::kernel_line_search<float, 4>
2026-09-12T21:30:56.630 DEBUG   :curobo                                  :Cache hit: curobo::optimization::kernel_lbfgs_step_shared_memory<float, false, 27>
2026-09-12T21:30:56.631 DEBUG   :curobo                                  :Cache hit: curobo::trajectory::bspline::interpolate_bspline_kernel<float, 3, (curobo::trajectory::bspline::BasisBackend)2>
2026-09-12T21:30:56.631 DEBUG   :curobo                                  :Cache hit: curobo::kinematics::kinematics_forward_spheres_kernel<15, 32>
2026-09-12T21:30:56.634 DEBUG   :curobo                                  :Cache hit: curobo::kinematics::kinematics_backward_kernel<float, float, 16, true, false, false>
2026-09-12T21:30:56.634 DEBUG   :curobo                                  :Cache hit: curobo::trajectory::bspline::bspline_backward_kernel<3, float, (curobo::trajectory::bspline::BasisBackend)2>
2026-09-12T21:30:56.634 DEBUG   :curobo                                  :Cache hit: curobo::optimization::line_search::kernel_line_search<float, 4>
2026-09-12T21:30:56.635 DEBUG   :curobo                                  :Cache hit: curobo::optimization::kernel_lbfgs_step_shared_memory<float, false, 27>
2026-09-12T21:30:56.635 DEBUG   :curobo                                  :Cache hit: curobo::trajectory::bspline::interpolate_bspline_kernel<float, 3, (curobo::trajectory::bspline::BasisBackend)2>
2026-09-12T21:30:56.636 DEBUG   :curobo                                  :Cache hit: curobo::kinematics::kinematics_forward_spheres_kernel<15, 32>
2026-09-12T21:30:56.637 DEBUG   :curobo                                  :Cache hit: curobo::kinematics::kinematics_backward_kernel<float, float, 16, true, false, false>
2026-09-12T21:30:56.637 DEBUG   :curobo                                  :Cache hit: curobo::trajectory::bspline::bspline_backward_kernel<3, float, (curobo::trajectory::bspline::BasisBackend)2>
2026-09-12T21:30:56.638 DEBUG   :curobo                                  :Cache hit: curobo::optimization::line_search::kernel_line_search<float, 4>
2026-09-12T21:30:56.638 DEBUG   :curobo                                  :Cache hit: curobo::optimization::kernel_lbfgs_step_shared_memory<float, false, 27>
2026-09-12T21:30:56.639 DEBUG   :curobo                                  :Cache hit: curobo::trajectory::bspline::interpolate_bspline_kernel<float, 3, (curobo::trajectory::bspline::BasisBackend)2>
2026-09-12T21:30:56.639 DEBUG   :curobo                                  :Cache hit: curobo::kinematics::kinematics_forward_spheres_kernel<15, 32>
2026-09-12T21:30:56.641 DEBUG   :curobo                                  :Cache hit: curobo::kinematics::kinematics_backward_kernel<float, float, 16, true, false, false>
2026-09-12T21:30:56.641 DEBUG   :curobo                                  :Cache hit: curobo::trajectory::bspline::bspline_backward_kernel<3, float, (curobo::trajectory::bspline::BasisBackend)2>
2026-09-12T21:30:56.641 DEBUG   :curobo                                  :Cache hit: curobo::optimization::line_search::kernel_line_search<float, 4>
2026-09-12T21:30:56.641 DEBUG   :curobo                                  :Cache hit: curobo::optimization::kernel_lbfgs_step_shared_memory<float, false, 27>
2026-09-12T21:30:56.642 DEBUG   :curobo                                  :Cache hit: curobo::trajectory::bspline::interpolate_bspline_kernel<float, 3, (curobo::trajectory::bspline::BasisBackend)2>
2026-09-12T21:30:56.642 DEBUG   :curobo                                  :Cache hit: curobo::kinematics::kinematics_forward_spheres_kernel<15, 32>
2026-09-12T21:30:56.643 DEBUG   :curobo                                  :Cache hit: curobo::kinematics::kinematics_backward_kernel<float, float, 16, true, false, false>
2026-09-12T21:30:56.643 DEBUG   :curobo                                  :Cache hit: curobo::trajectory::bspline::bspline_backward_kernel<3, float, (curobo::trajectory::bspline::BasisBackend)2>
2026-09-12T21:30:56.643 DEBUG   :curobo                                  :Cache hit: curobo::optimization::line_search::kernel_line_search<float, 4>
2026-09-12T21:30:56.643 DEBUG   :curobo                                  :Cache hit: curobo::optimization::kernel_lbfgs_step_shared_memory<float, false, 27>
2026-09-12T21:30:56.644 DEBUG   :curobo                                  :Cache hit: curobo::trajectory::bspline::interpolate_bspline_kernel<float, 3, (curobo::trajectory::bspline::BasisBackend)2>
2026-09-12T21:30:56.644 DEBUG   :curobo                                  :Cache hit: curobo::kinematics::kinematics_forward_spheres_kernel<15, 32>
2026-09-12T21:30:56.645 DEBUG   :curobo                                  :Cache hit: curobo::kinematics::kinematics_backward_kernel<float, float, 16, true, false, false>
2026-09-12T21:30:56.645 DEBUG   :curobo                                  :Cache hit: curobo::trajectory::bspline::bspline_backward_kernel<3, float, (curobo::trajectory::bspline::BasisBackend)2>
2026-09-12T21:30:56.646 DEBUG   :curobo                                  :Cache hit: curobo::optimization::line_search::kernel_line_search<float, 4>
2026-09-12T21:30:56.646 DEBUG   :curobo                                  :Cache hit: curobo::optimization::kernel_lbfgs_step_shared_memory<float, false, 27>
2026-09-12T21:30:56.646 DEBUG   :curobo                                  :Cache hit: curobo::trajectory::bspline::interpolate_bspline_kernel<float, 3, (curobo::trajectory::bspline::BasisBackend)2>
2026-09-12T21:30:56.646 DEBUG   :curobo                                  :Cache hit: curobo::kinematics::kinematics_forward_spheres_kernel<15, 32>
2026-09-12T21:30:56.647 DEBUG   :curobo                                  :Cache hit: curobo::kinematics::kinematics_backward_kernel<float, float, 16, true, false, false>
2026-09-12T21:30:56.647 DEBUG   :curobo                                  :Cache hit: curobo::trajectory::bspline::bspline_backward_kernel<3, float, (curobo::trajectory::bspline::BasisBackend)2>
2026-09-12T21:30:56.648 DEBUG   :curobo                                  :Cache hit: curobo::optimization::line_search::kernel_line_search<float, 4>
2026-09-12T21:30:56.648 DEBUG   :curobo                                  :Cache hit: curobo::optimization::kernel_lbfgs_step_shared_memory<float, false, 27>
2026-09-12T21:30:56.648 DEBUG   :curobo                                  :Cache hit: curobo::trajectory::bspline::interpolate_bspline_kernel<float, 3, (curobo::trajectory::bspline::BasisBackend)2>
2026-09-12T21:30:56.649 DEBUG   :curobo                                  :Cache hit: curobo::kinematics::kinematics_forward_spheres_kernel<15, 32>
2026-09-12T21:30:56.650 DEBUG   :curobo                                  :Cache hit: curobo::kinematics::kinematics_backward_kernel<float, float, 16, true, false, false>
2026-09-12T21:30:56.650 DEBUG   :curobo                                  :Cache hit: curobo::trajectory::bspline::bspline_backward_kernel<3, float, (curobo::trajectory::bspline::BasisBackend)2>
2026-09-12T21:30:56.650 DEBUG   :curobo                                  :Cache hit: curobo::optimization::line_search::kernel_line_search<float, 4>
2026-09-12T21:30:56.650 DEBUG   :curobo                                  :Cache hit: curobo::optimization::kernel_lbfgs_step_shared_memory<float, false, 27>
2026-09-12T21:30:56.651 DEBUG   :curobo                                  :Cache hit: curobo::trajectory::bspline::interpolate_bspline_kernel<float, 3, (curobo::trajectory::bspline::BasisBackend)2>
2026-09-12T21:30:56.651 DEBUG   :curobo                                  :Cache hit: curobo::kinematics::kinematics_forward_spheres_kernel<15, 32>
2026-09-12T21:30:56.652 DEBUG   :curobo                                  :Cache hit: curobo::kinematics::kinematics_backward_kernel<float, float, 16, true, false, false>
2026-09-12T21:30:56.652 DEBUG   :curobo                                  :Cache hit: curobo::trajectory::bspline::bspline_backward_kernel<3, float, (curobo::trajectory::bspline::BasisBackend)2>
2026-09-12T21:30:56.653 DEBUG   :curobo                                  :Cache hit: curobo::optimization::line_search::kernel_line_search<float, 4>
2026-09-12T21:30:56.653 DEBUG   :curobo                                  :Cache hit: curobo::optimization::kernel_lbfgs_step_shared_memory<float, false, 27>
2026-09-12T21:30:56.653 DEBUG   :curobo                                  :Cache hit: curobo::trajectory::bspline::interpolate_bspline_kernel<float, 3, (curobo::trajectory::bspline::BasisBackend)2>
2026-09-12T21:30:56.654 DEBUG   :curobo                                  :Cache hit: curobo::kinematics::kinematics_forward_spheres_kernel<15, 32>
2026-09-12T21:30:56.655 DEBUG   :curobo                                  :Cache hit: curobo::kinematics::kinematics_backward_kernel<float, float, 16, true, false, false>
2026-09-12T21:30:56.655 DEBUG   :curobo                                  :Cache hit: curobo::trajectory::bspline::bspline_backward_kernel<3, float, (curobo::trajectory::bspline::BasisBackend)2>
2026-09-12T21:30:56.655 DEBUG   :curobo                                  :Cache hit: curobo::optimization::line_search::kernel_line_search<float, 4>
2026-09-12T21:30:56.655 DEBUG   :curobo                                  :Cache hit: curobo::optimization::kernel_lbfgs_step_shared_memory<float, false, 27>
2026-09-12T21:30:56.663 DEBUG   :curobo                                  :Cache hit: curobo::trajectory::bspline::interpolate_bspline_kernel<float, 3, (curobo::trajectory::bspline::BasisBackend)2>
2026-09-12T21:30:56.663 DEBUG   :curobo                                  :Cache hit: curobo::kinematics::kinematics_forward_spheres_kernel<15, 32>
2026-09-12T21:30:56.664 INFO    :curobo                                  :Recording CUDA Graph for _compute_metrics_from_action_impl
2026-09-12T21:30:56.736 INFO    :curobo                                  :Updating state_seq buffer reference (created new tensor)
2026-09-12T21:30:56.737 DEBUG   :curobo                                  :Cache hit: curobo::trajectory::bspline::interpolate_bspline_kernel<float, 3, (curobo::trajectory::bspline::BasisBackend)2>
2026-09-12T21:30:56.737 DEBUG   :curobo                                  :Cache hit: curobo::kinematics::kinematics_forward_spheres_kernel<15, 32>
2026-09-12T21:30:56.738 INFO    :curobo                                  :Compiling kernel: curobo::geometry::self_collision::self_collision_max_distance_kernel<false>
2026-09-12T21:30:56.914 INFO    :curobo                                  :Successfully compiled kernel: curobo::geometry::self_collision::self_collision_max_distance_kernel<false>
2026-09-12T21:30:56.919 DEBUG   :curobo                                  :Cache hit: curobo::trajectory::bspline::interpolate_bspline_kernel<float, 3, (curobo::trajectory::bspline::BasisBackend)2>
2026-09-12T21:30:56.920 DEBUG   :curobo                                  :Cache hit: curobo::kinematics::kinematics_forward_spheres_kernel<15, 32>
2026-09-12T21:30:56.920 DEBUG   :curobo                                  :Cache hit: curobo::geometry::self_collision::self_collision_max_distance_kernel<false>
2026-09-12T21:30:56.921 DEBUG   :curobo                                  :Cache hit: curobo::trajectory::bspline::interpolate_bspline_kernel<float, 3, (curobo::trajectory::bspline::BasisBackend)2>
2026-09-12T21:30:56.921 DEBUG   :curobo                                  :Cache hit: curobo::kinematics::kinematics_forward_spheres_kernel<15, 32>
2026-09-12T21:30:56.922 DEBUG   :curobo                                  :Cache hit: curobo::geometry::self_collision::self_collision_max_distance_kernel<false>
2026-09-12T21:30:56.923 DEBUG   :curobo                                  :Cache hit: curobo::trajectory::bspline::interpolate_bspline_kernel<float, 3, (curobo::trajectory::bspline::BasisBackend)2>
2026-09-12T21:30:56.923 DEBUG   :curobo                                  :Cache hit: curobo::kinematics::kinematics_forward_spheres_kernel<15, 32>
2026-09-12T21:30:56.924 DEBUG   :curobo                                  :Cache hit: curobo::geometry::self_collision::self_collision_max_distance_kernel<false>
2026-09-12T21:30:56.925 INFO    :curobo                                  :Compiling kernel: curobo::trajectory::bspline::interpolate_bspline_single_dt_kernel<float, 3, (curobo::trajectory::bspline::BasisBackend)2>
2026-09-12T21:30:57.019 INFO    :curobo                                  :Successfully compiled kernel: curobo::trajectory::bspline::interpolate_bspline_single_dt_kernel<float, 3, (curobo::trajectory::bspline::BasisBackend)2>
2026-09-12T21:30:57.020 DEBUG   :curobo                                  :Cache hit: curobo::kinematics::kinematics_forward_spheres_kernel<15, 32>
2026-09-12T21:30:57.020 INFO    :curobo                                  :Recording CUDA Graph for _compute_metrics_from_state_impl
2026-09-12T21:30:57.102 DEBUG   :curobo                                  :Cache hit: curobo::geometry::self_collision::self_collision_max_distance_kernel<false>
2026-09-12T21:30:57.106 DEBUG   :curobo                                  :Cache hit: curobo::geometry::self_collision::self_collision_max_distance_kernel<false>
2026-09-12T21:30:57.108 DEBUG   :curobo                                  :Cache hit: curobo::geometry::self_collision::self_collision_max_distance_kernel<false>
2026-09-12T21:30:57.110 DEBUG   :curobo                                  :Cache hit: curobo::geometry::self_collision::self_collision_max_distance_kernel<false>
2026-09-12T21:30:57.150 DEBUG   :curobo                                  :Cache hit: curobo::trajectory::bspline::interpolate_bspline_kernel<float, 3, (curobo::trajectory::bspline::BasisBackend)2>
2026-09-12T21:30:57.150 DEBUG   :curobo                                  :Cache hit: curobo::kinematics::kinematics_forward_spheres_kernel<15, 32>
2026-09-12T21:30:57.151 DEBUG   :curobo                                  :Cache hit: curobo::kinematics::kinematics_backward_kernel<float, float, 16, true, false, false>
2026-09-12T21:30:57.151 DEBUG   :curobo                                  :Cache hit: curobo::trajectory::bspline::bspline_backward_kernel<3, float, (curobo::trajectory::bspline::BasisBackend)2>
2026-09-12T21:30:57.152 DEBUG   :curobo                                  :Cache hit: curobo::optimization::line_search::kernel_line_search<float, 4>
2026-09-12T21:30:57.152 INFO    :curobo                                  :Running optimizer 1/1: LBFGSOpt
2026-09-12T21:30:57.158 DEBUG   :curobo                                  :Cache hit: curobo::trajectory::bspline::interpolate_bspline_kernel<float, 3, (curobo::trajectory::bspline::BasisBackend)2>
2026-09-12T21:30:57.158 DEBUG   :curobo                                  :Cache hit: curobo::kinematics::kinematics_forward_spheres_kernel<15, 32>
2026-09-12T21:30:57.159 DEBUG   :curobo                                  :Cache hit: curobo::trajectory::bspline::interpolate_bspline_single_dt_kernel<float, 3, (curobo::trajectory::bspline::BasisBackend)2>
2026-09-12T21:30:57.159 DEBUG   :curobo                                  :Cache hit: curobo::kinematics::kinematics_forward_spheres_kernel<15, 32>
2026-09-12T21:30:57.162 DEBUG   :curobo                                  :Cache hit: curobo::trajectory::bspline::interpolate_bspline_kernel<float, 3, (curobo::trajectory::bspline::BasisBackend)2>
2026-09-12T21:30:57.163 DEBUG   :curobo                                  :Cache hit: curobo::kinematics::kinematics_forward_spheres_kernel<15, 32>
2026-09-12T21:30:57.164 DEBUG   :curobo                                  :Cache hit: curobo::kinematics::kinematics_backward_kernel<float, float, 16, true, false, false>
2026-09-12T21:30:57.164 DEBUG   :curobo                                  :Cache hit: curobo::trajectory::bspline::bspline_backward_kernel<3, float, (curobo::trajectory::bspline::BasisBackend)2>
2026-09-12T21:30:57.164 DEBUG   :curobo                                  :Cache hit: curobo::optimization::line_search::kernel_line_search<float, 4>
2026-09-12T21:30:57.165 INFO    :curobo                                  :Running optimizer 1/1: LBFGSOpt
2026-09-12T21:30:57.171 DEBUG   :curobo                                  :Cache hit: curobo::trajectory::bspline::interpolate_bspline_kernel<float, 3, (curobo::trajectory::bspline::BasisBackend)2>
2026-09-12T21:30:57.171 DEBUG   :curobo                                  :Cache hit: curobo::kinematics::kinematics_forward_spheres_kernel<15, 32>
2026-09-12T21:30:57.172 DEBUG   :curobo                                  :Cache hit: curobo::trajectory::bspline::interpolate_bspline_single_dt_kernel<float, 3, (curobo::trajectory::bspline::BasisBackend)2>
2026-09-12T21:30:57.172 DEBUG   :curobo                                  :Cache hit: curobo::kinematics::kinematics_forward_spheres_kernel<15, 32>
2026-09-12T21:30:57.175 DEBUG   :curobo                                  :Cache hit: curobo::trajectory::bspline::interpolate_bspline_kernel<float, 3, (curobo::trajectory::bspline::BasisBackend)2>
2026-09-12T21:30:57.175 DEBUG   :curobo                                  :Cache hit: curobo::kinematics::kinematics_forward_spheres_kernel<15, 32>
2026-09-12T21:30:57.177 DEBUG   :curobo                                  :Cache hit: curobo::kinematics::kinematics_backward_kernel<float, float, 16, true, false, false>
2026-09-12T21:30:57.177 DEBUG   :curobo                                  :Cache hit: curobo::trajectory::bspline::bspline_backward_kernel<3, float, (curobo::trajectory::bspline::BasisBackend)2>
2026-09-12T21:30:57.177 DEBUG   :curobo                                  :Cache hit: curobo::optimization::line_search::kernel_line_search<float, 4>
2026-09-12T21:30:57.177 INFO    :curobo                                  :Running optimizer 1/1: LBFGSOpt
2026-09-12T21:30:57.183 DEBUG   :curobo                                  :Cache hit: curobo::trajectory::bspline::interpolate_bspline_kernel<float, 3, (curobo::trajectory::bspline::BasisBackend)2>
2026-09-12T21:30:57.184 DEBUG   :curobo                                  :Cache hit: curobo::kinematics::kinematics_forward_spheres_kernel<15, 32>
2026-09-12T21:30:57.186 DEBUG   :curobo                                  :Cache hit: curobo::trajectory::bspline::interpolate_bspline_single_dt_kernel<float, 3, (curobo::trajectory::bspline::BasisBackend)2>
2026-09-12T21:30:57.186 DEBUG   :curobo                                  :Cache hit: curobo::kinematics::kinematics_forward_spheres_kernel<15, 32>
2026-09-12T21:30:57.245 DEBUG   :curobo                                  :Self Collision skipped %: 48.38903944595002
2026-09-12T21:30:57.245 DEBUG   :curobo                                  :Self Collision count: 1714
2026-09-12T21:30:57.245 DEBUG   :curobo                                  :Self Collision per thread: 4
2026-09-12T21:30:57.264 DEBUG   :curobo                                  :Warp initialized - Version: 1.17.0
2026-09-12T21:30:57.264 DEBUG   :curobo                                  :Warp Devices: ['cpu', 'cuda:0']
2026-09-12T21:30:57.269 DEBUG   :curobo                                  :Warp initialized - Version: 1.17.0
2026-09-12T21:30:57.269 DEBUG   :curobo                                  :Warp Devices: ['cpu', 'cuda:0']
2026-09-12T21:30:57.269 INFO    :curobo                                  :Initialized 3 costs for robot rollout
2026-09-12T21:30:57.270 DEBUG   :curobo                                  :Warp initialized - Version: 1.17.0
2026-09-12T21:30:57.270 DEBUG   :curobo                                  :Warp Devices: ['cpu', 'cuda:0']
2026-09-12T21:30:57.270 INFO    :curobo                                  :Initialized 3 costs for robot rollout
2026-09-12T21:30:57.270 DEBUG   :curobo                                  :Warp initialized - Version: 1.17.0
2026-09-12T21:30:57.270 DEBUG   :curobo                                  :Warp Devices: ['cpu', 'cuda:0']
2026-09-12T21:30:57.270 DEBUG   :curobo                                  :Warp initialized - Version: 1.17.0
2026-09-12T21:30:57.270 DEBUG   :curobo                                  :Warp Devices: ['cpu', 'cuda:0']
2026-09-12T21:30:57.270 INFO    :curobo                                  :Initialized 3 costs for robot rollout
2026-09-12T21:30:57.273 DEBUG   :curobo                                  :Warp initialized - Version: 1.17.0
2026-09-12T21:30:57.273 DEBUG   :curobo                                  :Warp Devices: ['cpu', 'cuda:0']
2026-09-12T21:30:57.273 INFO    :curobo                                  :Initialized 3 costs for robot rollout
2026-09-12T21:30:57.273 DEBUG   :curobo                                  :Warp initialized - Version: 1.17.0
2026-09-12T21:30:57.273 DEBUG   :curobo                                  :Warp Devices: ['cpu', 'cuda:0']
2026-09-12T21:30:57.273 INFO    :curobo                                  :Initialized 3 costs for robot rollout
2026-09-12T21:30:57.273 DEBUG   :curobo                                  :Warp initialized - Version: 1.17.0
2026-09-12T21:30:57.273 DEBUG   :curobo                                  :Warp Devices: ['cpu', 'cuda:0']
2026-09-12T21:30:57.274 DEBUG   :curobo                                  :Warp initialized - Version: 1.17.0
2026-09-12T21:30:57.274 DEBUG   :curobo                                  :Warp Devices: ['cpu', 'cuda:0']
2026-09-12T21:30:57.274 INFO    :curobo                                  :Initialized 3 costs for robot rollout
2026-09-12T21:30:57.277 DEBUG   :curobo                                  :Warp initialized - Version: 1.17.0
2026-09-12T21:30:57.277 DEBUG   :curobo                                  :Warp Devices: ['cpu', 'cuda:0']
2026-09-12T21:30:57.277 INFO    :curobo                                  :Initialized 2 costs for robot rollout
2026-09-12T21:30:57.278 DEBUG   :curobo                                  :Warp initialized - Version: 1.17.0
2026-09-12T21:30:57.278 DEBUG   :curobo                                  :Warp Devices: ['cpu', 'cuda:0']
2026-09-12T21:30:57.278 INFO    :curobo                                  :Initialized 2 costs for robot rollout
2026-09-12T21:30:57.278 INFO    :curobo                                  :Initialized 2 costs for robot rollout
2026-09-12T21:30:57.278 INFO    :curobo                                  :Initialized 2 costs for robot rollout
2026-09-12T21:30:57.282 DEBUG   :curobo                                  :Warp initialized - Version: 1.17.0
2026-09-12T21:30:57.282 DEBUG   :curobo                                  :Warp Devices: ['cpu', 'cuda:0']
2026-09-12T21:30:57.282 INFO    :curobo                                  :Initialized 2 costs for robot rollout
2026-09-12T21:30:57.282 DEBUG   :curobo                                  :Warp initialized - Version: 1.17.0
2026-09-12T21:30:57.282 DEBUG   :curobo                                  :Warp Devices: ['cpu', 'cuda:0']
2026-09-12T21:30:57.283 INFO    :curobo                                  :Initialized 2 costs for robot rollout
2026-09-12T21:30:57.283 INFO    :curobo                                  :Initialized 2 costs for robot rollout
2026-09-12T21:30:57.283 INFO    :curobo                                  :Initialized 2 costs for robot rollout
2026-09-12T21:30:57.283 INFO    :curobo                                  :LBFGS: history >= opt_dim, reducing history to opt_dim-1
2026-09-12T21:30:57.284 INFO    :curobo                                  :Updating state_seq buffer reference (created new tensor)
2026-09-12T21:30:57.285 INFO    :curobo                                  :Updating state_seq buffer reference (created new tensor)
2026-09-12T21:30:57.288 DEBUG   :curobo                                  :Warp initialized - Version: 1.17.0
2026-09-12T21:30:57.288 DEBUG   :curobo                                  :Warp Devices: ['cpu', 'cuda:0']
2026-09-12T21:30:57.292 INFO    :curobo                                  :Seed IK Solver initialized for robot with 6 DOF
2026-09-12T21:30:57.292 INFO    :curobo                                  :Controlled links: ['tcp']
2026-09-12T21:30:57.295 DEBUG   :curobo                                  :Warp initialized - Version: 1.17.0
2026-09-12T21:30:57.295 DEBUG   :curobo                                  :Warp Devices: ['cpu', 'cuda:0']
2026-09-12T21:30:57.295 INFO    :curobo                                  :Initialized 3 costs for robot rollout
2026-09-12T21:30:57.295 DEBUG   :curobo                                  :Warp initialized - Version: 1.17.0
2026-09-12T21:30:57.295 DEBUG   :curobo                                  :Warp Devices: ['cpu', 'cuda:0']
2026-09-12T21:30:57.295 INFO    :curobo                                  :Initialized 3 costs for robot rollout
2026-09-12T21:30:57.295 DEBUG   :curobo                                  :Warp initialized - Version: 1.17.0
2026-09-12T21:30:57.295 DEBUG   :curobo                                  :Warp Devices: ['cpu', 'cuda:0']
2026-09-12T21:30:57.296 DEBUG   :curobo                                  :Warp initialized - Version: 1.17.0
2026-09-12T21:30:57.296 DEBUG   :curobo                                  :Warp Devices: ['cpu', 'cuda:0']
2026-09-12T21:30:57.296 INFO    :curobo                                  :Initialized 3 costs for robot rollout
2026-09-12T21:30:57.298 DEBUG   :curobo                                  :Warp initialized - Version: 1.17.0
2026-09-12T21:30:57.298 DEBUG   :curobo                                  :Warp Devices: ['cpu', 'cuda:0']
2026-09-12T21:30:57.298 INFO    :curobo                                  :Initialized 3 costs for robot rollout
2026-09-12T21:30:57.299 DEBUG   :curobo                                  :Warp initialized - Version: 1.17.0
2026-09-12T21:30:57.299 DEBUG   :curobo                                  :Warp Devices: ['cpu', 'cuda:0']
2026-09-12T21:30:57.299 INFO    :curobo                                  :Initialized 3 costs for robot rollout
2026-09-12T21:30:57.299 DEBUG   :curobo                                  :Warp initialized - Version: 1.17.0
2026-09-12T21:30:57.299 DEBUG   :curobo                                  :Warp Devices: ['cpu', 'cuda:0']
2026-09-12T21:30:57.299 DEBUG   :curobo                                  :Warp initialized - Version: 1.17.0
2026-09-12T21:30:57.299 DEBUG   :curobo                                  :Warp Devices: ['cpu', 'cuda:0']
2026-09-12T21:30:57.299 INFO    :curobo                                  :Initialized 3 costs for robot rollout
2026-09-12T21:30:57.302 DEBUG   :curobo                                  :Warp initialized - Version: 1.17.0
2026-09-12T21:30:57.302 DEBUG   :curobo                                  :Warp Devices: ['cpu', 'cuda:0']
2026-09-12T21:30:57.302 INFO    :curobo                                  :Initialized 2 costs for robot rollout
2026-09-12T21:30:57.302 DEBUG   :curobo                                  :Warp initialized - Version: 1.17.0
2026-09-12T21:30:57.302 DEBUG   :curobo                                  :Warp Devices: ['cpu', 'cuda:0']
2026-09-12T21:30:57.302 INFO    :curobo                                  :Initialized 2 costs for robot rollout
2026-09-12T21:30:57.302 INFO    :curobo                                  :Initialized 2 costs for robot rollout
2026-09-12T21:30:57.303 INFO    :curobo                                  :Initialized 2 costs for robot rollout
2026-09-12T21:30:57.305 DEBUG   :curobo                                  :Warp initialized - Version: 1.17.0
2026-09-12T21:30:57.305 DEBUG   :curobo                                  :Warp Devices: ['cpu', 'cuda:0']
2026-09-12T21:30:57.305 INFO    :curobo                                  :Initialized 2 costs for robot rollout
2026-09-12T21:30:57.306 DEBUG   :curobo                                  :Warp initialized - Version: 1.17.0
2026-09-12T21:30:57.306 DEBUG   :curobo                                  :Warp Devices: ['cpu', 'cuda:0']
2026-09-12T21:30:57.306 INFO    :curobo                                  :Initialized 2 costs for robot rollout
2026-09-12T21:30:57.306 INFO    :curobo                                  :Initialized 2 costs for robot rollout
2026-09-12T21:30:57.306 INFO    :curobo                                  :Initialized 2 costs for robot rollout
2026-09-12T21:30:57.307 INFO    :curobo                                  :Updating state_seq buffer reference (created new tensor)
2026-09-12T21:30:57.307 INFO    :curobo                                  :Updating state_seq buffer reference (created new tensor)
2026-09-12T21:30:57.312 DEBUG   :curobo                                  :Warp initialized - Version: 1.17.0
2026-09-12T21:30:57.312 DEBUG   :curobo                                  :Warp Devices: ['cpu', 'cuda:0']
2026-09-12T21:30:57.312 INFO    :curobo                                  :Initialized 3 costs for robot rollout
2026-09-12T21:30:57.312 DEBUG   :curobo                                  :Warp initialized - Version: 1.17.0
2026-09-12T21:30:57.312 DEBUG   :curobo                                  :Warp Devices: ['cpu', 'cuda:0']
2026-09-12T21:30:57.312 INFO    :curobo                                  :Initialized 3 costs for robot rollout
2026-09-12T21:30:57.312 DEBUG   :curobo                                  :Warp initialized - Version: 1.17.0
2026-09-12T21:30:57.312 DEBUG   :curobo                                  :Warp Devices: ['cpu', 'cuda:0']
2026-09-12T21:30:57.312 DEBUG   :curobo                                  :Warp initialized - Version: 1.17.0
2026-09-12T21:30:57.312 DEBUG   :curobo                                  :Warp Devices: ['cpu', 'cuda:0']
2026-09-12T21:30:57.313 INFO    :curobo                                  :Initialized 3 costs for robot rollout
2026-09-12T21:30:57.315 DEBUG   :curobo                                  :Warp initialized - Version: 1.17.0
2026-09-12T21:30:57.315 DEBUG   :curobo                                  :Warp Devices: ['cpu', 'cuda:0']
2026-09-12T21:30:57.315 INFO    :curobo                                  :Initialized 3 costs for robot rollout
2026-09-12T21:30:57.315 DEBUG   :curobo                                  :Warp initialized - Version: 1.17.0
2026-09-12T21:30:57.315 DEBUG   :curobo                                  :Warp Devices: ['cpu', 'cuda:0']
2026-09-12T21:30:57.315 INFO    :curobo                                  :Initialized 3 costs for robot rollout
2026-09-12T21:30:57.315 DEBUG   :curobo                                  :Warp initialized - Version: 1.17.0
2026-09-12T21:30:57.315 DEBUG   :curobo                                  :Warp Devices: ['cpu', 'cuda:0']
2026-09-12T21:30:57.316 DEBUG   :curobo                                  :Warp initialized - Version: 1.17.0
2026-09-12T21:30:57.316 DEBUG   :curobo                                  :Warp Devices: ['cpu', 'cuda:0']
2026-09-12T21:30:57.316 INFO    :curobo                                  :Initialized 3 costs for robot rollout
2026-09-12T21:30:57.318 DEBUG   :curobo                                  :Warp initialized - Version: 1.17.0
2026-09-12T21:30:57.318 DEBUG   :curobo                                  :Warp Devices: ['cpu', 'cuda:0']
2026-09-12T21:30:57.318 INFO    :curobo                                  :Initialized 3 costs for robot rollout
2026-09-12T21:30:57.318 DEBUG   :curobo                                  :Warp initialized - Version: 1.17.0
2026-09-12T21:30:57.318 DEBUG   :curobo                                  :Warp Devices: ['cpu', 'cuda:0']
2026-09-12T21:30:57.318 INFO    :curobo                                  :Initialized 3 costs for robot rollout
2026-09-12T21:30:57.318 DEBUG   :curobo                                  :Warp initialized - Version: 1.17.0
2026-09-12T21:30:57.318 DEBUG   :curobo                                  :Warp Devices: ['cpu', 'cuda:0']
2026-09-12T21:30:57.318 DEBUG   :curobo                                  :Warp initialized - Version: 1.17.0
2026-09-12T21:30:57.318 DEBUG   :curobo                                  :Warp Devices: ['cpu', 'cuda:0']
2026-09-12T21:30:57.318 INFO    :curobo                                  :Initialized 3 costs for robot rollout
2026-09-12T21:30:57.323 DEBUG   :curobo                                  :Cache hit: curobo::kinematics::kinematics_forward_spheres_kernel<15, 32>
2026-09-12T21:30:57.324 INFO    :curobo                                  :exploration_idx.shape != (num_problems, n_linesearch): torch.Size([1, 4]) != (4, 4)
2026-09-12T21:30:57.324 INFO    :curobo                                  :selected_idx.shape != (num_problems, n_linesearch): torch.Size([1, 4]) != (4, 4)
2026-09-12T21:30:57.324 INFO    :curobo                                  :exploration_idx.shape != (num_problems, n_linesearch): torch.Size([1, 4]) != (4, 4)
2026-09-12T21:30:57.324 INFO    :curobo                                  :selected_idx.shape != (num_problems, n_linesearch): torch.Size([1, 4]) != (4, 4)
2026-09-12T21:30:57.324 INFO    :curobo                                  :Updating state_seq buffer reference (created new tensor)
2026-09-12T21:30:57.325 INFO    :curobo                                  :Updating state_seq buffer reference (created new tensor)
2026-09-12T21:30:57.325 INFO    :curobo                                  :Updating state_seq buffer reference (created new tensor)
2026-09-12T21:30:57.326 INFO    :curobo                                  :Updating state_seq buffer reference (created new tensor)
2026-09-12T21:30:57.327 DEBUG   :curobo                                  :Cache hit: curobo::trajectory::bspline::interpolate_bspline_kernel<float, 3, (curobo::trajectory::bspline::BasisBackend)2>
2026-09-12T21:30:57.327 DEBUG   :curobo                                  :Cache hit: curobo::kinematics::kinematics_forward_spheres_kernel<15, 32>
2026-09-12T21:30:57.329 DEBUG   :curobo                                  :Cache hit: curobo::trajectory::bspline::interpolate_bspline_kernel<float, 3, (curobo::trajectory::bspline::BasisBackend)2>
2026-09-12T21:30:57.329 DEBUG   :curobo                                  :Cache hit: curobo::kinematics::kinematics_forward_spheres_kernel<15, 32>
2026-09-12T21:30:57.333 DEBUG   :curobo                                  :Cache hit: curobo::geometry::self_collision::self_collision_max_distance_kernel<false>
2026-09-12T21:30:57.341 DEBUG   :curobo                                  :Cache hit: curobo::kinematics::kinematics_backward_kernel<float, float, 16, true, false, false>
2026-09-12T21:30:57.341 DEBUG   :curobo                                  :Cache hit: curobo::trajectory::bspline::bspline_backward_kernel<3, float, (curobo::trajectory::bspline::BasisBackend)2>
2026-09-12T21:30:57.341 DEBUG   :curobo                                  :Cache hit: curobo::optimization::line_search::kernel_line_search<float, 4>
2026-09-12T21:30:57.342 INFO    :curobo                                  :Running optimizer 1/1: LBFGSOpt
2026-09-12T21:30:57.342 INFO    :curobo                                  :Recording CUDA Graph for _opt_iters
2026-09-12T21:30:57.465 DEBUG   :curobo                                  :Cache hit: curobo::trajectory::bspline::interpolate_bspline_kernel<float, 3, (curobo::trajectory::bspline::BasisBackend)2>
2026-09-12T21:30:57.465 DEBUG   :curobo                                  :Cache hit: curobo::kinematics::kinematics_forward_spheres_kernel<15, 32>
2026-09-12T21:30:57.469 DEBUG   :curobo                                  :Cache hit: curobo::geometry::self_collision::self_collision_max_distance_kernel<false>
2026-09-12T21:30:57.471 DEBUG   :curobo                                  :Cache hit: curobo::kinematics::kinematics_backward_kernel<float, float, 16, true, false, false>
2026-09-12T21:30:57.471 DEBUG   :curobo                                  :Cache hit: curobo::trajectory::bspline::bspline_backward_kernel<3, float, (curobo::trajectory::bspline::BasisBackend)2>
2026-09-12T21:30:57.472 DEBUG   :curobo                                  :Cache hit: curobo::optimization::line_search::kernel_line_search<float, 4>
2026-09-12T21:30:57.472 DEBUG   :curobo                                  :Cache hit: curobo::optimization::kernel_lbfgs_step_shared_memory<float, false, 27>
2026-09-12T21:30:57.473 DEBUG   :curobo                                  :Cache hit: curobo::trajectory::bspline::interpolate_bspline_kernel<float, 3, (curobo::trajectory::bspline::BasisBackend)2>
2026-09-12T21:30:57.473 DEBUG   :curobo                                  :Cache hit: curobo::kinematics::kinematics_forward_spheres_kernel<15, 32>
2026-09-12T21:30:57.475 DEBUG   :curobo                                  :Cache hit: curobo::geometry::self_collision::self_collision_max_distance_kernel<false>
2026-09-12T21:30:57.476 DEBUG   :curobo                                  :Cache hit: curobo::kinematics::kinematics_backward_kernel<float, float, 16, true, false, false>
2026-09-12T21:30:57.476 DEBUG   :curobo                                  :Cache hit: curobo::trajectory::bspline::bspline_backward_kernel<3, float, (curobo::trajectory::bspline::BasisBackend)2>
2026-09-12T21:30:57.477 DEBUG   :curobo                                  :Cache hit: curobo::optimization::line_search::kernel_line_search<float, 4>
2026-09-12T21:30:57.477 DEBUG   :curobo                                  :Cache hit: curobo::optimization::kernel_lbfgs_step_shared_memory<float, false, 27>
2026-09-12T21:30:57.478 DEBUG   :curobo                                  :Cache hit: curobo::trajectory::bspline::interpolate_bspline_kernel<float, 3, (curobo::trajectory::bspline::BasisBackend)2>
2026-09-12T21:30:57.478 DEBUG   :curobo                                  :Cache hit: curobo::kinematics::kinematics_forward_spheres_kernel<15, 32>
2026-09-12T21:30:57.479 DEBUG   :curobo                                  :Cache hit: curobo::geometry::self_collision::self_collision_max_distance_kernel<false>
2026-09-12T21:30:57.480 DEBUG   :curobo                                  :Cache hit: curobo::kinematics::kinematics_backward_kernel<float, float, 16, true, false, false>
2026-09-12T21:30:57.480 DEBUG   :curobo                                  :Cache hit: curobo::trajectory::bspline::bspline_backward_kernel<3, float, (curobo::trajectory::bspline::BasisBackend)2>
2026-09-12T21:30:57.481 DEBUG   :curobo                                  :Cache hit: curobo::optimization::line_search::kernel_line_search<float, 4>
2026-09-12T21:30:57.481 DEBUG   :curobo                                  :Cache hit: curobo::optimization::kernel_lbfgs_step_shared_memory<float, false, 27>
2026-09-12T21:30:57.482 DEBUG   :curobo                                  :Cache hit: curobo::trajectory::bspline::interpolate_bspline_kernel<float, 3, (curobo::trajectory::bspline::BasisBackend)2>
2026-09-12T21:30:57.482 DEBUG   :curobo                                  :Cache hit: curobo::kinematics::kinematics_forward_spheres_kernel<15, 32>
2026-09-12T21:30:57.483 DEBUG   :curobo                                  :Cache hit: curobo::geometry::self_collision::self_collision_max_distance_kernel<false>
2026-09-12T21:30:57.486 DEBUG   :curobo                                  :Cache hit: curobo::kinematics::kinematics_backward_kernel<float, float, 16, true, false, false>
2026-09-12T21:30:57.486 DEBUG   :curobo                                  :Cache hit: curobo::trajectory::bspline::bspline_backward_kernel<3, float, (curobo::trajectory::bspline::BasisBackend)2>
2026-09-12T21:30:57.487 DEBUG   :curobo                                  :Cache hit: curobo::optimization::line_search::kernel_line_search<float, 4>
2026-09-12T21:30:57.487 DEBUG   :curobo                                  :Cache hit: curobo::optimization::kernel_lbfgs_step_shared_memory<float, false, 27>
2026-09-12T21:30:57.488 DEBUG   :curobo                                  :Cache hit: curobo::trajectory::bspline::interpolate_bspline_kernel<float, 3, (curobo::trajectory::bspline::BasisBackend)2>
2026-09-12T21:30:57.488 DEBUG   :curobo                                  :Cache hit: curobo::kinematics::kinematics_forward_spheres_kernel<15, 32>
2026-09-12T21:30:57.490 DEBUG   :curobo                                  :Cache hit: curobo::geometry::self_collision::self_collision_max_distance_kernel<false>
2026-09-12T21:30:57.492 DEBUG   :curobo                                  :Cache hit: curobo::kinematics::kinematics_backward_kernel<float, float, 16, true, false, false>
2026-09-12T21:30:57.493 DEBUG   :curobo                                  :Cache hit: curobo::trajectory::bspline::bspline_backward_kernel<3, float, (curobo::trajectory::bspline::BasisBackend)2>
2026-09-12T21:30:57.493 DEBUG   :curobo                                  :Cache hit: curobo::optimization::line_search::kernel_line_search<float, 4>
2026-09-12T21:30:57.494 DEBUG   :curobo                                  :Cache hit: curobo::optimization::kernel_lbfgs_step_shared_memory<float, false, 27>
2026-09-12T21:30:57.494 DEBUG   :curobo                                  :Cache hit: curobo::trajectory::bspline::interpolate_bspline_kernel<float, 3, (curobo::trajectory::bspline::BasisBackend)2>
2026-09-12T21:30:57.495 DEBUG   :curobo                                  :Cache hit: curobo::kinematics::kinematics_forward_spheres_kernel<15, 32>
2026-09-12T21:30:57.496 DEBUG   :curobo                                  :Cache hit: curobo::geometry::self_collision::self_collision_max_distance_kernel<false>
2026-09-12T21:30:57.498 DEBUG   :curobo                                  :Cache hit: curobo::kinematics::kinematics_backward_kernel<float, float, 16, true, false, false>
2026-09-12T21:30:57.498 DEBUG   :curobo                                  :Cache hit: curobo::trajectory::bspline::bspline_backward_kernel<3, float, (curobo::trajectory::bspline::BasisBackend)2>
2026-09-12T21:30:57.499 DEBUG   :curobo                                  :Cache hit: curobo::optimization::line_search::kernel_line_search<float, 4>
2026-09-12T21:30:57.499 DEBUG   :curobo                                  :Cache hit: curobo::optimization::kernel_lbfgs_step_shared_memory<float, false, 27>
2026-09-12T21:30:57.500 DEBUG   :curobo                                  :Cache hit: curobo::trajectory::bspline::interpolate_bspline_kernel<float, 3, (curobo::trajectory::bspline::BasisBackend)2>
2026-09-12T21:30:57.501 DEBUG   :curobo                                  :Cache hit: curobo::kinematics::kinematics_forward_spheres_kernel<15, 32>
2026-09-12T21:30:57.502 DEBUG   :curobo                                  :Cache hit: curobo::geometry::self_collision::self_collision_max_distance_kernel<false>
2026-09-12T21:30:57.504 DEBUG   :curobo                                  :Cache hit: curobo::kinematics::kinematics_backward_kernel<float, float, 16, true, false, false>
2026-09-12T21:30:57.504 DEBUG   :curobo                                  :Cache hit: curobo::trajectory::bspline::bspline_backward_kernel<3, float, (curobo::trajectory::bspline::BasisBackend)2>
2026-09-12T21:30:57.504 DEBUG   :curobo                                  :Cache hit: curobo::optimization::line_search::kernel_line_search<float, 4>
2026-09-12T21:30:57.505 DEBUG   :curobo                                  :Cache hit: curobo::optimization::kernel_lbfgs_step_shared_memory<float, false, 27>
2026-09-12T21:30:57.505 DEBUG   :curobo                                  :Cache hit: curobo::trajectory::bspline::interpolate_bspline_kernel<float, 3, (curobo::trajectory::bspline::BasisBackend)2>
2026-09-12T21:30:57.506 DEBUG   :curobo                                  :Cache hit: curobo::kinematics::kinematics_forward_spheres_kernel<15, 32>
2026-09-12T21:30:57.507 DEBUG   :curobo                                  :Cache hit: curobo::geometry::self_collision::self_collision_max_distance_kernel<false>
2026-09-12T21:30:57.509 DEBUG   :curobo                                  :Cache hit: curobo::kinematics::kinematics_backward_kernel<float, float, 16, true, false, false>
2026-09-12T21:30:57.509 DEBUG   :curobo                                  :Cache hit: curobo::trajectory::bspline::bspline_backward_kernel<3, float, (curobo::trajectory::bspline::BasisBackend)2>
2026-09-12T21:30:57.509 DEBUG   :curobo                                  :Cache hit: curobo::optimization::line_search::kernel_line_search<float, 4>
2026-09-12T21:30:57.510 DEBUG   :curobo                                  :Cache hit: curobo::optimization::kernel_lbfgs_step_shared_memory<float, false, 27>
2026-09-12T21:30:57.510 DEBUG   :curobo                                  :Cache hit: curobo::trajectory::bspline::interpolate_bspline_kernel<float, 3, (curobo::trajectory::bspline::BasisBackend)2>
2026-09-12T21:30:57.511 DEBUG   :curobo                                  :Cache hit: curobo::kinematics::kinematics_forward_spheres_kernel<15, 32>
2026-09-12T21:30:57.512 DEBUG   :curobo                                  :Cache hit: curobo::geometry::self_collision::self_collision_max_distance_kernel<false>
2026-09-12T21:30:57.513 DEBUG   :curobo                                  :Cache hit: curobo::kinematics::kinematics_backward_kernel<float, float, 16, true, false, false>
2026-09-12T21:30:57.514 DEBUG   :curobo                                  :Cache hit: curobo::trajectory::bspline::bspline_backward_kernel<3, float, (curobo::trajectory::bspline::BasisBackend)2>
2026-09-12T21:30:57.514 DEBUG   :curobo                                  :Cache hit: curobo::optimization::line_search::kernel_line_search<float, 4>
2026-09-12T21:30:57.514 DEBUG   :curobo                                  :Cache hit: curobo::optimization::kernel_lbfgs_step_shared_memory<float, false, 27>
2026-09-12T21:30:57.515 DEBUG   :curobo                                  :Cache hit: curobo::trajectory::bspline::interpolate_bspline_kernel<float, 3, (curobo::trajectory::bspline::BasisBackend)2>
2026-09-12T21:30:57.515 DEBUG   :curobo                                  :Cache hit: curobo::kinematics::kinematics_forward_spheres_kernel<15, 32>
2026-09-12T21:30:57.517 DEBUG   :curobo                                  :Cache hit: curobo::geometry::self_collision::self_collision_max_distance_kernel<false>
2026-09-12T21:30:57.520 DEBUG   :curobo                                  :Cache hit: curobo::kinematics::kinematics_backward_kernel<float, float, 16, true, false, false>
2026-09-12T21:30:57.520 DEBUG   :curobo                                  :Cache hit: curobo::trajectory::bspline::bspline_backward_kernel<3, float, (curobo::trajectory::bspline::BasisBackend)2>
2026-09-12T21:30:57.520 DEBUG   :curobo                                  :Cache hit: curobo::optimization::line_search::kernel_line_search<float, 4>
2026-09-12T21:30:57.521 DEBUG   :curobo                                  :Cache hit: curobo::optimization::kernel_lbfgs_step_shared_memory<float, false, 27>
2026-09-12T21:30:57.521 DEBUG   :curobo                                  :Cache hit: curobo::trajectory::bspline::interpolate_bspline_kernel<float, 3, (curobo::trajectory::bspline::BasisBackend)2>
2026-09-12T21:30:57.522 DEBUG   :curobo                                  :Cache hit: curobo::kinematics::kinematics_forward_spheres_kernel<15, 32>
2026-09-12T21:30:57.523 DEBUG   :curobo                                  :Cache hit: curobo::geometry::self_collision::self_collision_max_distance_kernel<false>
2026-09-12T21:30:57.525 DEBUG   :curobo                                  :Cache hit: curobo::kinematics::kinematics_backward_kernel<float, float, 16, true, false, false>
2026-09-12T21:30:57.525 DEBUG   :curobo                                  :Cache hit: curobo::trajectory::bspline::bspline_backward_kernel<3, float, (curobo::trajectory::bspline::BasisBackend)2>
2026-09-12T21:30:57.525 DEBUG   :curobo                                  :Cache hit: curobo::optimization::line_search::kernel_line_search<float, 4>
2026-09-12T21:30:57.526 DEBUG   :curobo                                  :Cache hit: curobo::optimization::kernel_lbfgs_step_shared_memory<float, false, 27>
2026-09-12T21:30:57.526 DEBUG   :curobo                                  :Cache hit: curobo::trajectory::bspline::interpolate_bspline_kernel<float, 3, (curobo::trajectory::bspline::BasisBackend)2>
2026-09-12T21:30:57.527 DEBUG   :curobo                                  :Cache hit: curobo::kinematics::kinematics_forward_spheres_kernel<15, 32>
2026-09-12T21:30:57.528 DEBUG   :curobo                                  :Cache hit: curobo::geometry::self_collision::self_collision_max_distance_kernel<false>
2026-09-12T21:30:57.530 DEBUG   :curobo                                  :Cache hit: curobo::kinematics::kinematics_backward_kernel<float, float, 16, true, false, false>
2026-09-12T21:30:57.530 DEBUG   :curobo                                  :Cache hit: curobo::trajectory::bspline::bspline_backward_kernel<3, float, (curobo::trajectory::bspline::BasisBackend)2>
2026-09-12T21:30:57.530 DEBUG   :curobo                                  :Cache hit: curobo::optimization::line_search::kernel_line_search<float, 4>
2026-09-12T21:30:57.531 DEBUG   :curobo                                  :Cache hit: curobo::optimization::kernel_lbfgs_step_shared_memory<float, false, 27>
2026-09-12T21:30:57.531 DEBUG   :curobo                                  :Cache hit: curobo::trajectory::bspline::interpolate_bspline_kernel<float, 3, (curobo::trajectory::bspline::BasisBackend)2>
2026-09-12T21:30:57.532 DEBUG   :curobo                                  :Cache hit: curobo::kinematics::kinematics_forward_spheres_kernel<15, 32>
2026-09-12T21:30:57.533 DEBUG   :curobo                                  :Cache hit: curobo::geometry::self_collision::self_collision_max_distance_kernel<false>
2026-09-12T21:30:57.535 DEBUG   :curobo                                  :Cache hit: curobo::kinematics::kinematics_backward_kernel<float, float, 16, true, false, false>
2026-09-12T21:30:57.535 DEBUG   :curobo                                  :Cache hit: curobo::trajectory::bspline::bspline_backward_kernel<3, float, (curobo::trajectory::bspline::BasisBackend)2>
2026-09-12T21:30:57.535 DEBUG   :curobo                                  :Cache hit: curobo::optimization::line_search::kernel_line_search<float, 4>
2026-09-12T21:30:57.536 DEBUG   :curobo                                  :Cache hit: curobo::optimization::kernel_lbfgs_step_shared_memory<float, false, 27>
2026-09-12T21:30:57.536 DEBUG   :curobo                                  :Cache hit: curobo::trajectory::bspline::interpolate_bspline_kernel<float, 3, (curobo::trajectory::bspline::BasisBackend)2>
2026-09-12T21:30:57.537 DEBUG   :curobo                                  :Cache hit: curobo::kinematics::kinematics_forward_spheres_kernel<15, 32>
2026-09-12T21:30:57.538 DEBUG   :curobo                                  :Cache hit: curobo::geometry::self_collision::self_collision_max_distance_kernel<false>
2026-09-12T21:30:57.540 DEBUG   :curobo                                  :Cache hit: curobo::kinematics::kinematics_backward_kernel<float, float, 16, true, false, false>
2026-09-12T21:30:57.540 DEBUG   :curobo                                  :Cache hit: curobo::trajectory::bspline::bspline_backward_kernel<3, float, (curobo::trajectory::bspline::BasisBackend)2>
2026-09-12T21:30:57.541 DEBUG   :curobo                                  :Cache hit: curobo::optimization::line_search::kernel_line_search<float, 4>
2026-09-12T21:30:57.541 DEBUG   :curobo                                  :Cache hit: curobo::optimization::kernel_lbfgs_step_shared_memory<float, false, 27>
2026-09-12T21:30:57.542 DEBUG   :curobo                                  :Cache hit: curobo::trajectory::bspline::interpolate_bspline_kernel<float, 3, (curobo::trajectory::bspline::BasisBackend)2>
2026-09-12T21:30:57.542 DEBUG   :curobo                                  :Cache hit: curobo::kinematics::kinematics_forward_spheres_kernel<15, 32>
2026-09-12T21:30:57.544 DEBUG   :curobo                                  :Cache hit: curobo::geometry::self_collision::self_collision_max_distance_kernel<false>
2026-09-12T21:30:57.545 DEBUG   :curobo                                  :Cache hit: curobo::kinematics::kinematics_backward_kernel<float, float, 16, true, false, false>
2026-09-12T21:30:57.545 DEBUG   :curobo                                  :Cache hit: curobo::trajectory::bspline::bspline_backward_kernel<3, float, (curobo::trajectory::bspline::BasisBackend)2>
2026-09-12T21:30:57.546 DEBUG   :curobo                                  :Cache hit: curobo::optimization::line_search::kernel_line_search<float, 4>
2026-09-12T21:30:57.547 DEBUG   :curobo                                  :Cache hit: curobo::optimization::kernel_lbfgs_step_shared_memory<float, false, 27>
2026-09-12T21:30:57.547 DEBUG   :curobo                                  :Cache hit: curobo::trajectory::bspline::interpolate_bspline_kernel<float, 3, (curobo::trajectory::bspline::BasisBackend)2>
2026-09-12T21:30:57.548 DEBUG   :curobo                                  :Cache hit: curobo::kinematics::kinematics_forward_spheres_kernel<15, 32>
2026-09-12T21:30:57.549 DEBUG   :curobo                                  :Cache hit: curobo::geometry::self_collision::self_collision_max_distance_kernel<false>
2026-09-12T21:30:57.550 DEBUG   :curobo                                  :Cache hit: curobo::kinematics::kinematics_backward_kernel<float, float, 16, true, false, false>
2026-09-12T21:30:57.551 DEBUG   :curobo                                  :Cache hit: curobo::trajectory::bspline::bspline_backward_kernel<3, float, (curobo::trajectory::bspline::BasisBackend)2>
2026-09-12T21:30:57.551 DEBUG   :curobo                                  :Cache hit: curobo::optimization::line_search::kernel_line_search<float, 4>
2026-09-12T21:30:57.556 DEBUG   :curobo                                  :Cache hit: curobo::optimization::kernel_lbfgs_step_shared_memory<float, false, 27>
2026-09-12T21:30:57.557 DEBUG   :curobo                                  :Cache hit: curobo::trajectory::bspline::interpolate_bspline_kernel<float, 3, (curobo::trajectory::bspline::BasisBackend)2>
2026-09-12T21:30:57.561 DEBUG   :curobo                                  :Cache hit: curobo::kinematics::kinematics_forward_spheres_kernel<15, 32>
2026-09-12T21:30:57.563 DEBUG   :curobo                                  :Cache hit: curobo::geometry::self_collision::self_collision_max_distance_kernel<false>
2026-09-12T21:30:57.564 DEBUG   :curobo                                  :Cache hit: curobo::kinematics::kinematics_backward_kernel<float, float, 16, true, false, false>
2026-09-12T21:30:57.564 DEBUG   :curobo                                  :Cache hit: curobo::trajectory::bspline::bspline_backward_kernel<3, float, (curobo::trajectory::bspline::BasisBackend)2>
2026-09-12T21:30:57.565 DEBUG   :curobo                                  :Cache hit: curobo::optimization::line_search::kernel_line_search<float, 4>
2026-09-12T21:30:57.565 DEBUG   :curobo                                  :Cache hit: curobo::optimization::kernel_lbfgs_step_shared_memory<float, false, 27>
2026-09-12T21:30:57.566 DEBUG   :curobo                                  :Cache hit: curobo::trajectory::bspline::interpolate_bspline_kernel<float, 3, (curobo::trajectory::bspline::BasisBackend)2>
2026-09-12T21:30:57.566 DEBUG   :curobo                                  :Cache hit: curobo::kinematics::kinematics_forward_spheres_kernel<15, 32>
2026-09-12T21:30:57.568 DEBUG   :curobo                                  :Cache hit: curobo::geometry::self_collision::self_collision_max_distance_kernel<false>
2026-09-12T21:30:57.569 DEBUG   :curobo                                  :Cache hit: curobo::kinematics::kinematics_backward_kernel<float, float, 16, true, false, false>
2026-09-12T21:30:57.570 DEBUG   :curobo                                  :Cache hit: curobo::trajectory::bspline::bspline_backward_kernel<3, float, (curobo::trajectory::bspline::BasisBackend)2>
2026-09-12T21:30:57.571 DEBUG   :curobo                                  :Cache hit: curobo::optimization::line_search::kernel_line_search<float, 4>
2026-09-12T21:30:57.572 DEBUG   :curobo                                  :Cache hit: curobo::optimization::kernel_lbfgs_step_shared_memory<float, false, 27>
2026-09-12T21:30:57.572 DEBUG   :curobo                                  :Cache hit: curobo::trajectory::bspline::interpolate_bspline_kernel<float, 3, (curobo::trajectory::bspline::BasisBackend)2>
2026-09-12T21:30:57.573 DEBUG   :curobo                                  :Cache hit: curobo::kinematics::kinematics_forward_spheres_kernel<15, 32>
2026-09-12T21:30:57.574 DEBUG   :curobo                                  :Cache hit: curobo::geometry::self_collision::self_collision_max_distance_kernel<false>
2026-09-12T21:30:57.576 DEBUG   :curobo                                  :Cache hit: curobo::kinematics::kinematics_backward_kernel<float, float, 16, true, false, false>
2026-09-12T21:30:57.576 DEBUG   :curobo                                  :Cache hit: curobo::trajectory::bspline::bspline_backward_kernel<3, float, (curobo::trajectory::bspline::BasisBackend)2>
2026-09-12T21:30:57.577 DEBUG   :curobo                                  :Cache hit: curobo::optimization::line_search::kernel_line_search<float, 4>
2026-09-12T21:30:57.577 DEBUG   :curobo                                  :Cache hit: curobo::optimization::kernel_lbfgs_step_shared_memory<float, false, 27>
2026-09-12T21:30:57.578 DEBUG   :curobo                                  :Cache hit: curobo::trajectory::bspline::interpolate_bspline_kernel<float, 3, (curobo::trajectory::bspline::BasisBackend)2>
2026-09-12T21:30:57.578 DEBUG   :curobo                                  :Cache hit: curobo::kinematics::kinematics_forward_spheres_kernel<15, 32>
2026-09-12T21:30:57.580 DEBUG   :curobo                                  :Cache hit: curobo::geometry::self_collision::self_collision_max_distance_kernel<false>
2026-09-12T21:30:57.581 DEBUG   :curobo                                  :Cache hit: curobo::kinematics::kinematics_backward_kernel<float, float, 16, true, false, false>
2026-09-12T21:30:57.581 DEBUG   :curobo                                  :Cache hit: curobo::trajectory::bspline::bspline_backward_kernel<3, float, (curobo::trajectory::bspline::BasisBackend)2>
2026-09-12T21:30:57.582 DEBUG   :curobo                                  :Cache hit: curobo::optimization::line_search::kernel_line_search<float, 4>
2026-09-12T21:30:57.582 DEBUG   :curobo                                  :Cache hit: curobo::optimization::kernel_lbfgs_step_shared_memory<float, false, 27>
2026-09-12T21:30:57.583 DEBUG   :curobo                                  :Cache hit: curobo::trajectory::bspline::interpolate_bspline_kernel<float, 3, (curobo::trajectory::bspline::BasisBackend)2>
2026-09-12T21:30:57.583 DEBUG   :curobo                                  :Cache hit: curobo::kinematics::kinematics_forward_spheres_kernel<15, 32>
2026-09-12T21:30:57.584 DEBUG   :curobo                                  :Cache hit: curobo::geometry::self_collision::self_collision_max_distance_kernel<false>
2026-09-12T21:30:57.585 DEBUG   :curobo                                  :Cache hit: curobo::kinematics::kinematics_backward_kernel<float, float, 16, true, false, false>
2026-09-12T21:30:57.586 DEBUG   :curobo                                  :Cache hit: curobo::trajectory::bspline::bspline_backward_kernel<3, float, (curobo::trajectory::bspline::BasisBackend)2>
2026-09-12T21:30:57.586 DEBUG   :curobo                                  :Cache hit: curobo::optimization::line_search::kernel_line_search<float, 4>
2026-09-12T21:30:57.586 DEBUG   :curobo                                  :Cache hit: curobo::optimization::kernel_lbfgs_step_shared_memory<float, false, 27>
2026-09-12T21:30:57.587 DEBUG   :curobo                                  :Cache hit: curobo::trajectory::bspline::interpolate_bspline_kernel<float, 3, (curobo::trajectory::bspline::BasisBackend)2>
2026-09-12T21:30:57.587 DEBUG   :curobo                                  :Cache hit: curobo::kinematics::kinematics_forward_spheres_kernel<15, 32>
2026-09-12T21:30:57.589 DEBUG   :curobo                                  :Cache hit: curobo::geometry::self_collision::self_collision_max_distance_kernel<false>
2026-09-12T21:30:57.590 DEBUG   :curobo                                  :Cache hit: curobo::kinematics::kinematics_backward_kernel<float, float, 16, true, false, false>
2026-09-12T21:30:57.590 DEBUG   :curobo                                  :Cache hit: curobo::trajectory::bspline::bspline_backward_kernel<3, float, (curobo::trajectory::bspline::BasisBackend)2>
2026-09-12T21:30:57.591 DEBUG   :curobo                                  :Cache hit: curobo::optimization::line_search::kernel_line_search<float, 4>
2026-09-12T21:30:57.591 DEBUG   :curobo                                  :Cache hit: curobo::optimization::kernel_lbfgs_step_shared_memory<float, false, 27>
2026-09-12T21:30:57.592 DEBUG   :curobo                                  :Cache hit: curobo::trajectory::bspline::interpolate_bspline_kernel<float, 3, (curobo::trajectory::bspline::BasisBackend)2>
2026-09-12T21:30:57.592 DEBUG   :curobo                                  :Cache hit: curobo::kinematics::kinematics_forward_spheres_kernel<15, 32>
2026-09-12T21:30:57.593 DEBUG   :curobo                                  :Cache hit: curobo::geometry::self_collision::self_collision_max_distance_kernel<false>
2026-09-12T21:30:57.594 DEBUG   :curobo                                  :Cache hit: curobo::kinematics::kinematics_backward_kernel<float, float, 16, true, false, false>
2026-09-12T21:30:57.595 DEBUG   :curobo                                  :Cache hit: curobo::trajectory::bspline::bspline_backward_kernel<3, float, (curobo::trajectory::bspline::BasisBackend)2>
2026-09-12T21:30:57.595 DEBUG   :curobo                                  :Cache hit: curobo::optimization::line_search::kernel_line_search<float, 4>
2026-09-12T21:30:57.596 DEBUG   :curobo                                  :Cache hit: curobo::optimization::kernel_lbfgs_step_shared_memory<float, false, 27>
2026-09-12T21:30:57.596 DEBUG   :curobo                                  :Cache hit: curobo::trajectory::bspline::interpolate_bspline_kernel<float, 3, (curobo::trajectory::bspline::BasisBackend)2>
2026-09-12T21:30:57.596 DEBUG   :curobo                                  :Cache hit: curobo::kinematics::kinematics_forward_spheres_kernel<15, 32>
2026-09-12T21:30:57.597 DEBUG   :curobo                                  :Cache hit: curobo::geometry::self_collision::self_collision_max_distance_kernel<false>
2026-09-12T21:30:57.598 DEBUG   :curobo                                  :Cache hit: curobo::kinematics::kinematics_backward_kernel<float, float, 16, true, false, false>
2026-09-12T21:30:57.598 DEBUG   :curobo                                  :Cache hit: curobo::trajectory::bspline::bspline_backward_kernel<3, float, (curobo::trajectory::bspline::BasisBackend)2>
2026-09-12T21:30:57.599 DEBUG   :curobo                                  :Cache hit: curobo::optimization::line_search::kernel_line_search<float, 4>
2026-09-12T21:30:57.599 DEBUG   :curobo                                  :Cache hit: curobo::optimization::kernel_lbfgs_step_shared_memory<float, false, 27>
2026-09-12T21:30:57.599 DEBUG   :curobo                                  :Cache hit: curobo::trajectory::bspline::interpolate_bspline_kernel<float, 3, (curobo::trajectory::bspline::BasisBackend)2>
2026-09-12T21:30:57.600 DEBUG   :curobo                                  :Cache hit: curobo::kinematics::kinematics_forward_spheres_kernel<15, 32>
2026-09-12T21:30:57.601 DEBUG   :curobo                                  :Cache hit: curobo::geometry::self_collision::self_collision_max_distance_kernel<false>
2026-09-12T21:30:57.602 DEBUG   :curobo                                  :Cache hit: curobo::kinematics::kinematics_backward_kernel<float, float, 16, true, false, false>
2026-09-12T21:30:57.602 DEBUG   :curobo                                  :Cache hit: curobo::trajectory::bspline::bspline_backward_kernel<3, float, (curobo::trajectory::bspline::BasisBackend)2>
2026-09-12T21:30:57.602 DEBUG   :curobo                                  :Cache hit: curobo::optimization::line_search::kernel_line_search<float, 4>
2026-09-12T21:30:57.602 DEBUG   :curobo                                  :Cache hit: curobo::optimization::kernel_lbfgs_step_shared_memory<float, false, 27>
2026-09-12T21:30:57.603 DEBUG   :curobo                                  :Cache hit: curobo::trajectory::bspline::interpolate_bspline_kernel<float, 3, (curobo::trajectory::bspline::BasisBackend)2>
2026-09-12T21:30:57.603 DEBUG   :curobo                                  :Cache hit: curobo::kinematics::kinematics_forward_spheres_kernel<15, 32>
2026-09-12T21:30:57.604 DEBUG   :curobo                                  :Cache hit: curobo::geometry::self_collision::self_collision_max_distance_kernel<false>
2026-09-12T21:30:57.605 DEBUG   :curobo                                  :Cache hit: curobo::kinematics::kinematics_backward_kernel<float, float, 16, true, false, false>
2026-09-12T21:30:57.605 DEBUG   :curobo                                  :Cache hit: curobo::trajectory::bspline::bspline_backward_kernel<3, float, (curobo::trajectory::bspline::BasisBackend)2>
2026-09-12T21:30:57.605 DEBUG   :curobo                                  :Cache hit: curobo::optimization::line_search::kernel_line_search<float, 4>
2026-09-12T21:30:57.605 DEBUG   :curobo                                  :Cache hit: curobo::optimization::kernel_lbfgs_step_shared_memory<float, false, 27>
2026-09-12T21:30:57.606 DEBUG   :curobo                                  :Cache hit: curobo::trajectory::bspline::interpolate_bspline_kernel<float, 3, (curobo::trajectory::bspline::BasisBackend)2>
2026-09-12T21:30:57.606 DEBUG   :curobo                                  :Cache hit: curobo::kinematics::kinematics_forward_spheres_kernel<15, 32>
2026-09-12T21:30:57.607 DEBUG   :curobo                                  :Cache hit: curobo::geometry::self_collision::self_collision_max_distance_kernel<false>
2026-09-12T21:30:57.608 DEBUG   :curobo                                  :Cache hit: curobo::kinematics::kinematics_backward_kernel<float, float, 16, true, false, false>
2026-09-12T21:30:57.608 DEBUG   :curobo                                  :Cache hit: curobo::trajectory::bspline::bspline_backward_kernel<3, float, (curobo::trajectory::bspline::BasisBackend)2>
2026-09-12T21:30:57.608 DEBUG   :curobo                                  :Cache hit: curobo::optimization::line_search::kernel_line_search<float, 4>
2026-09-12T21:30:57.608 DEBUG   :curobo                                  :Cache hit: curobo::optimization::kernel_lbfgs_step_shared_memory<float, false, 27>
2026-09-12T21:30:57.609 DEBUG   :curobo                                  :Cache hit: curobo::trajectory::bspline::interpolate_bspline_kernel<float, 3, (curobo::trajectory::bspline::BasisBackend)2>
2026-09-12T21:30:57.609 DEBUG   :curobo                                  :Cache hit: curobo::kinematics::kinematics_forward_spheres_kernel<15, 32>
2026-09-12T21:30:57.610 DEBUG   :curobo                                  :Cache hit: curobo::geometry::self_collision::self_collision_max_distance_kernel<false>
2026-09-12T21:30:57.611 DEBUG   :curobo                                  :Cache hit: curobo::kinematics::kinematics_backward_kernel<float, float, 16, true, false, false>
2026-09-12T21:30:57.611 DEBUG   :curobo                                  :Cache hit: curobo::trajectory::bspline::bspline_backward_kernel<3, float, (curobo::trajectory::bspline::BasisBackend)2>
2026-09-12T21:30:57.611 DEBUG   :curobo                                  :Cache hit: curobo::optimization::line_search::kernel_line_search<float, 4>
2026-09-12T21:30:57.612 DEBUG   :curobo                                  :Cache hit: curobo::optimization::kernel_lbfgs_step_shared_memory<float, false, 27>
2026-09-12T21:30:57.612 DEBUG   :curobo                                  :Cache hit: curobo::trajectory::bspline::interpolate_bspline_kernel<float, 3, (curobo::trajectory::bspline::BasisBackend)2>
2026-09-12T21:30:57.612 DEBUG   :curobo                                  :Cache hit: curobo::kinematics::kinematics_forward_spheres_kernel<15, 32>
2026-09-12T21:30:57.613 DEBUG   :curobo                                  :Cache hit: curobo::geometry::self_collision::self_collision_max_distance_kernel<false>
2026-09-12T21:30:57.614 DEBUG   :curobo                                  :Cache hit: curobo::kinematics::kinematics_backward_kernel<float, float, 16, true, false, false>
2026-09-12T21:30:57.614 DEBUG   :curobo                                  :Cache hit: curobo::trajectory::bspline::bspline_backward_kernel<3, float, (curobo::trajectory::bspline::BasisBackend)2>
2026-09-12T21:30:57.615 DEBUG   :curobo                                  :Cache hit: curobo::optimization::line_search::kernel_line_search<float, 4>
2026-09-12T21:30:57.615 DEBUG   :curobo                                  :Cache hit: curobo::optimization::kernel_lbfgs_step_shared_memory<float, false, 27>
2026-09-12T21:30:57.615 DEBUG   :curobo                                  :Cache hit: curobo::trajectory::bspline::interpolate_bspline_kernel<float, 3, (curobo::trajectory::bspline::BasisBackend)2>
2026-09-12T21:30:57.616 DEBUG   :curobo                                  :Cache hit: curobo::kinematics::kinematics_forward_spheres_kernel<15, 32>
2026-09-12T21:30:57.617 DEBUG   :curobo                                  :Cache hit: curobo::geometry::self_collision::self_collision_max_distance_kernel<false>
2026-09-12T21:30:57.617 DEBUG   :curobo                                  :Cache hit: curobo::kinematics::kinematics_backward_kernel<float, float, 16, true, false, false>
2026-09-12T21:30:57.618 DEBUG   :curobo                                  :Cache hit: curobo::trajectory::bspline::bspline_backward_kernel<3, float, (curobo::trajectory::bspline::BasisBackend)2>
2026-09-12T21:30:57.618 DEBUG   :curobo                                  :Cache hit: curobo::optimization::line_search::kernel_line_search<float, 4>
2026-09-12T21:30:57.618 DEBUG   :curobo                                  :Cache hit: curobo::optimization::kernel_lbfgs_step_shared_memory<float, false, 27>
2026-09-12T21:30:57.619 DEBUG   :curobo                                  :Cache hit: curobo::trajectory::bspline::interpolate_bspline_kernel<float, 3, (curobo::trajectory::bspline::BasisBackend)2>
2026-09-12T21:30:57.619 DEBUG   :curobo                                  :Cache hit: curobo::kinematics::kinematics_forward_spheres_kernel<15, 32>
2026-09-12T21:30:57.620 DEBUG   :curobo                                  :Cache hit: curobo::geometry::self_collision::self_collision_max_distance_kernel<false>
2026-09-12T21:30:57.621 DEBUG   :curobo                                  :Cache hit: curobo::kinematics::kinematics_backward_kernel<float, float, 16, true, false, false>
2026-09-12T21:30:57.621 DEBUG   :curobo                                  :Cache hit: curobo::trajectory::bspline::bspline_backward_kernel<3, float, (curobo::trajectory::bspline::BasisBackend)2>
2026-09-12T21:30:57.621 DEBUG   :curobo                                  :Cache hit: curobo::optimization::line_search::kernel_line_search<float, 4>
2026-09-12T21:30:57.622 DEBUG   :curobo                                  :Cache hit: curobo::optimization::kernel_lbfgs_step_shared_memory<float, false, 27>
2026-09-12T21:30:57.622 DEBUG   :curobo                                  :Cache hit: curobo::trajectory::bspline::interpolate_bspline_kernel<float, 3, (curobo::trajectory::bspline::BasisBackend)2>
2026-09-12T21:30:57.622 DEBUG   :curobo                                  :Cache hit: curobo::kinematics::kinematics_forward_spheres_kernel<15, 32>
2026-09-12T21:30:57.623 DEBUG   :curobo                                  :Cache hit: curobo::geometry::self_collision::self_collision_max_distance_kernel<false>
2026-09-12T21:30:57.624 DEBUG   :curobo                                  :Cache hit: curobo::kinematics::kinematics_backward_kernel<float, float, 16, true, false, false>
2026-09-12T21:30:57.625 DEBUG   :curobo                                  :Cache hit: curobo::trajectory::bspline::bspline_backward_kernel<3, float, (curobo::trajectory::bspline::BasisBackend)2>
2026-09-12T21:30:57.625 DEBUG   :curobo                                  :Cache hit: curobo::optimization::line_search::kernel_line_search<float, 4>
2026-09-12T21:30:57.625 DEBUG   :curobo                                  :Cache hit: curobo::optimization::kernel_lbfgs_step_shared_memory<float, false, 27>
2026-09-12T21:30:57.626 DEBUG   :curobo                                  :Cache hit: curobo::trajectory::bspline::interpolate_bspline_kernel<float, 3, (curobo::trajectory::bspline::BasisBackend)2>
2026-09-12T21:30:57.626 DEBUG   :curobo                                  :Cache hit: curobo::kinematics::kinematics_forward_spheres_kernel<15, 32>
2026-09-12T21:30:57.627 DEBUG   :curobo                                  :Cache hit: curobo::geometry::self_collision::self_collision_max_distance_kernel<false>
2026-09-12T21:30:57.628 DEBUG   :curobo                                  :Cache hit: curobo::kinematics::kinematics_backward_kernel<float, float, 16, true, false, false>
2026-09-12T21:30:57.628 DEBUG   :curobo                                  :Cache hit: curobo::trajectory::bspline::bspline_backward_kernel<3, float, (curobo::trajectory::bspline::BasisBackend)2>
2026-09-12T21:30:57.628 DEBUG   :curobo                                  :Cache hit: curobo::optimization::line_search::kernel_line_search<float, 4>
2026-09-12T21:30:57.628 DEBUG   :curobo                                  :Cache hit: curobo::optimization::kernel_lbfgs_step_shared_memory<float, false, 27>
2026-09-12T21:30:57.629 DEBUG   :curobo                                  :Cache hit: curobo::trajectory::bspline::interpolate_bspline_kernel<float, 3, (curobo::trajectory::bspline::BasisBackend)2>
2026-09-12T21:30:57.629 DEBUG   :curobo                                  :Cache hit: curobo::kinematics::kinematics_forward_spheres_kernel<15, 32>
2026-09-12T21:30:57.630 DEBUG   :curobo                                  :Cache hit: curobo::geometry::self_collision::self_collision_max_distance_kernel<false>
2026-09-12T21:30:57.631 DEBUG   :curobo                                  :Cache hit: curobo::kinematics::kinematics_backward_kernel<float, float, 16, true, false, false>
2026-09-12T21:30:57.631 DEBUG   :curobo                                  :Cache hit: curobo::trajectory::bspline::bspline_backward_kernel<3, float, (curobo::trajectory::bspline::BasisBackend)2>
2026-09-12T21:30:57.631 DEBUG   :curobo                                  :Cache hit: curobo::optimization::line_search::kernel_line_search<float, 4>
2026-09-12T21:30:57.631 DEBUG   :curobo                                  :Cache hit: curobo::optimization::kernel_lbfgs_step_shared_memory<float, false, 27>
2026-09-12T21:30:57.632 DEBUG   :curobo                                  :Cache hit: curobo::trajectory::bspline::interpolate_bspline_kernel<float, 3, (curobo::trajectory::bspline::BasisBackend)2>
2026-09-12T21:30:57.632 DEBUG   :curobo                                  :Cache hit: curobo::kinematics::kinematics_forward_spheres_kernel<15, 32>
2026-09-12T21:30:57.633 DEBUG   :curobo                                  :Cache hit: curobo::geometry::self_collision::self_collision_max_distance_kernel<false>
2026-09-12T21:30:57.634 DEBUG   :curobo                                  :Cache hit: curobo::kinematics::kinematics_backward_kernel<float, float, 16, true, false, false>
2026-09-12T21:30:57.634 DEBUG   :curobo                                  :Cache hit: curobo::trajectory::bspline::bspline_backward_kernel<3, float, (curobo::trajectory::bspline::BasisBackend)2>
2026-09-12T21:30:57.634 DEBUG   :curobo                                  :Cache hit: curobo::optimization::line_search::kernel_line_search<float, 4>
2026-09-12T21:30:57.634 DEBUG   :curobo                                  :Cache hit: curobo::optimization::kernel_lbfgs_step_shared_memory<float, false, 27>
2026-09-12T21:30:57.635 DEBUG   :curobo                                  :Cache hit: curobo::trajectory::bspline::interpolate_bspline_kernel<float, 3, (curobo::trajectory::bspline::BasisBackend)2>
2026-09-12T21:30:57.635 DEBUG   :curobo                                  :Cache hit: curobo::kinematics::kinematics_forward_spheres_kernel<15, 32>
2026-09-12T21:30:57.636 DEBUG   :curobo                                  :Cache hit: curobo::geometry::self_collision::self_collision_max_distance_kernel<false>
2026-09-12T21:30:57.636 DEBUG   :curobo                                  :Cache hit: curobo::kinematics::kinematics_backward_kernel<float, float, 16, true, false, false>
2026-09-12T21:30:57.637 DEBUG   :curobo                                  :Cache hit: curobo::trajectory::bspline::bspline_backward_kernel<3, float, (curobo::trajectory::bspline::BasisBackend)2>
2026-09-12T21:30:57.637 DEBUG   :curobo                                  :Cache hit: curobo::optimization::line_search::kernel_line_search<float, 4>
2026-09-12T21:30:57.637 DEBUG   :curobo                                  :Cache hit: curobo::optimization::kernel_lbfgs_step_shared_memory<float, false, 27>
2026-09-12T21:30:57.638 DEBUG   :curobo                                  :Cache hit: curobo::trajectory::bspline::interpolate_bspline_kernel<float, 3, (curobo::trajectory::bspline::BasisBackend)2>
2026-09-12T21:30:57.638 DEBUG   :curobo                                  :Cache hit: curobo::kinematics::kinematics_forward_spheres_kernel<15, 32>
2026-09-12T21:30:57.639 DEBUG   :curobo                                  :Cache hit: curobo::geometry::self_collision::self_collision_max_distance_kernel<false>
2026-09-12T21:30:57.640 DEBUG   :curobo                                  :Cache hit: curobo::kinematics::kinematics_backward_kernel<float, float, 16, true, false, false>
2026-09-12T21:30:57.640 DEBUG   :curobo                                  :Cache hit: curobo::trajectory::bspline::bspline_backward_kernel<3, float, (curobo::trajectory::bspline::BasisBackend)2>
2026-09-12T21:30:57.640 DEBUG   :curobo                                  :Cache hit: curobo::optimization::line_search::kernel_line_search<float, 4>
2026-09-12T21:30:57.641 DEBUG   :curobo                                  :Cache hit: curobo::optimization::kernel_lbfgs_step_shared_memory<float, false, 27>
2026-09-12T21:30:57.641 DEBUG   :curobo                                  :Cache hit: curobo::trajectory::bspline::interpolate_bspline_kernel<float, 3, (curobo::trajectory::bspline::BasisBackend)2>
2026-09-12T21:30:57.641 DEBUG   :curobo                                  :Cache hit: curobo::kinematics::kinematics_forward_spheres_kernel<15, 32>
2026-09-12T21:30:57.642 DEBUG   :curobo                                  :Cache hit: curobo::geometry::self_collision::self_collision_max_distance_kernel<false>
2026-09-12T21:30:57.643 DEBUG   :curobo                                  :Cache hit: curobo::kinematics::kinematics_backward_kernel<float, float, 16, true, false, false>
2026-09-12T21:30:57.643 DEBUG   :curobo                                  :Cache hit: curobo::trajectory::bspline::bspline_backward_kernel<3, float, (curobo::trajectory::bspline::BasisBackend)2>
2026-09-12T21:30:57.644 DEBUG   :curobo                                  :Cache hit: curobo::optimization::line_search::kernel_line_search<float, 4>
2026-09-12T21:30:57.644 DEBUG   :curobo                                  :Cache hit: curobo::optimization::kernel_lbfgs_step_shared_memory<float, false, 27>
2026-09-12T21:30:57.644 DEBUG   :curobo                                  :Cache hit: curobo::trajectory::bspline::interpolate_bspline_kernel<float, 3, (curobo::trajectory::bspline::BasisBackend)2>
2026-09-12T21:30:57.645 DEBUG   :curobo                                  :Cache hit: curobo::kinematics::kinematics_forward_spheres_kernel<15, 32>
2026-09-12T21:30:57.646 DEBUG   :curobo                                  :Cache hit: curobo::geometry::self_collision::self_collision_max_distance_kernel<false>
2026-09-12T21:30:57.648 DEBUG   :curobo                                  :Cache hit: curobo::kinematics::kinematics_backward_kernel<float, float, 16, true, false, false>
2026-09-12T21:30:57.648 DEBUG   :curobo                                  :Cache hit: curobo::trajectory::bspline::bspline_backward_kernel<3, float, (curobo::trajectory::bspline::BasisBackend)2>
2026-09-12T21:30:57.648 DEBUG   :curobo                                  :Cache hit: curobo::optimization::line_search::kernel_line_search<float, 4>
2026-09-12T21:30:57.649 DEBUG   :curobo                                  :Cache hit: curobo::optimization::kernel_lbfgs_step_shared_memory<float, false, 27>
2026-09-12T21:30:57.649 DEBUG   :curobo                                  :Cache hit: curobo::trajectory::bspline::interpolate_bspline_kernel<float, 3, (curobo::trajectory::bspline::BasisBackend)2>
2026-09-12T21:30:57.650 DEBUG   :curobo                                  :Cache hit: curobo::kinematics::kinematics_forward_spheres_kernel<15, 32>
2026-09-12T21:30:57.651 DEBUG   :curobo                                  :Cache hit: curobo::geometry::self_collision::self_collision_max_distance_kernel<false>
2026-09-12T21:30:57.651 DEBUG   :curobo                                  :Cache hit: curobo::kinematics::kinematics_backward_kernel<float, float, 16, true, false, false>
2026-09-12T21:30:57.652 DEBUG   :curobo                                  :Cache hit: curobo::trajectory::bspline::bspline_backward_kernel<3, float, (curobo::trajectory::bspline::BasisBackend)2>
2026-09-12T21:30:57.652 DEBUG   :curobo                                  :Cache hit: curobo::optimization::line_search::kernel_line_search<float, 4>
2026-09-12T21:30:57.652 DEBUG   :curobo                                  :Cache hit: curobo::optimization::kernel_lbfgs_step_shared_memory<float, false, 27>
2026-09-12T21:30:57.653 DEBUG   :curobo                                  :Cache hit: curobo::trajectory::bspline::interpolate_bspline_kernel<float, 3, (curobo::trajectory::bspline::BasisBackend)2>
2026-09-12T21:30:57.653 DEBUG   :curobo                                  :Cache hit: curobo::kinematics::kinematics_forward_spheres_kernel<15, 32>
2026-09-12T21:30:57.654 DEBUG   :curobo                                  :Cache hit: curobo::geometry::self_collision::self_collision_max_distance_kernel<false>
2026-09-12T21:30:57.655 DEBUG   :curobo                                  :Cache hit: curobo::kinematics::kinematics_backward_kernel<float, float, 16, true, false, false>
2026-09-12T21:30:57.655 DEBUG   :curobo                                  :Cache hit: curobo::trajectory::bspline::bspline_backward_kernel<3, float, (curobo::trajectory::bspline::BasisBackend)2>
2026-09-12T21:30:57.655 DEBUG   :curobo                                  :Cache hit: curobo::optimization::line_search::kernel_line_search<float, 4>
2026-09-12T21:30:57.656 DEBUG   :curobo                                  :Cache hit: curobo::optimization::kernel_lbfgs_step_shared_memory<float, false, 27>
2026-09-12T21:30:57.656 DEBUG   :curobo                                  :Cache hit: curobo::trajectory::bspline::interpolate_bspline_kernel<float, 3, (curobo::trajectory::bspline::BasisBackend)2>
2026-09-12T21:30:57.656 DEBUG   :curobo                                  :Cache hit: curobo::kinematics::kinematics_forward_spheres_kernel<15, 32>
2026-09-12T21:30:57.657 DEBUG   :curobo                                  :Cache hit: curobo::geometry::self_collision::self_collision_max_distance_kernel<false>
2026-09-12T21:30:57.658 DEBUG   :curobo                                  :Cache hit: curobo::kinematics::kinematics_backward_kernel<float, float, 16, true, false, false>
2026-09-12T21:30:57.658 DEBUG   :curobo                                  :Cache hit: curobo::trajectory::bspline::bspline_backward_kernel<3, float, (curobo::trajectory::bspline::BasisBackend)2>
2026-09-12T21:30:57.658 DEBUG   :curobo                                  :Cache hit: curobo::optimization::line_search::kernel_line_search<float, 4>
2026-09-12T21:30:57.659 DEBUG   :curobo                                  :Cache hit: curobo::optimization::kernel_lbfgs_step_shared_memory<float, false, 27>
2026-09-12T21:30:57.659 DEBUG   :curobo                                  :Cache hit: curobo::trajectory::bspline::interpolate_bspline_kernel<float, 3, (curobo::trajectory::bspline::BasisBackend)2>
2026-09-12T21:30:57.659 DEBUG   :curobo                                  :Cache hit: curobo::kinematics::kinematics_forward_spheres_kernel<15, 32>
2026-09-12T21:30:57.660 DEBUG   :curobo                                  :Cache hit: curobo::geometry::self_collision::self_collision_max_distance_kernel<false>
2026-09-12T21:30:57.661 DEBUG   :curobo                                  :Cache hit: curobo::kinematics::kinematics_backward_kernel<float, float, 16, true, false, false>
2026-09-12T21:30:57.661 DEBUG   :curobo                                  :Cache hit: curobo::trajectory::bspline::bspline_backward_kernel<3, float, (curobo::trajectory::bspline::BasisBackend)2>
2026-09-12T21:30:57.662 DEBUG   :curobo                                  :Cache hit: curobo::optimization::line_search::kernel_line_search<float, 4>
2026-09-12T21:30:57.662 DEBUG   :curobo                                  :Cache hit: curobo::optimization::kernel_lbfgs_step_shared_memory<float, false, 27>
2026-09-12T21:30:57.662 DEBUG   :curobo                                  :Cache hit: curobo::trajectory::bspline::interpolate_bspline_kernel<float, 3, (curobo::trajectory::bspline::BasisBackend)2>
2026-09-12T21:30:57.662 DEBUG   :curobo                                  :Cache hit: curobo::kinematics::kinematics_forward_spheres_kernel<15, 32>
2026-09-12T21:30:57.663 DEBUG   :curobo                                  :Cache hit: curobo::geometry::self_collision::self_collision_max_distance_kernel<false>
2026-09-12T21:30:57.664 DEBUG   :curobo                                  :Cache hit: curobo::kinematics::kinematics_backward_kernel<float, float, 16, true, false, false>
2026-09-12T21:30:57.665 DEBUG   :curobo                                  :Cache hit: curobo::trajectory::bspline::bspline_backward_kernel<3, float, (curobo::trajectory::bspline::BasisBackend)2>
2026-09-12T21:30:57.665 DEBUG   :curobo                                  :Cache hit: curobo::optimization::line_search::kernel_line_search<float, 4>
2026-09-12T21:30:57.665 DEBUG   :curobo                                  :Cache hit: curobo::optimization::kernel_lbfgs_step_shared_memory<float, false, 27>
2026-09-12T21:30:57.665 DEBUG   :curobo                                  :Cache hit: curobo::trajectory::bspline::interpolate_bspline_kernel<float, 3, (curobo::trajectory::bspline::BasisBackend)2>
2026-09-12T21:30:57.666 DEBUG   :curobo                                  :Cache hit: curobo::kinematics::kinematics_forward_spheres_kernel<15, 32>
2026-09-12T21:30:57.666 DEBUG   :curobo                                  :Cache hit: curobo::geometry::self_collision::self_collision_max_distance_kernel<false>
2026-09-12T21:30:57.667 DEBUG   :curobo                                  :Cache hit: curobo::kinematics::kinematics_backward_kernel<float, float, 16, true, false, false>
2026-09-12T21:30:57.667 DEBUG   :curobo                                  :Cache hit: curobo::trajectory::bspline::bspline_backward_kernel<3, float, (curobo::trajectory::bspline::BasisBackend)2>
2026-09-12T21:30:57.668 DEBUG   :curobo                                  :Cache hit: curobo::optimization::line_search::kernel_line_search<float, 4>
2026-09-12T21:30:57.668 DEBUG   :curobo                                  :Cache hit: curobo::optimization::kernel_lbfgs_step_shared_memory<float, false, 27>
2026-09-12T21:30:57.668 DEBUG   :curobo                                  :Cache hit: curobo::trajectory::bspline::interpolate_bspline_kernel<float, 3, (curobo::trajectory::bspline::BasisBackend)2>
2026-09-12T21:30:57.668 DEBUG   :curobo                                  :Cache hit: curobo::kinematics::kinematics_forward_spheres_kernel<15, 32>
2026-09-12T21:30:57.670 DEBUG   :curobo                                  :Cache hit: curobo::geometry::self_collision::self_collision_max_distance_kernel<false>
2026-09-12T21:30:57.671 DEBUG   :curobo                                  :Cache hit: curobo::kinematics::kinematics_backward_kernel<float, float, 16, true, false, false>
2026-09-12T21:30:57.671 DEBUG   :curobo                                  :Cache hit: curobo::trajectory::bspline::bspline_backward_kernel<3, float, (curobo::trajectory::bspline::BasisBackend)2>
2026-09-12T21:30:57.671 DEBUG   :curobo                                  :Cache hit: curobo::optimization::line_search::kernel_line_search<float, 4>
2026-09-12T21:30:57.672 DEBUG   :curobo                                  :Cache hit: curobo::optimization::kernel_lbfgs_step_shared_memory<float, false, 27>
2026-09-12T21:30:57.672 DEBUG   :curobo                                  :Cache hit: curobo::trajectory::bspline::interpolate_bspline_kernel<float, 3, (curobo::trajectory::bspline::BasisBackend)2>
2026-09-12T21:30:57.672 DEBUG   :curobo                                  :Cache hit: curobo::kinematics::kinematics_forward_spheres_kernel<15, 32>
2026-09-12T21:30:57.673 DEBUG   :curobo                                  :Cache hit: curobo::geometry::self_collision::self_collision_max_distance_kernel<false>
2026-09-12T21:30:57.674 DEBUG   :curobo                                  :Cache hit: curobo::kinematics::kinematics_backward_kernel<float, float, 16, true, false, false>
2026-09-12T21:30:57.674 DEBUG   :curobo                                  :Cache hit: curobo::trajectory::bspline::bspline_backward_kernel<3, float, (curobo::trajectory::bspline::BasisBackend)2>
2026-09-12T21:30:57.674 DEBUG   :curobo                                  :Cache hit: curobo::optimization::line_search::kernel_line_search<float, 4>
2026-09-12T21:30:57.675 DEBUG   :curobo                                  :Cache hit: curobo::optimization::kernel_lbfgs_step_shared_memory<float, false, 27>
2026-09-12T21:30:57.675 DEBUG   :curobo                                  :Cache hit: curobo::trajectory::bspline::interpolate_bspline_kernel<float, 3, (curobo::trajectory::bspline::BasisBackend)2>
2026-09-12T21:30:57.675 DEBUG   :curobo                                  :Cache hit: curobo::kinematics::kinematics_forward_spheres_kernel<15, 32>
2026-09-12T21:30:57.676 DEBUG   :curobo                                  :Cache hit: curobo::geometry::self_collision::self_collision_max_distance_kernel<false>
2026-09-12T21:30:57.677 DEBUG   :curobo                                  :Cache hit: curobo::kinematics::kinematics_backward_kernel<float, float, 16, true, false, false>
2026-09-12T21:30:57.677 DEBUG   :curobo                                  :Cache hit: curobo::trajectory::bspline::bspline_backward_kernel<3, float, (curobo::trajectory::bspline::BasisBackend)2>
2026-09-12T21:30:57.678 DEBUG   :curobo                                  :Cache hit: curobo::optimization::line_search::kernel_line_search<float, 4>
2026-09-12T21:30:57.678 DEBUG   :curobo                                  :Cache hit: curobo::optimization::kernel_lbfgs_step_shared_memory<float, false, 27>
2026-09-12T21:30:57.678 DEBUG   :curobo                                  :Cache hit: curobo::trajectory::bspline::interpolate_bspline_kernel<float, 3, (curobo::trajectory::bspline::BasisBackend)2>
2026-09-12T21:30:57.678 DEBUG   :curobo                                  :Cache hit: curobo::kinematics::kinematics_forward_spheres_kernel<15, 32>
2026-09-12T21:30:57.679 DEBUG   :curobo                                  :Cache hit: curobo::geometry::self_collision::self_collision_max_distance_kernel<false>
2026-09-12T21:30:57.680 DEBUG   :curobo                                  :Cache hit: curobo::kinematics::kinematics_backward_kernel<float, float, 16, true, false, false>
2026-09-12T21:30:57.680 DEBUG   :curobo                                  :Cache hit: curobo::trajectory::bspline::bspline_backward_kernel<3, float, (curobo::trajectory::bspline::BasisBackend)2>
2026-09-12T21:30:57.680 DEBUG   :curobo                                  :Cache hit: curobo::optimization::line_search::kernel_line_search<float, 4>
2026-09-12T21:30:57.681 DEBUG   :curobo                                  :Cache hit: curobo::optimization::kernel_lbfgs_step_shared_memory<float, false, 27>
2026-09-12T21:30:57.681 DEBUG   :curobo                                  :Cache hit: curobo::trajectory::bspline::interpolate_bspline_kernel<float, 3, (curobo::trajectory::bspline::BasisBackend)2>
2026-09-12T21:30:57.681 DEBUG   :curobo                                  :Cache hit: curobo::kinematics::kinematics_forward_spheres_kernel<15, 32>
2026-09-12T21:30:57.682 DEBUG   :curobo                                  :Cache hit: curobo::geometry::self_collision::self_collision_max_distance_kernel<false>
2026-09-12T21:30:57.683 DEBUG   :curobo                                  :Cache hit: curobo::kinematics::kinematics_backward_kernel<float, float, 16, true, false, false>
2026-09-12T21:30:57.683 DEBUG   :curobo                                  :Cache hit: curobo::trajectory::bspline::bspline_backward_kernel<3, float, (curobo::trajectory::bspline::BasisBackend)2>
2026-09-12T21:30:57.683 DEBUG   :curobo                                  :Cache hit: curobo::optimization::line_search::kernel_line_search<float, 4>
2026-09-12T21:30:57.684 DEBUG   :curobo                                  :Cache hit: curobo::optimization::kernel_lbfgs_step_shared_memory<float, false, 27>
2026-09-12T21:30:57.684 DEBUG   :curobo                                  :Cache hit: curobo::trajectory::bspline::interpolate_bspline_kernel<float, 3, (curobo::trajectory::bspline::BasisBackend)2>
2026-09-12T21:30:57.684 DEBUG   :curobo                                  :Cache hit: curobo::kinematics::kinematics_forward_spheres_kernel<15, 32>
2026-09-12T21:30:57.685 DEBUG   :curobo                                  :Cache hit: curobo::geometry::self_collision::self_collision_max_distance_kernel<false>
2026-09-12T21:30:57.686 DEBUG   :curobo                                  :Cache hit: curobo::kinematics::kinematics_backward_kernel<float, float, 16, true, false, false>
2026-09-12T21:30:57.686 DEBUG   :curobo                                  :Cache hit: curobo::trajectory::bspline::bspline_backward_kernel<3, float, (curobo::trajectory::bspline::BasisBackend)2>
2026-09-12T21:30:57.686 DEBUG   :curobo                                  :Cache hit: curobo::optimization::line_search::kernel_line_search<float, 4>
2026-09-12T21:30:57.686 DEBUG   :curobo                                  :Cache hit: curobo::optimization::kernel_lbfgs_step_shared_memory<float, false, 27>
2026-09-12T21:30:57.687 DEBUG   :curobo                                  :Cache hit: curobo::trajectory::bspline::interpolate_bspline_kernel<float, 3, (curobo::trajectory::bspline::BasisBackend)2>
2026-09-12T21:30:57.687 DEBUG   :curobo                                  :Cache hit: curobo::kinematics::kinematics_forward_spheres_kernel<15, 32>
2026-09-12T21:30:57.687 DEBUG   :curobo                                  :Cache hit: curobo::geometry::self_collision::self_collision_max_distance_kernel<false>
2026-09-12T21:30:57.688 DEBUG   :curobo                                  :Cache hit: curobo::kinematics::kinematics_backward_kernel<float, float, 16, true, false, false>
2026-09-12T21:30:57.689 DEBUG   :curobo                                  :Cache hit: curobo::trajectory::bspline::bspline_backward_kernel<3, float, (curobo::trajectory::bspline::BasisBackend)2>
2026-09-12T21:30:57.689 DEBUG   :curobo                                  :Cache hit: curobo::optimization::line_search::kernel_line_search<float, 4>
2026-09-12T21:30:57.689 DEBUG   :curobo                                  :Cache hit: curobo::optimization::kernel_lbfgs_step_shared_memory<float, false, 27>
2026-09-12T21:30:57.689 DEBUG   :curobo                                  :Cache hit: curobo::trajectory::bspline::interpolate_bspline_kernel<float, 3, (curobo::trajectory::bspline::BasisBackend)2>
2026-09-12T21:30:57.690 DEBUG   :curobo                                  :Cache hit: curobo::kinematics::kinematics_forward_spheres_kernel<15, 32>
2026-09-12T21:30:57.690 DEBUG   :curobo                                  :Cache hit: curobo::geometry::self_collision::self_collision_max_distance_kernel<false>
2026-09-12T21:30:57.691 DEBUG   :curobo                                  :Cache hit: curobo::kinematics::kinematics_backward_kernel<float, float, 16, true, false, false>
2026-09-12T21:30:57.691 DEBUG   :curobo                                  :Cache hit: curobo::trajectory::bspline::bspline_backward_kernel<3, float, (curobo::trajectory::bspline::BasisBackend)2>
2026-09-12T21:30:57.692 DEBUG   :curobo                                  :Cache hit: curobo::optimization::line_search::kernel_line_search<float, 4>
2026-09-12T21:30:57.692 DEBUG   :curobo                                  :Cache hit: curobo::optimization::kernel_lbfgs_step_shared_memory<float, false, 27>
2026-09-12T21:30:57.692 DEBUG   :curobo                                  :Cache hit: curobo::trajectory::bspline::interpolate_bspline_kernel<float, 3, (curobo::trajectory::bspline::BasisBackend)2>
2026-09-12T21:30:57.693 DEBUG   :curobo                                  :Cache hit: curobo::kinematics::kinematics_forward_spheres_kernel<15, 32>
2026-09-12T21:30:57.694 DEBUG   :curobo                                  :Cache hit: curobo::geometry::self_collision::self_collision_max_distance_kernel<false>
2026-09-12T21:30:57.695 DEBUG   :curobo                                  :Cache hit: curobo::kinematics::kinematics_backward_kernel<float, float, 16, true, false, false>
2026-09-12T21:30:57.695 DEBUG   :curobo                                  :Cache hit: curobo::trajectory::bspline::bspline_backward_kernel<3, float, (curobo::trajectory::bspline::BasisBackend)2>
2026-09-12T21:30:57.695 DEBUG   :curobo                                  :Cache hit: curobo::optimization::line_search::kernel_line_search<float, 4>
2026-09-12T21:30:57.696 DEBUG   :curobo                                  :Cache hit: curobo::optimization::kernel_lbfgs_step_shared_memory<float, false, 27>
2026-09-12T21:30:57.696 DEBUG   :curobo                                  :Cache hit: curobo::trajectory::bspline::interpolate_bspline_kernel<float, 3, (curobo::trajectory::bspline::BasisBackend)2>
2026-09-12T21:30:57.696 DEBUG   :curobo                                  :Cache hit: curobo::kinematics::kinematics_forward_spheres_kernel<15, 32>
2026-09-12T21:30:57.698 DEBUG   :curobo                                  :Cache hit: curobo::geometry::self_collision::self_collision_max_distance_kernel<false>
2026-09-12T21:30:57.699 DEBUG   :curobo                                  :Cache hit: curobo::kinematics::kinematics_backward_kernel<float, float, 16, true, false, false>
2026-09-12T21:30:57.699 DEBUG   :curobo                                  :Cache hit: curobo::trajectory::bspline::bspline_backward_kernel<3, float, (curobo::trajectory::bspline::BasisBackend)2>
2026-09-12T21:30:57.700 DEBUG   :curobo                                  :Cache hit: curobo::optimization::line_search::kernel_line_search<float, 4>
2026-09-12T21:30:57.700 DEBUG   :curobo                                  :Cache hit: curobo::optimization::kernel_lbfgs_step_shared_memory<float, false, 27>
2026-09-12T21:30:57.701 DEBUG   :curobo                                  :Cache hit: curobo::trajectory::bspline::interpolate_bspline_kernel<float, 3, (curobo::trajectory::bspline::BasisBackend)2>
2026-09-12T21:30:57.701 DEBUG   :curobo                                  :Cache hit: curobo::kinematics::kinematics_forward_spheres_kernel<15, 32>
2026-09-12T21:30:57.702 DEBUG   :curobo                                  :Cache hit: curobo::geometry::self_collision::self_collision_max_distance_kernel<false>
2026-09-12T21:30:57.704 DEBUG   :curobo                                  :Cache hit: curobo::kinematics::kinematics_backward_kernel<float, float, 16, true, false, false>
2026-09-12T21:30:57.704 DEBUG   :curobo                                  :Cache hit: curobo::trajectory::bspline::bspline_backward_kernel<3, float, (curobo::trajectory::bspline::BasisBackend)2>
2026-09-12T21:30:57.704 DEBUG   :curobo                                  :Cache hit: curobo::optimization::line_search::kernel_line_search<float, 4>
2026-09-12T21:30:57.704 DEBUG   :curobo                                  :Cache hit: curobo::optimization::kernel_lbfgs_step_shared_memory<float, false, 27>
2026-09-12T21:30:57.705 DEBUG   :curobo                                  :Cache hit: curobo::trajectory::bspline::interpolate_bspline_kernel<float, 3, (curobo::trajectory::bspline::BasisBackend)2>
2026-09-12T21:30:57.705 DEBUG   :curobo                                  :Cache hit: curobo::kinematics::kinematics_forward_spheres_kernel<15, 32>
2026-09-12T21:30:57.706 DEBUG   :curobo                                  :Cache hit: curobo::geometry::self_collision::self_collision_max_distance_kernel<false>
2026-09-12T21:30:57.707 DEBUG   :curobo                                  :Cache hit: curobo::kinematics::kinematics_backward_kernel<float, float, 16, true, false, false>
2026-09-12T21:30:57.707 DEBUG   :curobo                                  :Cache hit: curobo::trajectory::bspline::bspline_backward_kernel<3, float, (curobo::trajectory::bspline::BasisBackend)2>
2026-09-12T21:30:57.707 DEBUG   :curobo                                  :Cache hit: curobo::optimization::line_search::kernel_line_search<float, 4>
2026-09-12T21:30:57.707 DEBUG   :curobo                                  :Cache hit: curobo::optimization::kernel_lbfgs_step_shared_memory<float, false, 27>
2026-09-12T21:30:57.708 DEBUG   :curobo                                  :Cache hit: curobo::trajectory::bspline::interpolate_bspline_kernel<float, 3, (curobo::trajectory::bspline::BasisBackend)2>
2026-09-12T21:30:57.708 DEBUG   :curobo                                  :Cache hit: curobo::kinematics::kinematics_forward_spheres_kernel<15, 32>
2026-09-12T21:30:57.709 DEBUG   :curobo                                  :Cache hit: curobo::geometry::self_collision::self_collision_max_distance_kernel<false>
2026-09-12T21:30:57.709 DEBUG   :curobo                                  :Cache hit: curobo::kinematics::kinematics_backward_kernel<float, float, 16, true, false, false>
2026-09-12T21:30:57.709 DEBUG   :curobo                                  :Cache hit: curobo::trajectory::bspline::bspline_backward_kernel<3, float, (curobo::trajectory::bspline::BasisBackend)2>
2026-09-12T21:30:57.710 DEBUG   :curobo                                  :Cache hit: curobo::optimization::line_search::kernel_line_search<float, 4>
2026-09-12T21:30:57.710 DEBUG   :curobo                                  :Cache hit: curobo::optimization::kernel_lbfgs_step_shared_memory<float, false, 27>
2026-09-12T21:30:57.710 DEBUG   :curobo                                  :Cache hit: curobo::trajectory::bspline::interpolate_bspline_kernel<float, 3, (curobo::trajectory::bspline::BasisBackend)2>
2026-09-12T21:30:57.711 DEBUG   :curobo                                  :Cache hit: curobo::kinematics::kinematics_forward_spheres_kernel<15, 32>
2026-09-12T21:30:57.711 DEBUG   :curobo                                  :Cache hit: curobo::geometry::self_collision::self_collision_max_distance_kernel<false>
2026-09-12T21:30:57.712 DEBUG   :curobo                                  :Cache hit: curobo::kinematics::kinematics_backward_kernel<float, float, 16, true, false, false>
2026-09-12T21:30:57.712 DEBUG   :curobo                                  :Cache hit: curobo::trajectory::bspline::bspline_backward_kernel<3, float, (curobo::trajectory::bspline::BasisBackend)2>
2026-09-12T21:30:57.713 DEBUG   :curobo                                  :Cache hit: curobo::optimization::line_search::kernel_line_search<float, 4>
2026-09-12T21:30:57.713 DEBUG   :curobo                                  :Cache hit: curobo::optimization::kernel_lbfgs_step_shared_memory<float, false, 27>
2026-09-12T21:30:57.714 DEBUG   :curobo                                  :Cache hit: curobo::trajectory::bspline::interpolate_bspline_kernel<float, 3, (curobo::trajectory::bspline::BasisBackend)2>
2026-09-12T21:30:57.714 DEBUG   :curobo                                  :Cache hit: curobo::kinematics::kinematics_forward_spheres_kernel<15, 32>
2026-09-12T21:30:57.715 DEBUG   :curobo                                  :Cache hit: curobo::geometry::self_collision::self_collision_max_distance_kernel<false>
2026-09-12T21:30:57.717 DEBUG   :curobo                                  :Cache hit: curobo::kinematics::kinematics_backward_kernel<float, float, 16, true, false, false>
2026-09-12T21:30:57.717 DEBUG   :curobo                                  :Cache hit: curobo::trajectory::bspline::bspline_backward_kernel<3, float, (curobo::trajectory::bspline::BasisBackend)2>
2026-09-12T21:30:57.717 DEBUG   :curobo                                  :Cache hit: curobo::optimization::line_search::kernel_line_search<float, 4>
2026-09-12T21:30:57.718 DEBUG   :curobo                                  :Cache hit: curobo::optimization::kernel_lbfgs_step_shared_memory<float, false, 27>
2026-09-12T21:30:57.718 DEBUG   :curobo                                  :Cache hit: curobo::trajectory::bspline::interpolate_bspline_kernel<float, 3, (curobo::trajectory::bspline::BasisBackend)2>
2026-09-12T21:30:57.719 DEBUG   :curobo                                  :Cache hit: curobo::kinematics::kinematics_forward_spheres_kernel<15, 32>
2026-09-12T21:30:57.720 DEBUG   :curobo                                  :Cache hit: curobo::geometry::self_collision::self_collision_max_distance_kernel<false>
2026-09-12T21:30:57.721 DEBUG   :curobo                                  :Cache hit: curobo::kinematics::kinematics_backward_kernel<float, float, 16, true, false, false>
2026-09-12T21:30:57.722 DEBUG   :curobo                                  :Cache hit: curobo::trajectory::bspline::bspline_backward_kernel<3, float, (curobo::trajectory::bspline::BasisBackend)2>
2026-09-12T21:30:57.722 DEBUG   :curobo                                  :Cache hit: curobo::optimization::line_search::kernel_line_search<float, 4>
2026-09-12T21:30:57.722 DEBUG   :curobo                                  :Cache hit: curobo::optimization::kernel_lbfgs_step_shared_memory<float, false, 27>
2026-09-12T21:30:57.723 DEBUG   :curobo                                  :Cache hit: curobo::trajectory::bspline::interpolate_bspline_kernel<float, 3, (curobo::trajectory::bspline::BasisBackend)2>
2026-09-12T21:30:57.723 DEBUG   :curobo                                  :Cache hit: curobo::kinematics::kinematics_forward_spheres_kernel<15, 32>
2026-09-12T21:30:57.724 DEBUG   :curobo                                  :Cache hit: curobo::geometry::self_collision::self_collision_max_distance_kernel<false>
2026-09-12T21:30:57.725 DEBUG   :curobo                                  :Cache hit: curobo::kinematics::kinematics_backward_kernel<float, float, 16, true, false, false>
2026-09-12T21:30:57.725 DEBUG   :curobo                                  :Cache hit: curobo::trajectory::bspline::bspline_backward_kernel<3, float, (curobo::trajectory::bspline::BasisBackend)2>
2026-09-12T21:30:57.727 DEBUG   :curobo                                  :Cache hit: curobo::optimization::line_search::kernel_line_search<float, 4>
2026-09-12T21:30:57.727 DEBUG   :curobo                                  :Cache hit: curobo::optimization::kernel_lbfgs_step_shared_memory<float, false, 27>
2026-09-12T21:30:57.728 DEBUG   :curobo                                  :Cache hit: curobo::trajectory::bspline::interpolate_bspline_kernel<float, 3, (curobo::trajectory::bspline::BasisBackend)2>
2026-09-12T21:30:57.728 DEBUG   :curobo                                  :Cache hit: curobo::kinematics::kinematics_forward_spheres_kernel<15, 32>
2026-09-12T21:30:57.729 DEBUG   :curobo                                  :Cache hit: curobo::geometry::self_collision::self_collision_max_distance_kernel<false>
2026-09-12T21:30:57.730 DEBUG   :curobo                                  :Cache hit: curobo::kinematics::kinematics_backward_kernel<float, float, 16, true, false, false>
2026-09-12T21:30:57.730 DEBUG   :curobo                                  :Cache hit: curobo::trajectory::bspline::bspline_backward_kernel<3, float, (curobo::trajectory::bspline::BasisBackend)2>
2026-09-12T21:30:57.730 DEBUG   :curobo                                  :Cache hit: curobo::optimization::line_search::kernel_line_search<float, 4>
2026-09-12T21:30:57.730 DEBUG   :curobo                                  :Cache hit: curobo::optimization::kernel_lbfgs_step_shared_memory<float, false, 27>
2026-09-12T21:30:57.731 DEBUG   :curobo                                  :Cache hit: curobo::trajectory::bspline::interpolate_bspline_kernel<float, 3, (curobo::trajectory::bspline::BasisBackend)2>
2026-09-12T21:30:57.731 DEBUG   :curobo                                  :Cache hit: curobo::kinematics::kinematics_forward_spheres_kernel<15, 32>
2026-09-12T21:30:57.732 DEBUG   :curobo                                  :Cache hit: curobo::geometry::self_collision::self_collision_max_distance_kernel<false>
2026-09-12T21:30:57.733 DEBUG   :curobo                                  :Cache hit: curobo::kinematics::kinematics_backward_kernel<float, float, 16, true, false, false>
2026-09-12T21:30:57.733 DEBUG   :curobo                                  :Cache hit: curobo::trajectory::bspline::bspline_backward_kernel<3, float, (curobo::trajectory::bspline::BasisBackend)2>
2026-09-12T21:30:57.733 DEBUG   :curobo                                  :Cache hit: curobo::optimization::line_search::kernel_line_search<float, 4>
2026-09-12T21:30:57.734 DEBUG   :curobo                                  :Cache hit: curobo::optimization::kernel_lbfgs_step_shared_memory<float, false, 27>
2026-09-12T21:30:57.734 DEBUG   :curobo                                  :Cache hit: curobo::trajectory::bspline::interpolate_bspline_kernel<float, 3, (curobo::trajectory::bspline::BasisBackend)2>
2026-09-12T21:30:57.734 DEBUG   :curobo                                  :Cache hit: curobo::kinematics::kinematics_forward_spheres_kernel<15, 32>
2026-09-12T21:30:57.735 DEBUG   :curobo                                  :Cache hit: curobo::geometry::self_collision::self_collision_max_distance_kernel<false>
2026-09-12T21:30:57.736 DEBUG   :curobo                                  :Cache hit: curobo::kinematics::kinematics_backward_kernel<float, float, 16, true, false, false>
2026-09-12T21:30:57.736 DEBUG   :curobo                                  :Cache hit: curobo::trajectory::bspline::bspline_backward_kernel<3, float, (curobo::trajectory::bspline::BasisBackend)2>
2026-09-12T21:30:57.736 DEBUG   :curobo                                  :Cache hit: curobo::optimization::line_search::kernel_line_search<float, 4>
2026-09-12T21:30:57.736 DEBUG   :curobo                                  :Cache hit: curobo::optimization::kernel_lbfgs_step_shared_memory<float, false, 27>
2026-09-12T21:30:57.737 DEBUG   :curobo                                  :Cache hit: curobo::trajectory::bspline::interpolate_bspline_kernel<float, 3, (curobo::trajectory::bspline::BasisBackend)2>
2026-09-12T21:30:57.737 DEBUG   :curobo                                  :Cache hit: curobo::kinematics::kinematics_forward_spheres_kernel<15, 32>
2026-09-12T21:30:57.738 DEBUG   :curobo                                  :Cache hit: curobo::geometry::self_collision::self_collision_max_distance_kernel<false>
2026-09-12T21:30:57.739 DEBUG   :curobo                                  :Cache hit: curobo::kinematics::kinematics_backward_kernel<float, float, 16, true, false, false>
2026-09-12T21:30:57.739 DEBUG   :curobo                                  :Cache hit: curobo::trajectory::bspline::bspline_backward_kernel<3, float, (curobo::trajectory::bspline::BasisBackend)2>
2026-09-12T21:30:57.739 DEBUG   :curobo                                  :Cache hit: curobo::optimization::line_search::kernel_line_search<float, 4>
2026-09-12T21:30:57.739 DEBUG   :curobo                                  :Cache hit: curobo::optimization::kernel_lbfgs_step_shared_memory<float, false, 27>
2026-09-12T21:30:57.740 DEBUG   :curobo                                  :Cache hit: curobo::trajectory::bspline::interpolate_bspline_kernel<float, 3, (curobo::trajectory::bspline::BasisBackend)2>
2026-09-12T21:30:57.740 DEBUG   :curobo                                  :Cache hit: curobo::kinematics::kinematics_forward_spheres_kernel<15, 32>
2026-09-12T21:30:57.741 DEBUG   :curobo                                  :Cache hit: curobo::geometry::self_collision::self_collision_max_distance_kernel<false>
2026-09-12T21:30:57.741 DEBUG   :curobo                                  :Cache hit: curobo::kinematics::kinematics_backward_kernel<float, float, 16, true, false, false>
2026-09-12T21:30:57.741 DEBUG   :curobo                                  :Cache hit: curobo::trajectory::bspline::bspline_backward_kernel<3, float, (curobo::trajectory::bspline::BasisBackend)2>
2026-09-12T21:30:57.742 DEBUG   :curobo                                  :Cache hit: curobo::optimization::line_search::kernel_line_search<float, 4>
2026-09-12T21:30:57.742 DEBUG   :curobo                                  :Cache hit: curobo::optimization::kernel_lbfgs_step_shared_memory<float, false, 27>
2026-09-12T21:30:57.742 DEBUG   :curobo                                  :Cache hit: curobo::trajectory::bspline::interpolate_bspline_kernel<float, 3, (curobo::trajectory::bspline::BasisBackend)2>
2026-09-12T21:30:57.742 DEBUG   :curobo                                  :Cache hit: curobo::kinematics::kinematics_forward_spheres_kernel<15, 32>
2026-09-12T21:30:57.743 DEBUG   :curobo                                  :Cache hit: curobo::geometry::self_collision::self_collision_max_distance_kernel<false>
2026-09-12T21:30:57.744 DEBUG   :curobo                                  :Cache hit: curobo::kinematics::kinematics_backward_kernel<float, float, 16, true, false, false>
2026-09-12T21:30:57.744 DEBUG   :curobo                                  :Cache hit: curobo::trajectory::bspline::bspline_backward_kernel<3, float, (curobo::trajectory::bspline::BasisBackend)2>
2026-09-12T21:30:57.744 DEBUG   :curobo                                  :Cache hit: curobo::optimization::line_search::kernel_line_search<float, 4>
2026-09-12T21:30:57.744 DEBUG   :curobo                                  :Cache hit: curobo::optimization::kernel_lbfgs_step_shared_memory<float, false, 27>
2026-09-12T21:30:57.745 DEBUG   :curobo                                  :Cache hit: curobo::trajectory::bspline::interpolate_bspline_kernel<float, 3, (curobo::trajectory::bspline::BasisBackend)2>
2026-09-12T21:30:57.745 DEBUG   :curobo                                  :Cache hit: curobo::kinematics::kinematics_forward_spheres_kernel<15, 32>
2026-09-12T21:30:57.745 DEBUG   :curobo                                  :Cache hit: curobo::geometry::self_collision::self_collision_max_distance_kernel<false>
2026-09-12T21:30:57.746 DEBUG   :curobo                                  :Cache hit: curobo::kinematics::kinematics_backward_kernel<float, float, 16, true, false, false>
2026-09-12T21:30:57.747 DEBUG   :curobo                                  :Cache hit: curobo::trajectory::bspline::bspline_backward_kernel<3, float, (curobo::trajectory::bspline::BasisBackend)2>
2026-09-12T21:30:57.747 DEBUG   :curobo                                  :Cache hit: curobo::optimization::line_search::kernel_line_search<float, 4>
2026-09-12T21:30:57.747 DEBUG   :curobo                                  :Cache hit: curobo::optimization::kernel_lbfgs_step_shared_memory<float, false, 27>
2026-09-12T21:30:57.748 DEBUG   :curobo                                  :Cache hit: curobo::trajectory::bspline::interpolate_bspline_kernel<float, 3, (curobo::trajectory::bspline::BasisBackend)2>
2026-09-12T21:30:57.748 DEBUG   :curobo                                  :Cache hit: curobo::kinematics::kinematics_forward_spheres_kernel<15, 32>
2026-09-12T21:30:57.749 DEBUG   :curobo                                  :Cache hit: curobo::geometry::self_collision::self_collision_max_distance_kernel<false>
2026-09-12T21:30:57.750 DEBUG   :curobo                                  :Cache hit: curobo::kinematics::kinematics_backward_kernel<float, float, 16, true, false, false>
2026-09-12T21:30:57.750 DEBUG   :curobo                                  :Cache hit: curobo::trajectory::bspline::bspline_backward_kernel<3, float, (curobo::trajectory::bspline::BasisBackend)2>
2026-09-12T21:30:57.750 DEBUG   :curobo                                  :Cache hit: curobo::optimization::line_search::kernel_line_search<float, 4>
2026-09-12T21:30:57.751 DEBUG   :curobo                                  :Cache hit: curobo::optimization::kernel_lbfgs_step_shared_memory<float, false, 27>
2026-09-12T21:30:57.751 DEBUG   :curobo                                  :Cache hit: curobo::trajectory::bspline::interpolate_bspline_kernel<float, 3, (curobo::trajectory::bspline::BasisBackend)2>
2026-09-12T21:30:57.751 DEBUG   :curobo                                  :Cache hit: curobo::kinematics::kinematics_forward_spheres_kernel<15, 32>
2026-09-12T21:30:57.752 DEBUG   :curobo                                  :Cache hit: curobo::geometry::self_collision::self_collision_max_distance_kernel<false>
2026-09-12T21:30:57.753 DEBUG   :curobo                                  :Cache hit: curobo::kinematics::kinematics_backward_kernel<float, float, 16, true, false, false>
2026-09-12T21:30:57.753 DEBUG   :curobo                                  :Cache hit: curobo::trajectory::bspline::bspline_backward_kernel<3, float, (curobo::trajectory::bspline::BasisBackend)2>
2026-09-12T21:30:57.754 DEBUG   :curobo                                  :Cache hit: curobo::optimization::line_search::kernel_line_search<float, 4>
2026-09-12T21:30:57.754 DEBUG   :curobo                                  :Cache hit: curobo::optimization::kernel_lbfgs_step_shared_memory<float, false, 27>
2026-09-12T21:30:57.754 DEBUG   :curobo                                  :Cache hit: curobo::trajectory::bspline::interpolate_bspline_kernel<float, 3, (curobo::trajectory::bspline::BasisBackend)2>
2026-09-12T21:30:57.755 DEBUG   :curobo                                  :Cache hit: curobo::kinematics::kinematics_forward_spheres_kernel<15, 32>
2026-09-12T21:30:57.756 DEBUG   :curobo                                  :Cache hit: curobo::geometry::self_collision::self_collision_max_distance_kernel<false>
2026-09-12T21:30:57.756 DEBUG   :curobo                                  :Cache hit: curobo::kinematics::kinematics_backward_kernel<float, float, 16, true, false, false>
2026-09-12T21:30:57.757 DEBUG   :curobo                                  :Cache hit: curobo::trajectory::bspline::bspline_backward_kernel<3, float, (curobo::trajectory::bspline::BasisBackend)2>
2026-09-12T21:30:57.757 DEBUG   :curobo                                  :Cache hit: curobo::optimization::line_search::kernel_line_search<float, 4>
2026-09-12T21:30:57.757 DEBUG   :curobo                                  :Cache hit: curobo::optimization::kernel_lbfgs_step_shared_memory<float, false, 27>
2026-09-12T21:30:57.758 DEBUG   :curobo                                  :Cache hit: curobo::trajectory::bspline::interpolate_bspline_kernel<float, 3, (curobo::trajectory::bspline::BasisBackend)2>
2026-09-12T21:30:57.758 DEBUG   :curobo                                  :Cache hit: curobo::kinematics::kinematics_forward_spheres_kernel<15, 32>
2026-09-12T21:30:57.759 DEBUG   :curobo                                  :Cache hit: curobo::geometry::self_collision::self_collision_max_distance_kernel<false>
2026-09-12T21:30:57.760 DEBUG   :curobo                                  :Cache hit: curobo::kinematics::kinematics_backward_kernel<float, float, 16, true, false, false>
2026-09-12T21:30:57.760 DEBUG   :curobo                                  :Cache hit: curobo::trajectory::bspline::bspline_backward_kernel<3, float, (curobo::trajectory::bspline::BasisBackend)2>
2026-09-12T21:30:57.760 DEBUG   :curobo                                  :Cache hit: curobo::optimization::line_search::kernel_line_search<float, 4>
2026-09-12T21:30:57.760 DEBUG   :curobo                                  :Cache hit: curobo::optimization::kernel_lbfgs_step_shared_memory<float, false, 27>
2026-09-12T21:30:57.761 DEBUG   :curobo                                  :Cache hit: curobo::trajectory::bspline::interpolate_bspline_kernel<float, 3, (curobo::trajectory::bspline::BasisBackend)2>
2026-09-12T21:30:57.761 DEBUG   :curobo                                  :Cache hit: curobo::kinematics::kinematics_forward_spheres_kernel<15, 32>
2026-09-12T21:30:57.762 DEBUG   :curobo                                  :Cache hit: curobo::geometry::self_collision::self_collision_max_distance_kernel<false>
2026-09-12T21:30:57.762 DEBUG   :curobo                                  :Cache hit: curobo::kinematics::kinematics_backward_kernel<float, float, 16, true, false, false>
2026-09-12T21:30:57.763 DEBUG   :curobo                                  :Cache hit: curobo::trajectory::bspline::bspline_backward_kernel<3, float, (curobo::trajectory::bspline::BasisBackend)2>
2026-09-12T21:30:57.763 DEBUG   :curobo                                  :Cache hit: curobo::optimization::line_search::kernel_line_search<float, 4>
2026-09-12T21:30:57.763 DEBUG   :curobo                                  :Cache hit: curobo::optimization::kernel_lbfgs_step_shared_memory<float, false, 27>
2026-09-12T21:30:57.764 DEBUG   :curobo                                  :Cache hit: curobo::trajectory::bspline::interpolate_bspline_kernel<float, 3, (curobo::trajectory::bspline::BasisBackend)2>
2026-09-12T21:30:57.764 DEBUG   :curobo                                  :Cache hit: curobo::kinematics::kinematics_forward_spheres_kernel<15, 32>
2026-09-12T21:30:57.765 DEBUG   :curobo                                  :Cache hit: curobo::geometry::self_collision::self_collision_max_distance_kernel<false>
2026-09-12T21:30:57.765 DEBUG   :curobo                                  :Cache hit: curobo::kinematics::kinematics_backward_kernel<float, float, 16, true, false, false>
2026-09-12T21:30:57.765 DEBUG   :curobo                                  :Cache hit: curobo::trajectory::bspline::bspline_backward_kernel<3, float, (curobo::trajectory::bspline::BasisBackend)2>
2026-09-12T21:30:57.766 DEBUG   :curobo                                  :Cache hit: curobo::optimization::line_search::kernel_line_search<float, 4>
2026-09-12T21:30:57.766 DEBUG   :curobo                                  :Cache hit: curobo::optimization::kernel_lbfgs_step_shared_memory<float, false, 27>
2026-09-12T21:30:57.769 DEBUG   :curobo                                  :Cache hit: curobo::trajectory::bspline::interpolate_bspline_kernel<float, 3, (curobo::trajectory::bspline::BasisBackend)2>
2026-09-12T21:30:57.769 DEBUG   :curobo                                  :Cache hit: curobo::kinematics::kinematics_forward_spheres_kernel<15, 32>
2026-09-12T21:30:57.770 DEBUG   :curobo                                  :Cache hit: curobo::geometry::self_collision::self_collision_max_distance_kernel<false>
2026-09-12T21:30:57.770 DEBUG   :curobo                                  :Cache hit: curobo::kinematics::kinematics_backward_kernel<float, float, 16, true, false, false>
2026-09-12T21:30:57.770 DEBUG   :curobo                                  :Cache hit: curobo::trajectory::bspline::bspline_backward_kernel<3, float, (curobo::trajectory::bspline::BasisBackend)2>
2026-09-12T21:30:57.771 DEBUG   :curobo                                  :Cache hit: curobo::optimization::line_search::kernel_line_search<float, 4>
2026-09-12T21:30:57.771 DEBUG   :curobo                                  :Cache hit: curobo::optimization::kernel_lbfgs_step_shared_memory<float, false, 27>
2026-09-12T21:30:57.771 DEBUG   :curobo                                  :Cache hit: curobo::trajectory::bspline::interpolate_bspline_kernel<float, 3, (curobo::trajectory::bspline::BasisBackend)2>
2026-09-12T21:30:57.771 DEBUG   :curobo                                  :Cache hit: curobo::kinematics::kinematics_forward_spheres_kernel<15, 32>
2026-09-12T21:30:57.772 DEBUG   :curobo                                  :Cache hit: curobo::geometry::self_collision::self_collision_max_distance_kernel<false>
2026-09-12T21:30:57.773 DEBUG   :curobo                                  :Cache hit: curobo::kinematics::kinematics_backward_kernel<float, float, 16, true, false, false>
2026-09-12T21:30:57.773 DEBUG   :curobo                                  :Cache hit: curobo::trajectory::bspline::bspline_backward_kernel<3, float, (curobo::trajectory::bspline::BasisBackend)2>
2026-09-12T21:30:57.773 DEBUG   :curobo                                  :Cache hit: curobo::optimization::line_search::kernel_line_search<float, 4>
2026-09-12T21:30:57.773 DEBUG   :curobo                                  :Cache hit: curobo::optimization::kernel_lbfgs_step_shared_memory<float, false, 27>
2026-09-12T21:30:57.774 DEBUG   :curobo                                  :Cache hit: curobo::trajectory::bspline::interpolate_bspline_kernel<float, 3, (curobo::trajectory::bspline::BasisBackend)2>
2026-09-12T21:30:57.774 DEBUG   :curobo                                  :Cache hit: curobo::kinematics::kinematics_forward_spheres_kernel<15, 32>
2026-09-12T21:30:57.775 DEBUG   :curobo                                  :Cache hit: curobo::geometry::self_collision::self_collision_max_distance_kernel<false>
2026-09-12T21:30:57.776 DEBUG   :curobo                                  :Cache hit: curobo::kinematics::kinematics_backward_kernel<float, float, 16, true, false, false>
2026-09-12T21:30:57.776 DEBUG   :curobo                                  :Cache hit: curobo::trajectory::bspline::bspline_backward_kernel<3, float, (curobo::trajectory::bspline::BasisBackend)2>
2026-09-12T21:30:57.776 DEBUG   :curobo                                  :Cache hit: curobo::optimization::line_search::kernel_line_search<float, 4>
2026-09-12T21:30:57.777 DEBUG   :curobo                                  :Cache hit: curobo::optimization::kernel_lbfgs_step_shared_memory<float, false, 27>
2026-09-12T21:30:57.777 DEBUG   :curobo                                  :Cache hit: curobo::trajectory::bspline::interpolate_bspline_kernel<float, 3, (curobo::trajectory::bspline::BasisBackend)2>
2026-09-12T21:30:57.777 DEBUG   :curobo                                  :Cache hit: curobo::kinematics::kinematics_forward_spheres_kernel<15, 32>
2026-09-12T21:30:57.778 DEBUG   :curobo                                  :Cache hit: curobo::geometry::self_collision::self_collision_max_distance_kernel<false>
2026-09-12T21:30:57.779 DEBUG   :curobo                                  :Cache hit: curobo::kinematics::kinematics_backward_kernel<float, float, 16, true, false, false>
2026-09-12T21:30:57.779 DEBUG   :curobo                                  :Cache hit: curobo::trajectory::bspline::bspline_backward_kernel<3, float, (curobo::trajectory::bspline::BasisBackend)2>
2026-09-12T21:30:57.780 DEBUG   :curobo                                  :Cache hit: curobo::optimization::line_search::kernel_line_search<float, 4>
2026-09-12T21:30:57.780 DEBUG   :curobo                                  :Cache hit: curobo::optimization::kernel_lbfgs_step_shared_memory<float, false, 27>
2026-09-12T21:30:57.780 DEBUG   :curobo                                  :Cache hit: curobo::trajectory::bspline::interpolate_bspline_kernel<float, 3, (curobo::trajectory::bspline::BasisBackend)2>
2026-09-12T21:30:57.780 DEBUG   :curobo                                  :Cache hit: curobo::kinematics::kinematics_forward_spheres_kernel<15, 32>
2026-09-12T21:30:57.781 DEBUG   :curobo                                  :Cache hit: curobo::geometry::self_collision::self_collision_max_distance_kernel<false>
2026-09-12T21:30:57.782 DEBUG   :curobo                                  :Cache hit: curobo::kinematics::kinematics_backward_kernel<float, float, 16, true, false, false>
2026-09-12T21:30:57.782 DEBUG   :curobo                                  :Cache hit: curobo::trajectory::bspline::bspline_backward_kernel<3, float, (curobo::trajectory::bspline::BasisBackend)2>
2026-09-12T21:30:57.783 DEBUG   :curobo                                  :Cache hit: curobo::optimization::line_search::kernel_line_search<float, 4>
2026-09-12T21:30:57.783 DEBUG   :curobo                                  :Cache hit: curobo::optimization::kernel_lbfgs_step_shared_memory<float, false, 27>
2026-09-12T21:30:57.783 DEBUG   :curobo                                  :Cache hit: curobo::trajectory::bspline::interpolate_bspline_kernel<float, 3, (curobo::trajectory::bspline::BasisBackend)2>
2026-09-12T21:30:57.784 DEBUG   :curobo                                  :Cache hit: curobo::kinematics::kinematics_forward_spheres_kernel<15, 32>
2026-09-12T21:30:57.784 DEBUG   :curobo                                  :Cache hit: curobo::geometry::self_collision::self_collision_max_distance_kernel<false>
2026-09-12T21:30:57.785 DEBUG   :curobo                                  :Cache hit: curobo::kinematics::kinematics_backward_kernel<float, float, 16, true, false, false>
2026-09-12T21:30:57.785 DEBUG   :curobo                                  :Cache hit: curobo::trajectory::bspline::bspline_backward_kernel<3, float, (curobo::trajectory::bspline::BasisBackend)2>
2026-09-12T21:30:57.786 DEBUG   :curobo                                  :Cache hit: curobo::optimization::line_search::kernel_line_search<float, 4>
2026-09-12T21:30:57.786 DEBUG   :curobo                                  :Cache hit: curobo::optimization::kernel_lbfgs_step_shared_memory<float, false, 27>
2026-09-12T21:30:57.786 DEBUG   :curobo                                  :Cache hit: curobo::trajectory::bspline::interpolate_bspline_kernel<float, 3, (curobo::trajectory::bspline::BasisBackend)2>
2026-09-12T21:30:57.786 DEBUG   :curobo                                  :Cache hit: curobo::kinematics::kinematics_forward_spheres_kernel<15, 32>
2026-09-12T21:30:57.787 DEBUG   :curobo                                  :Cache hit: curobo::geometry::self_collision::self_collision_max_distance_kernel<false>
2026-09-12T21:30:57.788 DEBUG   :curobo                                  :Cache hit: curobo::kinematics::kinematics_backward_kernel<float, float, 16, true, false, false>
2026-09-12T21:30:57.788 DEBUG   :curobo                                  :Cache hit: curobo::trajectory::bspline::bspline_backward_kernel<3, float, (curobo::trajectory::bspline::BasisBackend)2>
2026-09-12T21:30:57.788 DEBUG   :curobo                                  :Cache hit: curobo::optimization::line_search::kernel_line_search<float, 4>
2026-09-12T21:30:57.789 DEBUG   :curobo                                  :Cache hit: curobo::optimization::kernel_lbfgs_step_shared_memory<float, false, 27>
2026-09-12T21:30:57.789 DEBUG   :curobo                                  :Cache hit: curobo::trajectory::bspline::interpolate_bspline_kernel<float, 3, (curobo::trajectory::bspline::BasisBackend)2>
2026-09-12T21:30:57.789 DEBUG   :curobo                                  :Cache hit: curobo::kinematics::kinematics_forward_spheres_kernel<15, 32>
2026-09-12T21:30:57.790 DEBUG   :curobo                                  :Cache hit: curobo::geometry::self_collision::self_collision_max_distance_kernel<false>
2026-09-12T21:30:57.791 DEBUG   :curobo                                  :Cache hit: curobo::kinematics::kinematics_backward_kernel<float, float, 16, true, false, false>
2026-09-12T21:30:57.791 DEBUG   :curobo                                  :Cache hit: curobo::trajectory::bspline::bspline_backward_kernel<3, float, (curobo::trajectory::bspline::BasisBackend)2>
2026-09-12T21:30:57.791 DEBUG   :curobo                                  :Cache hit: curobo::optimization::line_search::kernel_line_search<float, 4>
2026-09-12T21:30:57.791 DEBUG   :curobo                                  :Cache hit: curobo::optimization::kernel_lbfgs_step_shared_memory<float, false, 27>
2026-09-12T21:30:57.792 DEBUG   :curobo                                  :Cache hit: curobo::trajectory::bspline::interpolate_bspline_kernel<float, 3, (curobo::trajectory::bspline::BasisBackend)2>
2026-09-12T21:30:57.792 DEBUG   :curobo                                  :Cache hit: curobo::kinematics::kinematics_forward_spheres_kernel<15, 32>
2026-09-12T21:30:57.793 DEBUG   :curobo                                  :Cache hit: curobo::geometry::self_collision::self_collision_max_distance_kernel<false>
2026-09-12T21:30:57.794 DEBUG   :curobo                                  :Cache hit: curobo::kinematics::kinematics_backward_kernel<float, float, 16, true, false, false>
2026-09-12T21:30:57.794 DEBUG   :curobo                                  :Cache hit: curobo::trajectory::bspline::bspline_backward_kernel<3, float, (curobo::trajectory::bspline::BasisBackend)2>
2026-09-12T21:30:57.794 DEBUG   :curobo                                  :Cache hit: curobo::optimization::line_search::kernel_line_search<float, 4>
2026-09-12T21:30:57.794 DEBUG   :curobo                                  :Cache hit: curobo::optimization::kernel_lbfgs_step_shared_memory<float, false, 27>
2026-09-12T21:30:57.795 DEBUG   :curobo                                  :Cache hit: curobo::trajectory::bspline::interpolate_bspline_kernel<float, 3, (curobo::trajectory::bspline::BasisBackend)2>
2026-09-12T21:30:57.795 DEBUG   :curobo                                  :Cache hit: curobo::kinematics::kinematics_forward_spheres_kernel<15, 32>
2026-09-12T21:30:57.795 DEBUG   :curobo                                  :Cache hit: curobo::geometry::self_collision::self_collision_max_distance_kernel<false>
2026-09-12T21:30:57.796 DEBUG   :curobo                                  :Cache hit: curobo::kinematics::kinematics_backward_kernel<float, float, 16, true, false, false>
2026-09-12T21:30:57.796 DEBUG   :curobo                                  :Cache hit: curobo::trajectory::bspline::bspline_backward_kernel<3, float, (curobo::trajectory::bspline::BasisBackend)2>
2026-09-12T21:30:57.797 DEBUG   :curobo                                  :Cache hit: curobo::optimization::line_search::kernel_line_search<float, 4>
2026-09-12T21:30:57.797 DEBUG   :curobo                                  :Cache hit: curobo::optimization::kernel_lbfgs_step_shared_memory<float, false, 27>
2026-09-12T21:30:57.797 DEBUG   :curobo                                  :Cache hit: curobo::trajectory::bspline::interpolate_bspline_kernel<float, 3, (curobo::trajectory::bspline::BasisBackend)2>
2026-09-12T21:30:57.797 DEBUG   :curobo                                  :Cache hit: curobo::kinematics::kinematics_forward_spheres_kernel<15, 32>
2026-09-12T21:30:57.799 DEBUG   :curobo                                  :Cache hit: curobo::geometry::self_collision::self_collision_max_distance_kernel<false>
2026-09-12T21:30:57.799 DEBUG   :curobo                                  :Cache hit: curobo::kinematics::kinematics_backward_kernel<float, float, 16, true, false, false>
2026-09-12T21:30:57.799 DEBUG   :curobo                                  :Cache hit: curobo::trajectory::bspline::bspline_backward_kernel<3, float, (curobo::trajectory::bspline::BasisBackend)2>
2026-09-12T21:30:57.800 DEBUG   :curobo                                  :Cache hit: curobo::optimization::line_search::kernel_line_search<float, 4>
2026-09-12T21:30:57.800 DEBUG   :curobo                                  :Cache hit: curobo::optimization::kernel_lbfgs_step_shared_memory<float, false, 27>
2026-09-12T21:30:57.800 DEBUG   :curobo                                  :Cache hit: curobo::trajectory::bspline::interpolate_bspline_kernel<float, 3, (curobo::trajectory::bspline::BasisBackend)2>
2026-09-12T21:30:57.801 DEBUG   :curobo                                  :Cache hit: curobo::kinematics::kinematics_forward_spheres_kernel<15, 32>
2026-09-12T21:30:57.802 DEBUG   :curobo                                  :Cache hit: curobo::geometry::self_collision::self_collision_max_distance_kernel<false>
2026-09-12T21:30:57.803 DEBUG   :curobo                                  :Cache hit: curobo::kinematics::kinematics_backward_kernel<float, float, 16, true, false, false>
2026-09-12T21:30:57.803 DEBUG   :curobo                                  :Cache hit: curobo::trajectory::bspline::bspline_backward_kernel<3, float, (curobo::trajectory::bspline::BasisBackend)2>
2026-09-12T21:30:57.803 DEBUG   :curobo                                  :Cache hit: curobo::optimization::line_search::kernel_line_search<float, 4>
2026-09-12T21:30:57.803 DEBUG   :curobo                                  :Cache hit: curobo::optimization::kernel_lbfgs_step_shared_memory<float, false, 27>
2026-09-12T21:30:57.804 DEBUG   :curobo                                  :Cache hit: curobo::trajectory::bspline::interpolate_bspline_kernel<float, 3, (curobo::trajectory::bspline::BasisBackend)2>
2026-09-12T21:30:57.804 DEBUG   :curobo                                  :Cache hit: curobo::kinematics::kinematics_forward_spheres_kernel<15, 32>
2026-09-12T21:30:57.805 DEBUG   :curobo                                  :Cache hit: curobo::geometry::self_collision::self_collision_max_distance_kernel<false>
2026-09-12T21:30:57.806 DEBUG   :curobo                                  :Cache hit: curobo::kinematics::kinematics_backward_kernel<float, float, 16, true, false, false>
2026-09-12T21:30:57.806 DEBUG   :curobo                                  :Cache hit: curobo::trajectory::bspline::bspline_backward_kernel<3, float, (curobo::trajectory::bspline::BasisBackend)2>
2026-09-12T21:30:57.806 DEBUG   :curobo                                  :Cache hit: curobo::optimization::line_search::kernel_line_search<float, 4>
2026-09-12T21:30:57.806 DEBUG   :curobo                                  :Cache hit: curobo::optimization::kernel_lbfgs_step_shared_memory<float, false, 27>
2026-09-12T21:30:57.807 DEBUG   :curobo                                  :Cache hit: curobo::trajectory::bspline::interpolate_bspline_kernel<float, 3, (curobo::trajectory::bspline::BasisBackend)2>
2026-09-12T21:30:57.807 DEBUG   :curobo                                  :Cache hit: curobo::kinematics::kinematics_forward_spheres_kernel<15, 32>
2026-09-12T21:30:57.808 DEBUG   :curobo                                  :Cache hit: curobo::geometry::self_collision::self_collision_max_distance_kernel<false>
2026-09-12T21:30:57.809 DEBUG   :curobo                                  :Cache hit: curobo::kinematics::kinematics_backward_kernel<float, float, 16, true, false, false>
2026-09-12T21:30:57.809 DEBUG   :curobo                                  :Cache hit: curobo::trajectory::bspline::bspline_backward_kernel<3, float, (curobo::trajectory::bspline::BasisBackend)2>
2026-09-12T21:30:57.809 DEBUG   :curobo                                  :Cache hit: curobo::optimization::line_search::kernel_line_search<float, 4>
2026-09-12T21:30:57.809 DEBUG   :curobo                                  :Cache hit: curobo::optimization::kernel_lbfgs_step_shared_memory<float, false, 27>
2026-09-12T21:30:57.810 DEBUG   :curobo                                  :Cache hit: curobo::trajectory::bspline::interpolate_bspline_kernel<float, 3, (curobo::trajectory::bspline::BasisBackend)2>
2026-09-12T21:30:57.810 DEBUG   :curobo                                  :Cache hit: curobo::kinematics::kinematics_forward_spheres_kernel<15, 32>
2026-09-12T21:30:57.811 DEBUG   :curobo                                  :Cache hit: curobo::geometry::self_collision::self_collision_max_distance_kernel<false>
2026-09-12T21:30:57.812 DEBUG   :curobo                                  :Cache hit: curobo::kinematics::kinematics_backward_kernel<float, float, 16, true, false, false>
2026-09-12T21:30:57.812 DEBUG   :curobo                                  :Cache hit: curobo::trajectory::bspline::bspline_backward_kernel<3, float, (curobo::trajectory::bspline::BasisBackend)2>
2026-09-12T21:30:57.812 DEBUG   :curobo                                  :Cache hit: curobo::optimization::line_search::kernel_line_search<float, 4>
2026-09-12T21:30:57.813 DEBUG   :curobo                                  :Cache hit: curobo::optimization::kernel_lbfgs_step_shared_memory<float, false, 27>
2026-09-12T21:30:57.813 DEBUG   :curobo                                  :Cache hit: curobo::trajectory::bspline::interpolate_bspline_kernel<float, 3, (curobo::trajectory::bspline::BasisBackend)2>
2026-09-12T21:30:57.813 DEBUG   :curobo                                  :Cache hit: curobo::kinematics::kinematics_forward_spheres_kernel<15, 32>
2026-09-12T21:30:57.814 DEBUG   :curobo                                  :Cache hit: curobo::geometry::self_collision::self_collision_max_distance_kernel<false>
2026-09-12T21:30:57.815 DEBUG   :curobo                                  :Cache hit: curobo::kinematics::kinematics_backward_kernel<float, float, 16, true, false, false>
2026-09-12T21:30:57.815 DEBUG   :curobo                                  :Cache hit: curobo::trajectory::bspline::bspline_backward_kernel<3, float, (curobo::trajectory::bspline::BasisBackend)2>
2026-09-12T21:30:57.815 DEBUG   :curobo                                  :Cache hit: curobo::optimization::line_search::kernel_line_search<float, 4>
2026-09-12T21:30:57.815 DEBUG   :curobo                                  :Cache hit: curobo::optimization::kernel_lbfgs_step_shared_memory<float, false, 27>
2026-09-12T21:30:57.816 DEBUG   :curobo                                  :Cache hit: curobo::trajectory::bspline::interpolate_bspline_kernel<float, 3, (curobo::trajectory::bspline::BasisBackend)2>
2026-09-12T21:30:57.816 DEBUG   :curobo                                  :Cache hit: curobo::kinematics::kinematics_forward_spheres_kernel<15, 32>
2026-09-12T21:30:57.817 DEBUG   :curobo                                  :Cache hit: curobo::geometry::self_collision::self_collision_max_distance_kernel<false>
2026-09-12T21:30:57.817 DEBUG   :curobo                                  :Cache hit: curobo::kinematics::kinematics_backward_kernel<float, float, 16, true, false, false>
2026-09-12T21:30:57.817 DEBUG   :curobo                                  :Cache hit: curobo::trajectory::bspline::bspline_backward_kernel<3, float, (curobo::trajectory::bspline::BasisBackend)2>
2026-09-12T21:30:57.818 DEBUG   :curobo                                  :Cache hit: curobo::optimization::line_search::kernel_line_search<float, 4>
2026-09-12T21:30:57.818 DEBUG   :curobo                                  :Cache hit: curobo::optimization::kernel_lbfgs_step_shared_memory<float, false, 27>
2026-09-12T21:30:57.818 DEBUG   :curobo                                  :Cache hit: curobo::trajectory::bspline::interpolate_bspline_kernel<float, 3, (curobo::trajectory::bspline::BasisBackend)2>
2026-09-12T21:30:57.819 DEBUG   :curobo                                  :Cache hit: curobo::kinematics::kinematics_forward_spheres_kernel<15, 32>
2026-09-12T21:30:57.819 DEBUG   :curobo                                  :Cache hit: curobo::geometry::self_collision::self_collision_max_distance_kernel<false>
2026-09-12T21:30:57.820 DEBUG   :curobo                                  :Cache hit: curobo::kinematics::kinematics_backward_kernel<float, float, 16, true, false, false>
2026-09-12T21:30:57.820 DEBUG   :curobo                                  :Cache hit: curobo::trajectory::bspline::bspline_backward_kernel<3, float, (curobo::trajectory::bspline::BasisBackend)2>
2026-09-12T21:30:57.821 DEBUG   :curobo                                  :Cache hit: curobo::optimization::line_search::kernel_line_search<float, 4>
2026-09-12T21:30:57.821 DEBUG   :curobo                                  :Cache hit: curobo::optimization::kernel_lbfgs_step_shared_memory<float, false, 27>
2026-09-12T21:30:57.821 DEBUG   :curobo                                  :Cache hit: curobo::trajectory::bspline::interpolate_bspline_kernel<float, 3, (curobo::trajectory::bspline::BasisBackend)2>
2026-09-12T21:30:57.821 DEBUG   :curobo                                  :Cache hit: curobo::kinematics::kinematics_forward_spheres_kernel<15, 32>
2026-09-12T21:30:57.822 DEBUG   :curobo                                  :Cache hit: curobo::geometry::self_collision::self_collision_max_distance_kernel<false>
2026-09-12T21:30:57.823 DEBUG   :curobo                                  :Cache hit: curobo::kinematics::kinematics_backward_kernel<float, float, 16, true, false, false>
2026-09-12T21:30:57.824 DEBUG   :curobo                                  :Cache hit: curobo::trajectory::bspline::bspline_backward_kernel<3, float, (curobo::trajectory::bspline::BasisBackend)2>
2026-09-12T21:30:57.824 DEBUG   :curobo                                  :Cache hit: curobo::optimization::line_search::kernel_line_search<float, 4>
2026-09-12T21:30:57.824 DEBUG   :curobo                                  :Cache hit: curobo::optimization::kernel_lbfgs_step_shared_memory<float, false, 27>
2026-09-12T21:30:57.825 DEBUG   :curobo                                  :Cache hit: curobo::trajectory::bspline::interpolate_bspline_kernel<float, 3, (curobo::trajectory::bspline::BasisBackend)2>
2026-09-12T21:30:57.825 DEBUG   :curobo                                  :Cache hit: curobo::kinematics::kinematics_forward_spheres_kernel<15, 32>
2026-09-12T21:30:57.826 DEBUG   :curobo                                  :Cache hit: curobo::geometry::self_collision::self_collision_max_distance_kernel<false>
2026-09-12T21:30:57.826 DEBUG   :curobo                                  :Cache hit: curobo::kinematics::kinematics_backward_kernel<float, float, 16, true, false, false>
2026-09-12T21:30:57.826 DEBUG   :curobo                                  :Cache hit: curobo::trajectory::bspline::bspline_backward_kernel<3, float, (curobo::trajectory::bspline::BasisBackend)2>
2026-09-12T21:30:57.827 DEBUG   :curobo                                  :Cache hit: curobo::optimization::line_search::kernel_line_search<float, 4>
2026-09-12T21:30:57.827 DEBUG   :curobo                                  :Cache hit: curobo::optimization::kernel_lbfgs_step_shared_memory<float, false, 27>
2026-09-12T21:30:57.827 DEBUG   :curobo                                  :Cache hit: curobo::trajectory::bspline::interpolate_bspline_kernel<float, 3, (curobo::trajectory::bspline::BasisBackend)2>
2026-09-12T21:30:57.828 DEBUG   :curobo                                  :Cache hit: curobo::kinematics::kinematics_forward_spheres_kernel<15, 32>
2026-09-12T21:30:57.828 DEBUG   :curobo                                  :Cache hit: curobo::geometry::self_collision::self_collision_max_distance_kernel<false>
2026-09-12T21:30:57.829 DEBUG   :curobo                                  :Cache hit: curobo::kinematics::kinematics_backward_kernel<float, float, 16, true, false, false>
2026-09-12T21:30:57.829 DEBUG   :curobo                                  :Cache hit: curobo::trajectory::bspline::bspline_backward_kernel<3, float, (curobo::trajectory::bspline::BasisBackend)2>
2026-09-12T21:30:57.830 DEBUG   :curobo                                  :Cache hit: curobo::optimization::line_search::kernel_line_search<float, 4>
2026-09-12T21:30:57.830 DEBUG   :curobo                                  :Cache hit: curobo::optimization::kernel_lbfgs_step_shared_memory<float, false, 27>
2026-09-12T21:30:57.830 DEBUG   :curobo                                  :Cache hit: curobo::trajectory::bspline::interpolate_bspline_kernel<float, 3, (curobo::trajectory::bspline::BasisBackend)2>
2026-09-12T21:30:57.830 DEBUG   :curobo                                  :Cache hit: curobo::kinematics::kinematics_forward_spheres_kernel<15, 32>
2026-09-12T21:30:57.831 DEBUG   :curobo                                  :Cache hit: curobo::geometry::self_collision::self_collision_max_distance_kernel<false>
2026-09-12T21:30:57.832 DEBUG   :curobo                                  :Cache hit: curobo::kinematics::kinematics_backward_kernel<float, float, 16, true, false, false>
2026-09-12T21:30:57.832 DEBUG   :curobo                                  :Cache hit: curobo::trajectory::bspline::bspline_backward_kernel<3, float, (curobo::trajectory::bspline::BasisBackend)2>
2026-09-12T21:30:57.833 DEBUG   :curobo                                  :Cache hit: curobo::optimization::line_search::kernel_line_search<float, 4>
2026-09-12T21:30:57.833 DEBUG   :curobo                                  :Cache hit: curobo::optimization::kernel_lbfgs_step_shared_memory<float, false, 27>
2026-09-12T21:30:57.833 DEBUG   :curobo                                  :Cache hit: curobo::trajectory::bspline::interpolate_bspline_kernel<float, 3, (curobo::trajectory::bspline::BasisBackend)2>
2026-09-12T21:30:57.834 DEBUG   :curobo                                  :Cache hit: curobo::kinematics::kinematics_forward_spheres_kernel<15, 32>
2026-09-12T21:30:57.834 DEBUG   :curobo                                  :Cache hit: curobo::geometry::self_collision::self_collision_max_distance_kernel<false>
2026-09-12T21:30:57.835 DEBUG   :curobo                                  :Cache hit: curobo::kinematics::kinematics_backward_kernel<float, float, 16, true, false, false>
2026-09-12T21:30:57.835 DEBUG   :curobo                                  :Cache hit: curobo::trajectory::bspline::bspline_backward_kernel<3, float, (curobo::trajectory::bspline::BasisBackend)2>
2026-09-12T21:30:57.836 DEBUG   :curobo                                  :Cache hit: curobo::optimization::line_search::kernel_line_search<float, 4>
2026-09-12T21:30:57.836 DEBUG   :curobo                                  :Cache hit: curobo::optimization::kernel_lbfgs_step_shared_memory<float, false, 27>
2026-09-12T21:30:57.836 DEBUG   :curobo                                  :Cache hit: curobo::trajectory::bspline::interpolate_bspline_kernel<float, 3, (curobo::trajectory::bspline::BasisBackend)2>
2026-09-12T21:30:57.836 DEBUG   :curobo                                  :Cache hit: curobo::kinematics::kinematics_forward_spheres_kernel<15, 32>
2026-09-12T21:30:57.837 DEBUG   :curobo                                  :Cache hit: curobo::geometry::self_collision::self_collision_max_distance_kernel<false>
2026-09-12T21:30:57.838 DEBUG   :curobo                                  :Cache hit: curobo::kinematics::kinematics_backward_kernel<float, float, 16, true, false, false>
2026-09-12T21:30:57.838 DEBUG   :curobo                                  :Cache hit: curobo::trajectory::bspline::bspline_backward_kernel<3, float, (curobo::trajectory::bspline::BasisBackend)2>
2026-09-12T21:30:57.838 DEBUG   :curobo                                  :Cache hit: curobo::optimization::line_search::kernel_line_search<float, 4>
2026-09-12T21:30:57.839 DEBUG   :curobo                                  :Cache hit: curobo::optimization::kernel_lbfgs_step_shared_memory<float, false, 27>
2026-09-12T21:30:57.839 DEBUG   :curobo                                  :Cache hit: curobo::trajectory::bspline::interpolate_bspline_kernel<float, 3, (curobo::trajectory::bspline::BasisBackend)2>
2026-09-12T21:30:57.839 DEBUG   :curobo                                  :Cache hit: curobo::kinematics::kinematics_forward_spheres_kernel<15, 32>
2026-09-12T21:30:57.840 DEBUG   :curobo                                  :Cache hit: curobo::geometry::self_collision::self_collision_max_distance_kernel<false>
2026-09-12T21:30:57.841 DEBUG   :curobo                                  :Cache hit: curobo::kinematics::kinematics_backward_kernel<float, float, 16, true, false, false>
2026-09-12T21:30:57.841 DEBUG   :curobo                                  :Cache hit: curobo::trajectory::bspline::bspline_backward_kernel<3, float, (curobo::trajectory::bspline::BasisBackend)2>
2026-09-12T21:30:57.841 DEBUG   :curobo                                  :Cache hit: curobo::optimization::line_search::kernel_line_search<float, 4>
2026-09-12T21:30:57.841 DEBUG   :curobo                                  :Cache hit: curobo::optimization::kernel_lbfgs_step_shared_memory<float, false, 27>
2026-09-12T21:30:57.899 DEBUG   :curobo                                  :Cache hit: curobo::trajectory::bspline::interpolate_bspline_kernel<float, 3, (curobo::trajectory::bspline::BasisBackend)2>
2026-09-12T21:30:57.900 DEBUG   :curobo                                  :Cache hit: curobo::kinematics::kinematics_forward_spheres_kernel<15, 32>
2026-09-12T21:30:57.900 INFO    :curobo                                  :Recording CUDA Graph for _compute_metrics_from_action_impl
2026-09-12T21:30:57.977 INFO    :curobo                                  :Updating state_seq buffer reference (created new tensor)
2026-09-12T21:30:57.977 DEBUG   :curobo                                  :Cache hit: curobo::trajectory::bspline::interpolate_bspline_kernel<float, 3, (curobo::trajectory::bspline::BasisBackend)2>
2026-09-12T21:30:57.978 DEBUG   :curobo                                  :Cache hit: curobo::kinematics::kinematics_forward_spheres_kernel<15, 32>
2026-09-12T21:30:57.978 DEBUG   :curobo                                  :Cache hit: curobo::geometry::self_collision::self_collision_max_distance_kernel<false>
2026-09-12T21:30:57.986 DEBUG   :curobo                                  :Cache hit: curobo::trajectory::bspline::interpolate_bspline_kernel<float, 3, (curobo::trajectory::bspline::BasisBackend)2>
2026-09-12T21:30:57.987 DEBUG   :curobo                                  :Cache hit: curobo::kinematics::kinematics_forward_spheres_kernel<15, 32>
2026-09-12T21:30:57.987 DEBUG   :curobo                                  :Cache hit: curobo::geometry::self_collision::self_collision_max_distance_kernel<false>
2026-09-12T21:30:57.988 DEBUG   :curobo                                  :Cache hit: curobo::trajectory::bspline::interpolate_bspline_kernel<float, 3, (curobo::trajectory::bspline::BasisBackend)2>
2026-09-12T21:30:57.989 DEBUG   :curobo                                  :Cache hit: curobo::kinematics::kinematics_forward_spheres_kernel<15, 32>
2026-09-12T21:30:57.989 DEBUG   :curobo                                  :Cache hit: curobo::geometry::self_collision::self_collision_max_distance_kernel<false>
2026-09-12T21:30:57.991 DEBUG   :curobo                                  :Cache hit: curobo::trajectory::bspline::interpolate_bspline_kernel<float, 3, (curobo::trajectory::bspline::BasisBackend)2>
2026-09-12T21:30:57.991 DEBUG   :curobo                                  :Cache hit: curobo::kinematics::kinematics_forward_spheres_kernel<15, 32>
2026-09-12T21:30:57.992 DEBUG   :curobo                                  :Cache hit: curobo::geometry::self_collision::self_collision_max_distance_kernel<false>
2026-09-12T21:30:57.994 DEBUG   :curobo                                  :Cache hit: curobo::trajectory::bspline::interpolate_bspline_single_dt_kernel<float, 3, (curobo::trajectory::bspline::BasisBackend)2>
2026-09-12T21:30:57.994 DEBUG   :curobo                                  :Cache hit: curobo::kinematics::kinematics_forward_spheres_kernel<15, 32>
2026-09-12T21:30:57.994 INFO    :curobo                                  :Recording CUDA Graph for _compute_metrics_from_state_impl
2026-09-12T21:30:58.072 DEBUG   :curobo                                  :Cache hit: curobo::geometry::self_collision::self_collision_max_distance_kernel<false>
2026-09-12T21:30:58.076 DEBUG   :curobo                                  :Cache hit: curobo::geometry::self_collision::self_collision_max_distance_kernel<false>
2026-09-12T21:30:58.077 DEBUG   :curobo                                  :Cache hit: curobo::geometry::self_collision::self_collision_max_distance_kernel<false>
2026-09-12T21:30:58.080 DEBUG   :curobo                                  :Cache hit: curobo::geometry::self_collision::self_collision_max_distance_kernel<false>
2026-09-12T21:30:58.084 DEBUG   :curobo                                  :Cache hit: curobo::trajectory::bspline::interpolate_bspline_kernel<float, 3, (curobo::trajectory::bspline::BasisBackend)2>
2026-09-12T21:30:58.084 DEBUG   :curobo                                  :Cache hit: curobo::kinematics::kinematics_forward_spheres_kernel<15, 32>
2026-09-12T21:30:58.085 DEBUG   :curobo                                  :Cache hit: curobo::geometry::self_collision::self_collision_max_distance_kernel<false>
2026-09-12T21:30:58.086 DEBUG   :curobo                                  :Cache hit: curobo::kinematics::kinematics_backward_kernel<float, float, 16, true, false, false>
2026-09-12T21:30:58.086 DEBUG   :curobo                                  :Cache hit: curobo::trajectory::bspline::bspline_backward_kernel<3, float, (curobo::trajectory::bspline::BasisBackend)2>
2026-09-12T21:30:58.086 DEBUG   :curobo                                  :Cache hit: curobo::optimization::line_search::kernel_line_search<float, 4>
2026-09-12T21:30:58.087 INFO    :curobo                                  :Running optimizer 1/1: LBFGSOpt
2026-09-12T21:30:58.139 DEBUG   :curobo                                  :Cache hit: curobo::trajectory::bspline::interpolate_bspline_kernel<float, 3, (curobo::trajectory::bspline::BasisBackend)2>
2026-09-12T21:30:58.140 DEBUG   :curobo                                  :Cache hit: curobo::kinematics::kinematics_forward_spheres_kernel<15, 32>
2026-09-12T21:30:58.141 DEBUG   :curobo                                  :Cache hit: curobo::trajectory::bspline::interpolate_bspline_single_dt_kernel<float, 3, (curobo::trajectory::bspline::BasisBackend)2>
2026-09-12T21:30:58.141 DEBUG   :curobo                                  :Cache hit: curobo::kinematics::kinematics_forward_spheres_kernel<15, 32>
