2026-09-12T21:35:21.025 DEBUG   :curobo                                  :Self Collision skipped %: 48.38903944595002
2026-09-12T21:35:21.025 DEBUG   :curobo                                  :Self Collision count: 1714
2026-09-12T21:35:21.025 DEBUG   :curobo                                  :Self Collision per thread: 4
2026-09-12T21:35:21.112 DEBUG   :curobo                                  :Warp initialized - Version: 1.17.0
2026-09-12T21:35:21.112 DEBUG   :curobo                                  :Warp Devices: ['cpu', 'cuda:0']
2026-09-12T21:35:21.112 INFO    :curobo                                  :Initialized 2 costs for robot rollout
2026-09-12T21:35:21.113 DEBUG   :curobo                                  :Warp initialized - Version: 1.17.0
2026-09-12T21:35:21.113 DEBUG   :curobo                                  :Warp Devices: ['cpu', 'cuda:0']
2026-09-12T21:35:21.113 INFO    :curobo                                  :Initialized 2 costs for robot rollout
2026-09-12T21:35:21.113 DEBUG   :curobo                                  :Warp initialized - Version: 1.17.0
2026-09-12T21:35:21.113 DEBUG   :curobo                                  :Warp Devices: ['cpu', 'cuda:0']
2026-09-12T21:35:21.113 DEBUG   :curobo                                  :Warp initialized - Version: 1.17.0
2026-09-12T21:35:21.113 DEBUG   :curobo                                  :Warp Devices: ['cpu', 'cuda:0']
2026-09-12T21:35:21.113 INFO    :curobo                                  :Initialized 3 costs for robot rollout
2026-09-12T21:35:21.116 DEBUG   :curobo                                  :Warp initialized - Version: 1.17.0
2026-09-12T21:35:21.116 DEBUG   :curobo                                  :Warp Devices: ['cpu', 'cuda:0']
2026-09-12T21:35:21.116 INFO    :curobo                                  :Initialized 2 costs for robot rollout
2026-09-12T21:35:21.116 DEBUG   :curobo                                  :Warp initialized - Version: 1.17.0
2026-09-12T21:35:21.116 DEBUG   :curobo                                  :Warp Devices: ['cpu', 'cuda:0']
2026-09-12T21:35:21.116 INFO    :curobo                                  :Initialized 2 costs for robot rollout
2026-09-12T21:35:21.116 DEBUG   :curobo                                  :Warp initialized - Version: 1.17.0
2026-09-12T21:35:21.116 DEBUG   :curobo                                  :Warp Devices: ['cpu', 'cuda:0']
2026-09-12T21:35:21.117 DEBUG   :curobo                                  :Warp initialized - Version: 1.17.0
2026-09-12T21:35:21.117 DEBUG   :curobo                                  :Warp Devices: ['cpu', 'cuda:0']
2026-09-12T21:35:21.117 INFO    :curobo                                  :Initialized 3 costs for robot rollout
2026-09-12T21:35:21.119 DEBUG   :curobo                                  :Warp initialized - Version: 1.17.0
2026-09-12T21:35:21.119 DEBUG   :curobo                                  :Warp Devices: ['cpu', 'cuda:0']
2026-09-12T21:35:21.119 INFO    :curobo                                  :Initialized 2 costs for robot rollout
2026-09-12T21:35:21.119 DEBUG   :curobo                                  :Warp initialized - Version: 1.17.0
2026-09-12T21:35:21.119 DEBUG   :curobo                                  :Warp Devices: ['cpu', 'cuda:0']
2026-09-12T21:35:21.119 INFO    :curobo                                  :Initialized 2 costs for robot rollout
2026-09-12T21:35:21.119 INFO    :curobo                                  :Initialized 1 costs for robot rollout
2026-09-12T21:35:21.119 INFO    :curobo                                  :Initialized 1 costs for robot rollout
2026-09-12T21:35:21.121 DEBUG   :curobo                                  :Warp initialized - Version: 1.17.0
2026-09-12T21:35:21.121 DEBUG   :curobo                                  :Warp Devices: ['cpu', 'cuda:0']
2026-09-12T21:35:21.122 INFO    :curobo                                  :Initialized 2 costs for robot rollout
2026-09-12T21:35:21.122 DEBUG   :curobo                                  :Warp initialized - Version: 1.17.0
2026-09-12T21:35:21.122 DEBUG   :curobo                                  :Warp Devices: ['cpu', 'cuda:0']
2026-09-12T21:35:21.122 INFO    :curobo                                  :Initialized 2 costs for robot rollout
2026-09-12T21:35:21.122 INFO    :curobo                                  :Initialized 1 costs for robot rollout
2026-09-12T21:35:21.122 INFO    :curobo                                  :Initialized 1 costs for robot rollout
2026-09-12T21:35:21.122 INFO    :curobo                                  :LBFGS: history >= opt_dim, reducing history to opt_dim-1
2026-09-12T21:35:21.126 INFO    :curobo                                  :Updating state_seq buffer reference (created new tensor)
2026-09-12T21:35:21.126 INFO    :curobo                                  :Updating state_seq buffer reference (created new tensor)
2026-09-12T21:35:21.129 DEBUG   :curobo                                  :Warp initialized - Version: 1.17.0
2026-09-12T21:35:21.129 DEBUG   :curobo                                  :Warp Devices: ['cpu', 'cuda:0']
2026-09-12T21:35:21.131 INFO    :curobo                                  :Seed IK Solver initialized for robot with 6 DOF
2026-09-12T21:35:21.131 INFO    :curobo                                  :Controlled links: ['tcp']
2026-09-12T21:35:21.146 DEBUG   :curobo                                  :Warp initialized - Version: 1.17.0
2026-09-12T21:35:21.146 DEBUG   :curobo                                  :Warp Devices: ['cpu', 'cuda:0']
2026-09-12T21:35:21.146 INFO    :curobo                                  :Initialized 2 costs for robot rollout
2026-09-12T21:35:21.146 DEBUG   :curobo                                  :Warp initialized - Version: 1.17.0
2026-09-12T21:35:21.146 DEBUG   :curobo                                  :Warp Devices: ['cpu', 'cuda:0']
2026-09-12T21:35:21.146 INFO    :curobo                                  :Initialized 2 costs for robot rollout
2026-09-12T21:35:21.147 DEBUG   :curobo                                  :Warp initialized - Version: 1.17.0
2026-09-12T21:35:21.147 DEBUG   :curobo                                  :Warp Devices: ['cpu', 'cuda:0']
2026-09-12T21:35:21.147 DEBUG   :curobo                                  :Warp initialized - Version: 1.17.0
2026-09-12T21:35:21.147 DEBUG   :curobo                                  :Warp Devices: ['cpu', 'cuda:0']
2026-09-12T21:35:21.147 INFO    :curobo                                  :Initialized 3 costs for robot rollout
2026-09-12T21:35:21.149 DEBUG   :curobo                                  :Warp initialized - Version: 1.17.0
2026-09-12T21:35:21.149 DEBUG   :curobo                                  :Warp Devices: ['cpu', 'cuda:0']
2026-09-12T21:35:21.149 INFO    :curobo                                  :Initialized 2 costs for robot rollout
2026-09-12T21:35:21.150 DEBUG   :curobo                                  :Warp initialized - Version: 1.17.0
2026-09-12T21:35:21.150 DEBUG   :curobo                                  :Warp Devices: ['cpu', 'cuda:0']
2026-09-12T21:35:21.150 INFO    :curobo                                  :Initialized 2 costs for robot rollout
2026-09-12T21:35:21.150 DEBUG   :curobo                                  :Warp initialized - Version: 1.17.0
2026-09-12T21:35:21.150 DEBUG   :curobo                                  :Warp Devices: ['cpu', 'cuda:0']
2026-09-12T21:35:21.150 DEBUG   :curobo                                  :Warp initialized - Version: 1.17.0
2026-09-12T21:35:21.150 DEBUG   :curobo                                  :Warp Devices: ['cpu', 'cuda:0']
2026-09-12T21:35:21.150 INFO    :curobo                                  :Initialized 3 costs for robot rollout
2026-09-12T21:35:21.152 DEBUG   :curobo                                  :Warp initialized - Version: 1.17.0
2026-09-12T21:35:21.152 DEBUG   :curobo                                  :Warp Devices: ['cpu', 'cuda:0']
2026-09-12T21:35:21.152 INFO    :curobo                                  :Initialized 2 costs for robot rollout
2026-09-12T21:35:21.152 DEBUG   :curobo                                  :Warp initialized - Version: 1.17.0
2026-09-12T21:35:21.152 DEBUG   :curobo                                  :Warp Devices: ['cpu', 'cuda:0']
2026-09-12T21:35:21.152 INFO    :curobo                                  :Initialized 2 costs for robot rollout
2026-09-12T21:35:21.152 INFO    :curobo                                  :Initialized 1 costs for robot rollout
2026-09-12T21:35:21.152 INFO    :curobo                                  :Initialized 1 costs for robot rollout
2026-09-12T21:35:21.154 DEBUG   :curobo                                  :Warp initialized - Version: 1.17.0
2026-09-12T21:35:21.154 DEBUG   :curobo                                  :Warp Devices: ['cpu', 'cuda:0']
2026-09-12T21:35:21.155 INFO    :curobo                                  :Initialized 2 costs for robot rollout
2026-09-12T21:35:21.155 DEBUG   :curobo                                  :Warp initialized - Version: 1.17.0
2026-09-12T21:35:21.155 DEBUG   :curobo                                  :Warp Devices: ['cpu', 'cuda:0']
2026-09-12T21:35:21.155 INFO    :curobo                                  :Initialized 2 costs for robot rollout
2026-09-12T21:35:21.155 INFO    :curobo                                  :Initialized 1 costs for robot rollout
2026-09-12T21:35:21.155 INFO    :curobo                                  :Initialized 1 costs for robot rollout
2026-09-12T21:35:21.156 INFO    :curobo                                  :Updating state_seq buffer reference (created new tensor)
2026-09-12T21:35:21.156 INFO    :curobo                                  :Updating state_seq buffer reference (created new tensor)
2026-09-12T21:35:21.161 DEBUG   :curobo                                  :Warp initialized - Version: 1.17.0
2026-09-12T21:35:21.162 DEBUG   :curobo                                  :Warp Devices: ['cpu', 'cuda:0']
2026-09-12T21:35:21.162 INFO    :curobo                                  :Initialized 2 costs for robot rollout
2026-09-12T21:35:21.162 DEBUG   :curobo                                  :Warp initialized - Version: 1.17.0
2026-09-12T21:35:21.162 DEBUG   :curobo                                  :Warp Devices: ['cpu', 'cuda:0']
2026-09-12T21:35:21.162 INFO    :curobo                                  :Initialized 2 costs for robot rollout
2026-09-12T21:35:21.162 DEBUG   :curobo                                  :Warp initialized - Version: 1.17.0
2026-09-12T21:35:21.162 DEBUG   :curobo                                  :Warp Devices: ['cpu', 'cuda:0']
2026-09-12T21:35:21.162 DEBUG   :curobo                                  :Warp initialized - Version: 1.17.0
2026-09-12T21:35:21.162 DEBUG   :curobo                                  :Warp Devices: ['cpu', 'cuda:0']
2026-09-12T21:35:21.162 INFO    :curobo                                  :Initialized 3 costs for robot rollout
2026-09-12T21:35:21.165 DEBUG   :curobo                                  :Warp initialized - Version: 1.17.0
2026-09-12T21:35:21.165 DEBUG   :curobo                                  :Warp Devices: ['cpu', 'cuda:0']
2026-09-12T21:35:21.165 INFO    :curobo                                  :Initialized 2 costs for robot rollout
2026-09-12T21:35:21.165 DEBUG   :curobo                                  :Warp initialized - Version: 1.17.0
2026-09-12T21:35:21.165 DEBUG   :curobo                                  :Warp Devices: ['cpu', 'cuda:0']
2026-09-12T21:35:21.165 INFO    :curobo                                  :Initialized 2 costs for robot rollout
2026-09-12T21:35:21.166 DEBUG   :curobo                                  :Warp initialized - Version: 1.17.0
2026-09-12T21:35:21.166 DEBUG   :curobo                                  :Warp Devices: ['cpu', 'cuda:0']
2026-09-12T21:35:21.166 DEBUG   :curobo                                  :Warp initialized - Version: 1.17.0
2026-09-12T21:35:21.166 DEBUG   :curobo                                  :Warp Devices: ['cpu', 'cuda:0']
2026-09-12T21:35:21.166 INFO    :curobo                                  :Initialized 3 costs for robot rollout
2026-09-12T21:35:21.168 DEBUG   :curobo                                  :Warp initialized - Version: 1.17.0
2026-09-12T21:35:21.168 DEBUG   :curobo                                  :Warp Devices: ['cpu', 'cuda:0']
2026-09-12T21:35:21.168 INFO    :curobo                                  :Initialized 2 costs for robot rollout
2026-09-12T21:35:21.168 DEBUG   :curobo                                  :Warp initialized - Version: 1.17.0
2026-09-12T21:35:21.168 DEBUG   :curobo                                  :Warp Devices: ['cpu', 'cuda:0']
2026-09-12T21:35:21.168 INFO    :curobo                                  :Initialized 2 costs for robot rollout
2026-09-12T21:35:21.168 DEBUG   :curobo                                  :Warp initialized - Version: 1.17.0
2026-09-12T21:35:21.168 DEBUG   :curobo                                  :Warp Devices: ['cpu', 'cuda:0']
2026-09-12T21:35:21.169 DEBUG   :curobo                                  :Warp initialized - Version: 1.17.0
2026-09-12T21:35:21.169 DEBUG   :curobo                                  :Warp Devices: ['cpu', 'cuda:0']
2026-09-12T21:35:21.169 INFO    :curobo                                  :Initialized 3 costs for robot rollout
2026-09-12T21:35:21.237 INFO    :curobo                                  :CuRobo kernel backend: 'cuda_core'
2026-09-12T21:35:21.238 INFO    :curobo                                  :cuda.core backend initialized: sm_89
2026-09-12T21:35:21.238 INFO    :curobo                                  :Compiling kernel: curobo::kinematics::kinematics_forward_spheres_kernel<15, 32>
2026-09-12T21:35:21.372 INFO    :curobo                                  :Successfully compiled kernel: curobo::kinematics::kinematics_forward_spheres_kernel<15, 32>
2026-09-12T21:35:21.374 DEBUG   :curobo                                  :Cache hit: curobo::kinematics::kinematics_forward_spheres_kernel<15, 32>
2026-09-12T21:35:21.375 DEBUG   :curobo                                  :Cache hit: curobo::kinematics::kinematics_forward_spheres_kernel<15, 32>
2026-09-12T21:35:21.376 INFO    :curobo                                  :exploration_idx.shape != (num_problems, n_linesearch): torch.Size([1, 4]) != (4, 4)
2026-09-12T21:35:21.376 INFO    :curobo                                  :selected_idx.shape != (num_problems, n_linesearch): torch.Size([1, 4]) != (4, 4)
2026-09-12T21:35:21.377 INFO    :curobo                                  :exploration_idx.shape != (num_problems, n_linesearch): torch.Size([1, 4]) != (4, 4)
2026-09-12T21:35:21.377 INFO    :curobo                                  :selected_idx.shape != (num_problems, n_linesearch): torch.Size([1, 4]) != (4, 4)
2026-09-12T21:35:21.377 INFO    :curobo                                  :Updating state_seq buffer reference (created new tensor)
2026-09-12T21:35:21.377 INFO    :curobo                                  :Updating state_seq buffer reference (created new tensor)
2026-09-12T21:35:21.378 INFO    :curobo                                  :Updating state_seq buffer reference (created new tensor)
2026-09-12T21:35:21.378 INFO    :curobo                                  :Updating state_seq buffer reference (created new tensor)
2026-09-12T21:35:21.379 INFO    :curobo                                  :Compiling kernel: curobo::trajectory::bspline::interpolate_bspline_kernel<float, 3, (curobo::trajectory::bspline::BasisBackend)2>
2026-09-12T21:35:21.464 INFO    :curobo                                  :Successfully compiled kernel: curobo::trajectory::bspline::interpolate_bspline_kernel<float, 3, (curobo::trajectory::bspline::BasisBackend)2>
2026-09-12T21:35:21.465 DEBUG   :curobo                                  :Cache hit: curobo::kinematics::kinematics_forward_spheres_kernel<15, 32>
2026-09-12T21:35:21.499 DEBUG   :curobo                                  :Cache hit: curobo::trajectory::bspline::interpolate_bspline_kernel<float, 3, (curobo::trajectory::bspline::BasisBackend)2>
2026-09-12T21:35:21.500 DEBUG   :curobo                                  :Cache hit: curobo::kinematics::kinematics_forward_spheres_kernel<15, 32>
2026-09-12T21:35:21.665 INFO    :curobo                                  :Compiling kernel: curobo::kinematics::kinematics_backward_kernel<float, float, 16, true, false, false>
2026-09-12T21:35:21.821 INFO    :curobo                                  :Successfully compiled kernel: curobo::kinematics::kinematics_backward_kernel<float, float, 16, true, false, false>
2026-09-12T21:35:21.822 INFO    :curobo                                  :Compiling kernel: curobo::trajectory::bspline::bspline_backward_kernel<3, float, (curobo::trajectory::bspline::BasisBackend)2>
2026-09-12T21:35:21.898 INFO    :curobo                                  :Successfully compiled kernel: curobo::trajectory::bspline::bspline_backward_kernel<3, float, (curobo::trajectory::bspline::BasisBackend)2>
2026-09-12T21:35:21.900 INFO    :curobo                                  :Compiling kernel: curobo::optimization::line_search::kernel_line_search<float, 4>
2026-09-12T21:35:21.977 INFO    :curobo                                  :Successfully compiled kernel: curobo::optimization::line_search::kernel_line_search<float, 4>
2026-09-12T21:35:21.977 INFO    :curobo                                  :Running optimizer 1/1: LBFGSOpt
2026-09-12T21:35:21.978 INFO    :curobo                                  :Recording CUDA Graph for _opt_iters
2026-09-12T21:35:22.058 DEBUG   :curobo                                  :Cache hit: curobo::trajectory::bspline::interpolate_bspline_kernel<float, 3, (curobo::trajectory::bspline::BasisBackend)2>
2026-09-12T21:35:22.058 DEBUG   :curobo                                  :Cache hit: curobo::kinematics::kinematics_forward_spheres_kernel<15, 32>
2026-09-12T21:35:22.062 DEBUG   :curobo                                  :Cache hit: curobo::kinematics::kinematics_backward_kernel<float, float, 16, true, false, false>
2026-09-12T21:35:22.062 DEBUG   :curobo                                  :Cache hit: curobo::trajectory::bspline::bspline_backward_kernel<3, float, (curobo::trajectory::bspline::BasisBackend)2>
2026-09-12T21:35:22.063 DEBUG   :curobo                                  :Cache hit: curobo::optimization::line_search::kernel_line_search<float, 4>
2026-09-12T21:35:22.063 INFO    :curobo                                  :Compiling kernel: curobo::optimization::kernel_lbfgs_step_shared_memory<float, false, 27>
2026-09-12T21:35:22.208 INFO    :curobo                                  :Successfully compiled kernel: curobo::optimization::kernel_lbfgs_step_shared_memory<float, false, 27>
2026-09-12T21:35:22.209 DEBUG   :curobo                                  :Cache hit: curobo::trajectory::bspline::interpolate_bspline_kernel<float, 3, (curobo::trajectory::bspline::BasisBackend)2>
2026-09-12T21:35:22.210 DEBUG   :curobo                                  :Cache hit: curobo::kinematics::kinematics_forward_spheres_kernel<15, 32>
2026-09-12T21:35:22.211 DEBUG   :curobo                                  :Cache hit: curobo::kinematics::kinematics_backward_kernel<float, float, 16, true, false, false>
2026-09-12T21:35:22.211 DEBUG   :curobo                                  :Cache hit: curobo::trajectory::bspline::bspline_backward_kernel<3, float, (curobo::trajectory::bspline::BasisBackend)2>
2026-09-12T21:35:22.212 DEBUG   :curobo                                  :Cache hit: curobo::optimization::line_search::kernel_line_search<float, 4>
2026-09-12T21:35:22.212 DEBUG   :curobo                                  :Cache hit: curobo::optimization::kernel_lbfgs_step_shared_memory<float, false, 27>
2026-09-12T21:35:22.212 DEBUG   :curobo                                  :Cache hit: curobo::trajectory::bspline::interpolate_bspline_kernel<float, 3, (curobo::trajectory::bspline::BasisBackend)2>
2026-09-12T21:35:22.213 DEBUG   :curobo                                  :Cache hit: curobo::kinematics::kinematics_forward_spheres_kernel<15, 32>
2026-09-12T21:35:22.214 DEBUG   :curobo                                  :Cache hit: curobo::kinematics::kinematics_backward_kernel<float, float, 16, true, false, false>
2026-09-12T21:35:22.214 DEBUG   :curobo                                  :Cache hit: curobo::trajectory::bspline::bspline_backward_kernel<3, float, (curobo::trajectory::bspline::BasisBackend)2>
2026-09-12T21:35:22.215 DEBUG   :curobo                                  :Cache hit: curobo::optimization::line_search::kernel_line_search<float, 4>
2026-09-12T21:35:22.215 DEBUG   :curobo                                  :Cache hit: curobo::optimization::kernel_lbfgs_step_shared_memory<float, false, 27>
2026-09-12T21:35:22.216 DEBUG   :curobo                                  :Cache hit: curobo::trajectory::bspline::interpolate_bspline_kernel<float, 3, (curobo::trajectory::bspline::BasisBackend)2>
2026-09-12T21:35:22.216 DEBUG   :curobo                                  :Cache hit: curobo::kinematics::kinematics_forward_spheres_kernel<15, 32>
2026-09-12T21:35:22.218 DEBUG   :curobo                                  :Cache hit: curobo::kinematics::kinematics_backward_kernel<float, float, 16, true, false, false>
2026-09-12T21:35:22.218 DEBUG   :curobo                                  :Cache hit: curobo::trajectory::bspline::bspline_backward_kernel<3, float, (curobo::trajectory::bspline::BasisBackend)2>
2026-09-12T21:35:22.219 DEBUG   :curobo                                  :Cache hit: curobo::optimization::line_search::kernel_line_search<float, 4>
2026-09-12T21:35:22.219 DEBUG   :curobo                                  :Cache hit: curobo::optimization::kernel_lbfgs_step_shared_memory<float, false, 27>
2026-09-12T21:35:22.220 DEBUG   :curobo                                  :Cache hit: curobo::trajectory::bspline::interpolate_bspline_kernel<float, 3, (curobo::trajectory::bspline::BasisBackend)2>
2026-09-12T21:35:22.220 DEBUG   :curobo                                  :Cache hit: curobo::kinematics::kinematics_forward_spheres_kernel<15, 32>
2026-09-12T21:35:22.221 DEBUG   :curobo                                  :Cache hit: curobo::kinematics::kinematics_backward_kernel<float, float, 16, true, false, false>
2026-09-12T21:35:22.221 DEBUG   :curobo                                  :Cache hit: curobo::trajectory::bspline::bspline_backward_kernel<3, float, (curobo::trajectory::bspline::BasisBackend)2>
2026-09-12T21:35:22.222 DEBUG   :curobo                                  :Cache hit: curobo::optimization::line_search::kernel_line_search<float, 4>
2026-09-12T21:35:22.222 DEBUG   :curobo                                  :Cache hit: curobo::optimization::kernel_lbfgs_step_shared_memory<float, false, 27>
2026-09-12T21:35:22.223 DEBUG   :curobo                                  :Cache hit: curobo::trajectory::bspline::interpolate_bspline_kernel<float, 3, (curobo::trajectory::bspline::BasisBackend)2>
2026-09-12T21:35:22.223 DEBUG   :curobo                                  :Cache hit: curobo::kinematics::kinematics_forward_spheres_kernel<15, 32>
2026-09-12T21:35:22.225 DEBUG   :curobo                                  :Cache hit: curobo::kinematics::kinematics_backward_kernel<float, float, 16, true, false, false>
2026-09-12T21:35:22.225 DEBUG   :curobo                                  :Cache hit: curobo::trajectory::bspline::bspline_backward_kernel<3, float, (curobo::trajectory::bspline::BasisBackend)2>
2026-09-12T21:35:22.226 DEBUG   :curobo                                  :Cache hit: curobo::optimization::line_search::kernel_line_search<float, 4>
2026-09-12T21:35:22.226 DEBUG   :curobo                                  :Cache hit: curobo::optimization::kernel_lbfgs_step_shared_memory<float, false, 27>
2026-09-12T21:35:22.227 DEBUG   :curobo                                  :Cache hit: curobo::trajectory::bspline::interpolate_bspline_kernel<float, 3, (curobo::trajectory::bspline::BasisBackend)2>
2026-09-12T21:35:22.227 DEBUG   :curobo                                  :Cache hit: curobo::kinematics::kinematics_forward_spheres_kernel<15, 32>
2026-09-12T21:35:22.229 DEBUG   :curobo                                  :Cache hit: curobo::kinematics::kinematics_backward_kernel<float, float, 16, true, false, false>
2026-09-12T21:35:22.229 DEBUG   :curobo                                  :Cache hit: curobo::trajectory::bspline::bspline_backward_kernel<3, float, (curobo::trajectory::bspline::BasisBackend)2>
2026-09-12T21:35:22.229 DEBUG   :curobo                                  :Cache hit: curobo::optimization::line_search::kernel_line_search<float, 4>
2026-09-12T21:35:22.230 DEBUG   :curobo                                  :Cache hit: curobo::optimization::kernel_lbfgs_step_shared_memory<float, false, 27>
2026-09-12T21:35:22.230 DEBUG   :curobo                                  :Cache hit: curobo::trajectory::bspline::interpolate_bspline_kernel<float, 3, (curobo::trajectory::bspline::BasisBackend)2>
2026-09-12T21:35:22.230 DEBUG   :curobo                                  :Cache hit: curobo::kinematics::kinematics_forward_spheres_kernel<15, 32>
2026-09-12T21:35:22.232 DEBUG   :curobo                                  :Cache hit: curobo::kinematics::kinematics_backward_kernel<float, float, 16, true, false, false>
2026-09-12T21:35:22.232 DEBUG   :curobo                                  :Cache hit: curobo::trajectory::bspline::bspline_backward_kernel<3, float, (curobo::trajectory::bspline::BasisBackend)2>
2026-09-12T21:35:22.232 DEBUG   :curobo                                  :Cache hit: curobo::optimization::line_search::kernel_line_search<float, 4>
2026-09-12T21:35:22.233 DEBUG   :curobo                                  :Cache hit: curobo::optimization::kernel_lbfgs_step_shared_memory<float, false, 27>
2026-09-12T21:35:22.233 DEBUG   :curobo                                  :Cache hit: curobo::trajectory::bspline::interpolate_bspline_kernel<float, 3, (curobo::trajectory::bspline::BasisBackend)2>
2026-09-12T21:35:22.234 DEBUG   :curobo                                  :Cache hit: curobo::kinematics::kinematics_forward_spheres_kernel<15, 32>
2026-09-12T21:35:22.235 DEBUG   :curobo                                  :Cache hit: curobo::kinematics::kinematics_backward_kernel<float, float, 16, true, false, false>
2026-09-12T21:35:22.235 DEBUG   :curobo                                  :Cache hit: curobo::trajectory::bspline::bspline_backward_kernel<3, float, (curobo::trajectory::bspline::BasisBackend)2>
2026-09-12T21:35:22.235 DEBUG   :curobo                                  :Cache hit: curobo::optimization::line_search::kernel_line_search<float, 4>
2026-09-12T21:35:22.236 DEBUG   :curobo                                  :Cache hit: curobo::optimization::kernel_lbfgs_step_shared_memory<float, false, 27>
2026-09-12T21:35:22.236 DEBUG   :curobo                                  :Cache hit: curobo::trajectory::bspline::interpolate_bspline_kernel<float, 3, (curobo::trajectory::bspline::BasisBackend)2>
2026-09-12T21:35:22.236 DEBUG   :curobo                                  :Cache hit: curobo::kinematics::kinematics_forward_spheres_kernel<15, 32>
2026-09-12T21:35:22.237 DEBUG   :curobo                                  :Cache hit: curobo::kinematics::kinematics_backward_kernel<float, float, 16, true, false, false>
2026-09-12T21:35:22.237 DEBUG   :curobo                                  :Cache hit: curobo::trajectory::bspline::bspline_backward_kernel<3, float, (curobo::trajectory::bspline::BasisBackend)2>
2026-09-12T21:35:22.238 DEBUG   :curobo                                  :Cache hit: curobo::optimization::line_search::kernel_line_search<float, 4>
2026-09-12T21:35:22.238 DEBUG   :curobo                                  :Cache hit: curobo::optimization::kernel_lbfgs_step_shared_memory<float, false, 27>
2026-09-12T21:35:22.238 DEBUG   :curobo                                  :Cache hit: curobo::trajectory::bspline::interpolate_bspline_kernel<float, 3, (curobo::trajectory::bspline::BasisBackend)2>
2026-09-12T21:35:22.239 DEBUG   :curobo                                  :Cache hit: curobo::kinematics::kinematics_forward_spheres_kernel<15, 32>
2026-09-12T21:35:22.240 DEBUG   :curobo                                  :Cache hit: curobo::kinematics::kinematics_backward_kernel<float, float, 16, true, false, false>
2026-09-12T21:35:22.240 DEBUG   :curobo                                  :Cache hit: curobo::trajectory::bspline::bspline_backward_kernel<3, float, (curobo::trajectory::bspline::BasisBackend)2>
2026-09-12T21:35:22.240 DEBUG   :curobo                                  :Cache hit: curobo::optimization::line_search::kernel_line_search<float, 4>
2026-09-12T21:35:22.241 DEBUG   :curobo                                  :Cache hit: curobo::optimization::kernel_lbfgs_step_shared_memory<float, false, 27>
2026-09-12T21:35:22.241 DEBUG   :curobo                                  :Cache hit: curobo::trajectory::bspline::interpolate_bspline_kernel<float, 3, (curobo::trajectory::bspline::BasisBackend)2>
2026-09-12T21:35:22.241 DEBUG   :curobo                                  :Cache hit: curobo::kinematics::kinematics_forward_spheres_kernel<15, 32>
2026-09-12T21:35:22.243 DEBUG   :curobo                                  :Cache hit: curobo::kinematics::kinematics_backward_kernel<float, float, 16, true, false, false>
2026-09-12T21:35:22.243 DEBUG   :curobo                                  :Cache hit: curobo::trajectory::bspline::bspline_backward_kernel<3, float, (curobo::trajectory::bspline::BasisBackend)2>
2026-09-12T21:35:22.243 DEBUG   :curobo                                  :Cache hit: curobo::optimization::line_search::kernel_line_search<float, 4>
2026-09-12T21:35:22.243 DEBUG   :curobo                                  :Cache hit: curobo::optimization::kernel_lbfgs_step_shared_memory<float, false, 27>
2026-09-12T21:35:22.244 DEBUG   :curobo                                  :Cache hit: curobo::trajectory::bspline::interpolate_bspline_kernel<float, 3, (curobo::trajectory::bspline::BasisBackend)2>
2026-09-12T21:35:22.244 DEBUG   :curobo                                  :Cache hit: curobo::kinematics::kinematics_forward_spheres_kernel<15, 32>
2026-09-12T21:35:22.245 DEBUG   :curobo                                  :Cache hit: curobo::kinematics::kinematics_backward_kernel<float, float, 16, true, false, false>
2026-09-12T21:35:22.245 DEBUG   :curobo                                  :Cache hit: curobo::trajectory::bspline::bspline_backward_kernel<3, float, (curobo::trajectory::bspline::BasisBackend)2>
2026-09-12T21:35:22.246 DEBUG   :curobo                                  :Cache hit: curobo::optimization::line_search::kernel_line_search<float, 4>
2026-09-12T21:35:22.246 DEBUG   :curobo                                  :Cache hit: curobo::optimization::kernel_lbfgs_step_shared_memory<float, false, 27>
2026-09-12T21:35:22.246 DEBUG   :curobo                                  :Cache hit: curobo::trajectory::bspline::interpolate_bspline_kernel<float, 3, (curobo::trajectory::bspline::BasisBackend)2>
2026-09-12T21:35:22.247 DEBUG   :curobo                                  :Cache hit: curobo::kinematics::kinematics_forward_spheres_kernel<15, 32>
2026-09-12T21:35:22.248 DEBUG   :curobo                                  :Cache hit: curobo::kinematics::kinematics_backward_kernel<float, float, 16, true, false, false>
2026-09-12T21:35:22.248 DEBUG   :curobo                                  :Cache hit: curobo::trajectory::bspline::bspline_backward_kernel<3, float, (curobo::trajectory::bspline::BasisBackend)2>
2026-09-12T21:35:22.248 DEBUG   :curobo                                  :Cache hit: curobo::optimization::line_search::kernel_line_search<float, 4>
2026-09-12T21:35:22.248 DEBUG   :curobo                                  :Cache hit: curobo::optimization::kernel_lbfgs_step_shared_memory<float, false, 27>
2026-09-12T21:35:22.249 DEBUG   :curobo                                  :Cache hit: curobo::trajectory::bspline::interpolate_bspline_kernel<float, 3, (curobo::trajectory::bspline::BasisBackend)2>
2026-09-12T21:35:22.249 DEBUG   :curobo                                  :Cache hit: curobo::kinematics::kinematics_forward_spheres_kernel<15, 32>
2026-09-12T21:35:22.250 DEBUG   :curobo                                  :Cache hit: curobo::kinematics::kinematics_backward_kernel<float, float, 16, true, false, false>
2026-09-12T21:35:22.250 DEBUG   :curobo                                  :Cache hit: curobo::trajectory::bspline::bspline_backward_kernel<3, float, (curobo::trajectory::bspline::BasisBackend)2>
2026-09-12T21:35:22.251 DEBUG   :curobo                                  :Cache hit: curobo::optimization::line_search::kernel_line_search<float, 4>
2026-09-12T21:35:22.251 DEBUG   :curobo                                  :Cache hit: curobo::optimization::kernel_lbfgs_step_shared_memory<float, false, 27>
2026-09-12T21:35:22.251 DEBUG   :curobo                                  :Cache hit: curobo::trajectory::bspline::interpolate_bspline_kernel<float, 3, (curobo::trajectory::bspline::BasisBackend)2>
2026-09-12T21:35:22.252 DEBUG   :curobo                                  :Cache hit: curobo::kinematics::kinematics_forward_spheres_kernel<15, 32>
2026-09-12T21:35:22.253 DEBUG   :curobo                                  :Cache hit: curobo::kinematics::kinematics_backward_kernel<float, float, 16, true, false, false>
2026-09-12T21:35:22.253 DEBUG   :curobo                                  :Cache hit: curobo::trajectory::bspline::bspline_backward_kernel<3, float, (curobo::trajectory::bspline::BasisBackend)2>
2026-09-12T21:35:22.253 DEBUG   :curobo                                  :Cache hit: curobo::optimization::line_search::kernel_line_search<float, 4>
2026-09-12T21:35:22.253 DEBUG   :curobo                                  :Cache hit: curobo::optimization::kernel_lbfgs_step_shared_memory<float, false, 27>
2026-09-12T21:35:22.254 DEBUG   :curobo                                  :Cache hit: curobo::trajectory::bspline::interpolate_bspline_kernel<float, 3, (curobo::trajectory::bspline::BasisBackend)2>
2026-09-12T21:35:22.254 DEBUG   :curobo                                  :Cache hit: curobo::kinematics::kinematics_forward_spheres_kernel<15, 32>
2026-09-12T21:35:22.255 DEBUG   :curobo                                  :Cache hit: curobo::kinematics::kinematics_backward_kernel<float, float, 16, true, false, false>
2026-09-12T21:35:22.255 DEBUG   :curobo                                  :Cache hit: curobo::trajectory::bspline::bspline_backward_kernel<3, float, (curobo::trajectory::bspline::BasisBackend)2>
2026-09-12T21:35:22.255 DEBUG   :curobo                                  :Cache hit: curobo::optimization::line_search::kernel_line_search<float, 4>
2026-09-12T21:35:22.256 DEBUG   :curobo                                  :Cache hit: curobo::optimization::kernel_lbfgs_step_shared_memory<float, false, 27>
2026-09-12T21:35:22.256 DEBUG   :curobo                                  :Cache hit: curobo::trajectory::bspline::interpolate_bspline_kernel<float, 3, (curobo::trajectory::bspline::BasisBackend)2>
2026-09-12T21:35:22.256 DEBUG   :curobo                                  :Cache hit: curobo::kinematics::kinematics_forward_spheres_kernel<15, 32>
2026-09-12T21:35:22.257 DEBUG   :curobo                                  :Cache hit: curobo::kinematics::kinematics_backward_kernel<float, float, 16, true, false, false>
2026-09-12T21:35:22.257 DEBUG   :curobo                                  :Cache hit: curobo::trajectory::bspline::bspline_backward_kernel<3, float, (curobo::trajectory::bspline::BasisBackend)2>
2026-09-12T21:35:22.258 DEBUG   :curobo                                  :Cache hit: curobo::optimization::line_search::kernel_line_search<float, 4>
2026-09-12T21:35:22.258 DEBUG   :curobo                                  :Cache hit: curobo::optimization::kernel_lbfgs_step_shared_memory<float, false, 27>
2026-09-12T21:35:22.258 DEBUG   :curobo                                  :Cache hit: curobo::trajectory::bspline::interpolate_bspline_kernel<float, 3, (curobo::trajectory::bspline::BasisBackend)2>
2026-09-12T21:35:22.258 DEBUG   :curobo                                  :Cache hit: curobo::kinematics::kinematics_forward_spheres_kernel<15, 32>
2026-09-12T21:35:22.259 DEBUG   :curobo                                  :Cache hit: curobo::kinematics::kinematics_backward_kernel<float, float, 16, true, false, false>
2026-09-12T21:35:22.259 DEBUG   :curobo                                  :Cache hit: curobo::trajectory::bspline::bspline_backward_kernel<3, float, (curobo::trajectory::bspline::BasisBackend)2>
2026-09-12T21:35:22.259 DEBUG   :curobo                                  :Cache hit: curobo::optimization::line_search::kernel_line_search<float, 4>
2026-09-12T21:35:22.260 DEBUG   :curobo                                  :Cache hit: curobo::optimization::kernel_lbfgs_step_shared_memory<float, false, 27>
2026-09-12T21:35:22.260 DEBUG   :curobo                                  :Cache hit: curobo::trajectory::bspline::interpolate_bspline_kernel<float, 3, (curobo::trajectory::bspline::BasisBackend)2>
2026-09-12T21:35:22.260 DEBUG   :curobo                                  :Cache hit: curobo::kinematics::kinematics_forward_spheres_kernel<15, 32>
2026-09-12T21:35:22.261 DEBUG   :curobo                                  :Cache hit: curobo::kinematics::kinematics_backward_kernel<float, float, 16, true, false, false>
2026-09-12T21:35:22.261 DEBUG   :curobo                                  :Cache hit: curobo::trajectory::bspline::bspline_backward_kernel<3, float, (curobo::trajectory::bspline::BasisBackend)2>
2026-09-12T21:35:22.262 DEBUG   :curobo                                  :Cache hit: curobo::optimization::line_search::kernel_line_search<float, 4>
2026-09-12T21:35:22.262 DEBUG   :curobo                                  :Cache hit: curobo::optimization::kernel_lbfgs_step_shared_memory<float, false, 27>
2026-09-12T21:35:22.262 DEBUG   :curobo                                  :Cache hit: curobo::trajectory::bspline::interpolate_bspline_kernel<float, 3, (curobo::trajectory::bspline::BasisBackend)2>
2026-09-12T21:35:22.263 DEBUG   :curobo                                  :Cache hit: curobo::kinematics::kinematics_forward_spheres_kernel<15, 32>
2026-09-12T21:35:22.264 DEBUG   :curobo                                  :Cache hit: curobo::kinematics::kinematics_backward_kernel<float, float, 16, true, false, false>
2026-09-12T21:35:22.264 DEBUG   :curobo                                  :Cache hit: curobo::trajectory::bspline::bspline_backward_kernel<3, float, (curobo::trajectory::bspline::BasisBackend)2>
2026-09-12T21:35:22.264 DEBUG   :curobo                                  :Cache hit: curobo::optimization::line_search::kernel_line_search<float, 4>
2026-09-12T21:35:22.265 DEBUG   :curobo                                  :Cache hit: curobo::optimization::kernel_lbfgs_step_shared_memory<float, false, 27>
2026-09-12T21:35:22.265 DEBUG   :curobo                                  :Cache hit: curobo::trajectory::bspline::interpolate_bspline_kernel<float, 3, (curobo::trajectory::bspline::BasisBackend)2>
2026-09-12T21:35:22.265 DEBUG   :curobo                                  :Cache hit: curobo::kinematics::kinematics_forward_spheres_kernel<15, 32>
2026-09-12T21:35:22.267 DEBUG   :curobo                                  :Cache hit: curobo::kinematics::kinematics_backward_kernel<float, float, 16, true, false, false>
2026-09-12T21:35:22.267 DEBUG   :curobo                                  :Cache hit: curobo::trajectory::bspline::bspline_backward_kernel<3, float, (curobo::trajectory::bspline::BasisBackend)2>
2026-09-12T21:35:22.267 DEBUG   :curobo                                  :Cache hit: curobo::optimization::line_search::kernel_line_search<float, 4>
2026-09-12T21:35:22.268 DEBUG   :curobo                                  :Cache hit: curobo::optimization::kernel_lbfgs_step_shared_memory<float, false, 27>
2026-09-12T21:35:22.268 DEBUG   :curobo                                  :Cache hit: curobo::trajectory::bspline::interpolate_bspline_kernel<float, 3, (curobo::trajectory::bspline::BasisBackend)2>
2026-09-12T21:35:22.268 DEBUG   :curobo                                  :Cache hit: curobo::kinematics::kinematics_forward_spheres_kernel<15, 32>
2026-09-12T21:35:22.270 DEBUG   :curobo                                  :Cache hit: curobo::kinematics::kinematics_backward_kernel<float, float, 16, true, false, false>
2026-09-12T21:35:22.270 DEBUG   :curobo                                  :Cache hit: curobo::trajectory::bspline::bspline_backward_kernel<3, float, (curobo::trajectory::bspline::BasisBackend)2>
2026-09-12T21:35:22.270 DEBUG   :curobo                                  :Cache hit: curobo::optimization::line_search::kernel_line_search<float, 4>
2026-09-12T21:35:22.270 DEBUG   :curobo                                  :Cache hit: curobo::optimization::kernel_lbfgs_step_shared_memory<float, false, 27>
2026-09-12T21:35:22.271 DEBUG   :curobo                                  :Cache hit: curobo::trajectory::bspline::interpolate_bspline_kernel<float, 3, (curobo::trajectory::bspline::BasisBackend)2>
2026-09-12T21:35:22.271 DEBUG   :curobo                                  :Cache hit: curobo::kinematics::kinematics_forward_spheres_kernel<15, 32>
2026-09-12T21:35:22.273 DEBUG   :curobo                                  :Cache hit: curobo::kinematics::kinematics_backward_kernel<float, float, 16, true, false, false>
2026-09-12T21:35:22.273 DEBUG   :curobo                                  :Cache hit: curobo::trajectory::bspline::bspline_backward_kernel<3, float, (curobo::trajectory::bspline::BasisBackend)2>
2026-09-12T21:35:22.274 DEBUG   :curobo                                  :Cache hit: curobo::optimization::line_search::kernel_line_search<float, 4>
2026-09-12T21:35:22.274 DEBUG   :curobo                                  :Cache hit: curobo::optimization::kernel_lbfgs_step_shared_memory<float, false, 27>
2026-09-12T21:35:22.275 DEBUG   :curobo                                  :Cache hit: curobo::trajectory::bspline::interpolate_bspline_kernel<float, 3, (curobo::trajectory::bspline::BasisBackend)2>
2026-09-12T21:35:22.275 DEBUG   :curobo                                  :Cache hit: curobo::kinematics::kinematics_forward_spheres_kernel<15, 32>
2026-09-12T21:35:22.276 DEBUG   :curobo                                  :Cache hit: curobo::kinematics::kinematics_backward_kernel<float, float, 16, true, false, false>
2026-09-12T21:35:22.276 DEBUG   :curobo                                  :Cache hit: curobo::trajectory::bspline::bspline_backward_kernel<3, float, (curobo::trajectory::bspline::BasisBackend)2>
2026-09-12T21:35:22.277 DEBUG   :curobo                                  :Cache hit: curobo::optimization::line_search::kernel_line_search<float, 4>
2026-09-12T21:35:22.277 DEBUG   :curobo                                  :Cache hit: curobo::optimization::kernel_lbfgs_step_shared_memory<float, false, 27>
2026-09-12T21:35:22.277 DEBUG   :curobo                                  :Cache hit: curobo::trajectory::bspline::interpolate_bspline_kernel<float, 3, (curobo::trajectory::bspline::BasisBackend)2>
2026-09-12T21:35:22.278 DEBUG   :curobo                                  :Cache hit: curobo::kinematics::kinematics_forward_spheres_kernel<15, 32>
2026-09-12T21:35:22.279 DEBUG   :curobo                                  :Cache hit: curobo::kinematics::kinematics_backward_kernel<float, float, 16, true, false, false>
2026-09-12T21:35:22.279 DEBUG   :curobo                                  :Cache hit: curobo::trajectory::bspline::bspline_backward_kernel<3, float, (curobo::trajectory::bspline::BasisBackend)2>
2026-09-12T21:35:22.279 DEBUG   :curobo                                  :Cache hit: curobo::optimization::line_search::kernel_line_search<float, 4>
2026-09-12T21:35:22.280 DEBUG   :curobo                                  :Cache hit: curobo::optimization::kernel_lbfgs_step_shared_memory<float, false, 27>
2026-09-12T21:35:22.280 DEBUG   :curobo                                  :Cache hit: curobo::trajectory::bspline::interpolate_bspline_kernel<float, 3, (curobo::trajectory::bspline::BasisBackend)2>
2026-09-12T21:35:22.280 DEBUG   :curobo                                  :Cache hit: curobo::kinematics::kinematics_forward_spheres_kernel<15, 32>
2026-09-12T21:35:22.282 DEBUG   :curobo                                  :Cache hit: curobo::kinematics::kinematics_backward_kernel<float, float, 16, true, false, false>
2026-09-12T21:35:22.282 DEBUG   :curobo                                  :Cache hit: curobo::trajectory::bspline::bspline_backward_kernel<3, float, (curobo::trajectory::bspline::BasisBackend)2>
2026-09-12T21:35:22.282 DEBUG   :curobo                                  :Cache hit: curobo::optimization::line_search::kernel_line_search<float, 4>
2026-09-12T21:35:22.282 DEBUG   :curobo                                  :Cache hit: curobo::optimization::kernel_lbfgs_step_shared_memory<float, false, 27>
2026-09-12T21:35:22.283 DEBUG   :curobo                                  :Cache hit: curobo::trajectory::bspline::interpolate_bspline_kernel<float, 3, (curobo::trajectory::bspline::BasisBackend)2>
2026-09-12T21:35:22.283 DEBUG   :curobo                                  :Cache hit: curobo::kinematics::kinematics_forward_spheres_kernel<15, 32>
2026-09-12T21:35:22.284 DEBUG   :curobo                                  :Cache hit: curobo::kinematics::kinematics_backward_kernel<float, float, 16, true, false, false>
2026-09-12T21:35:22.284 DEBUG   :curobo                                  :Cache hit: curobo::trajectory::bspline::bspline_backward_kernel<3, float, (curobo::trajectory::bspline::BasisBackend)2>
2026-09-12T21:35:22.285 DEBUG   :curobo                                  :Cache hit: curobo::optimization::line_search::kernel_line_search<float, 4>
2026-09-12T21:35:22.285 DEBUG   :curobo                                  :Cache hit: curobo::optimization::kernel_lbfgs_step_shared_memory<float, false, 27>
2026-09-12T21:35:22.285 DEBUG   :curobo                                  :Cache hit: curobo::trajectory::bspline::interpolate_bspline_kernel<float, 3, (curobo::trajectory::bspline::BasisBackend)2>
2026-09-12T21:35:22.286 DEBUG   :curobo                                  :Cache hit: curobo::kinematics::kinematics_forward_spheres_kernel<15, 32>
2026-09-12T21:35:22.287 DEBUG   :curobo                                  :Cache hit: curobo::kinematics::kinematics_backward_kernel<float, float, 16, true, false, false>
2026-09-12T21:35:22.287 DEBUG   :curobo                                  :Cache hit: curobo::trajectory::bspline::bspline_backward_kernel<3, float, (curobo::trajectory::bspline::BasisBackend)2>
2026-09-12T21:35:22.287 DEBUG   :curobo                                  :Cache hit: curobo::optimization::line_search::kernel_line_search<float, 4>
2026-09-12T21:35:22.287 DEBUG   :curobo                                  :Cache hit: curobo::optimization::kernel_lbfgs_step_shared_memory<float, false, 27>
2026-09-12T21:35:22.287 DEBUG   :curobo                                  :Cache hit: curobo::trajectory::bspline::interpolate_bspline_kernel<float, 3, (curobo::trajectory::bspline::BasisBackend)2>
2026-09-12T21:35:22.288 DEBUG   :curobo                                  :Cache hit: curobo::kinematics::kinematics_forward_spheres_kernel<15, 32>
2026-09-12T21:35:22.288 DEBUG   :curobo                                  :Cache hit: curobo::kinematics::kinematics_backward_kernel<float, float, 16, true, false, false>
2026-09-12T21:35:22.289 DEBUG   :curobo                                  :Cache hit: curobo::trajectory::bspline::bspline_backward_kernel<3, float, (curobo::trajectory::bspline::BasisBackend)2>
2026-09-12T21:35:22.289 DEBUG   :curobo                                  :Cache hit: curobo::optimization::line_search::kernel_line_search<float, 4>
2026-09-12T21:35:22.289 DEBUG   :curobo                                  :Cache hit: curobo::optimization::kernel_lbfgs_step_shared_memory<float, false, 27>
2026-09-12T21:35:22.289 DEBUG   :curobo                                  :Cache hit: curobo::trajectory::bspline::interpolate_bspline_kernel<float, 3, (curobo::trajectory::bspline::BasisBackend)2>
2026-09-12T21:35:22.290 DEBUG   :curobo                                  :Cache hit: curobo::kinematics::kinematics_forward_spheres_kernel<15, 32>
2026-09-12T21:35:22.291 DEBUG   :curobo                                  :Cache hit: curobo::kinematics::kinematics_backward_kernel<float, float, 16, true, false, false>
2026-09-12T21:35:22.291 DEBUG   :curobo                                  :Cache hit: curobo::trajectory::bspline::bspline_backward_kernel<3, float, (curobo::trajectory::bspline::BasisBackend)2>
2026-09-12T21:35:22.291 DEBUG   :curobo                                  :Cache hit: curobo::optimization::line_search::kernel_line_search<float, 4>
2026-09-12T21:35:22.292 DEBUG   :curobo                                  :Cache hit: curobo::optimization::kernel_lbfgs_step_shared_memory<float, false, 27>
2026-09-12T21:35:22.292 DEBUG   :curobo                                  :Cache hit: curobo::trajectory::bspline::interpolate_bspline_kernel<float, 3, (curobo::trajectory::bspline::BasisBackend)2>
2026-09-12T21:35:22.292 DEBUG   :curobo                                  :Cache hit: curobo::kinematics::kinematics_forward_spheres_kernel<15, 32>
2026-09-12T21:35:22.294 DEBUG   :curobo                                  :Cache hit: curobo::kinematics::kinematics_backward_kernel<float, float, 16, true, false, false>
2026-09-12T21:35:22.294 DEBUG   :curobo                                  :Cache hit: curobo::trajectory::bspline::bspline_backward_kernel<3, float, (curobo::trajectory::bspline::BasisBackend)2>
2026-09-12T21:35:22.294 DEBUG   :curobo                                  :Cache hit: curobo::optimization::line_search::kernel_line_search<float, 4>
2026-09-12T21:35:22.294 DEBUG   :curobo                                  :Cache hit: curobo::optimization::kernel_lbfgs_step_shared_memory<float, false, 27>
2026-09-12T21:35:22.295 DEBUG   :curobo                                  :Cache hit: curobo::trajectory::bspline::interpolate_bspline_kernel<float, 3, (curobo::trajectory::bspline::BasisBackend)2>
2026-09-12T21:35:22.295 DEBUG   :curobo                                  :Cache hit: curobo::kinematics::kinematics_forward_spheres_kernel<15, 32>
2026-09-12T21:35:22.296 DEBUG   :curobo                                  :Cache hit: curobo::kinematics::kinematics_backward_kernel<float, float, 16, true, false, false>
2026-09-12T21:35:22.296 DEBUG   :curobo                                  :Cache hit: curobo::trajectory::bspline::bspline_backward_kernel<3, float, (curobo::trajectory::bspline::BasisBackend)2>
2026-09-12T21:35:22.297 DEBUG   :curobo                                  :Cache hit: curobo::optimization::line_search::kernel_line_search<float, 4>
2026-09-12T21:35:22.297 DEBUG   :curobo                                  :Cache hit: curobo::optimization::kernel_lbfgs_step_shared_memory<float, false, 27>
2026-09-12T21:35:22.297 DEBUG   :curobo                                  :Cache hit: curobo::trajectory::bspline::interpolate_bspline_kernel<float, 3, (curobo::trajectory::bspline::BasisBackend)2>
2026-09-12T21:35:22.298 DEBUG   :curobo                                  :Cache hit: curobo::kinematics::kinematics_forward_spheres_kernel<15, 32>
2026-09-12T21:35:22.299 DEBUG   :curobo                                  :Cache hit: curobo::kinematics::kinematics_backward_kernel<float, float, 16, true, false, false>
2026-09-12T21:35:22.299 DEBUG   :curobo                                  :Cache hit: curobo::trajectory::bspline::bspline_backward_kernel<3, float, (curobo::trajectory::bspline::BasisBackend)2>
2026-09-12T21:35:22.299 DEBUG   :curobo                                  :Cache hit: curobo::optimization::line_search::kernel_line_search<float, 4>
2026-09-12T21:35:22.300 DEBUG   :curobo                                  :Cache hit: curobo::optimization::kernel_lbfgs_step_shared_memory<float, false, 27>
2026-09-12T21:35:22.300 DEBUG   :curobo                                  :Cache hit: curobo::trajectory::bspline::interpolate_bspline_kernel<float, 3, (curobo::trajectory::bspline::BasisBackend)2>
2026-09-12T21:35:22.300 DEBUG   :curobo                                  :Cache hit: curobo::kinematics::kinematics_forward_spheres_kernel<15, 32>
2026-09-12T21:35:22.302 DEBUG   :curobo                                  :Cache hit: curobo::kinematics::kinematics_backward_kernel<float, float, 16, true, false, false>
2026-09-12T21:35:22.302 DEBUG   :curobo                                  :Cache hit: curobo::trajectory::bspline::bspline_backward_kernel<3, float, (curobo::trajectory::bspline::BasisBackend)2>
2026-09-12T21:35:22.302 DEBUG   :curobo                                  :Cache hit: curobo::optimization::line_search::kernel_line_search<float, 4>
2026-09-12T21:35:22.302 DEBUG   :curobo                                  :Cache hit: curobo::optimization::kernel_lbfgs_step_shared_memory<float, false, 27>
2026-09-12T21:35:22.303 DEBUG   :curobo                                  :Cache hit: curobo::trajectory::bspline::interpolate_bspline_kernel<float, 3, (curobo::trajectory::bspline::BasisBackend)2>
2026-09-12T21:35:22.303 DEBUG   :curobo                                  :Cache hit: curobo::kinematics::kinematics_forward_spheres_kernel<15, 32>
2026-09-12T21:35:22.304 DEBUG   :curobo                                  :Cache hit: curobo::kinematics::kinematics_backward_kernel<float, float, 16, true, false, false>
2026-09-12T21:35:22.304 DEBUG   :curobo                                  :Cache hit: curobo::trajectory::bspline::bspline_backward_kernel<3, float, (curobo::trajectory::bspline::BasisBackend)2>
2026-09-12T21:35:22.304 DEBUG   :curobo                                  :Cache hit: curobo::optimization::line_search::kernel_line_search<float, 4>
2026-09-12T21:35:22.305 DEBUG   :curobo                                  :Cache hit: curobo::optimization::kernel_lbfgs_step_shared_memory<float, false, 27>
2026-09-12T21:35:22.305 DEBUG   :curobo                                  :Cache hit: curobo::trajectory::bspline::interpolate_bspline_kernel<float, 3, (curobo::trajectory::bspline::BasisBackend)2>
2026-09-12T21:35:22.305 DEBUG   :curobo                                  :Cache hit: curobo::kinematics::kinematics_forward_spheres_kernel<15, 32>
2026-09-12T21:35:22.307 DEBUG   :curobo                                  :Cache hit: curobo::kinematics::kinematics_backward_kernel<float, float, 16, true, false, false>
2026-09-12T21:35:22.307 DEBUG   :curobo                                  :Cache hit: curobo::trajectory::bspline::bspline_backward_kernel<3, float, (curobo::trajectory::bspline::BasisBackend)2>
2026-09-12T21:35:22.307 DEBUG   :curobo                                  :Cache hit: curobo::optimization::line_search::kernel_line_search<float, 4>
2026-09-12T21:35:22.307 DEBUG   :curobo                                  :Cache hit: curobo::optimization::kernel_lbfgs_step_shared_memory<float, false, 27>
2026-09-12T21:35:22.308 DEBUG   :curobo                                  :Cache hit: curobo::trajectory::bspline::interpolate_bspline_kernel<float, 3, (curobo::trajectory::bspline::BasisBackend)2>
2026-09-12T21:35:22.308 DEBUG   :curobo                                  :Cache hit: curobo::kinematics::kinematics_forward_spheres_kernel<15, 32>
2026-09-12T21:35:22.309 DEBUG   :curobo                                  :Cache hit: curobo::kinematics::kinematics_backward_kernel<float, float, 16, true, false, false>
2026-09-12T21:35:22.309 DEBUG   :curobo                                  :Cache hit: curobo::trajectory::bspline::bspline_backward_kernel<3, float, (curobo::trajectory::bspline::BasisBackend)2>
2026-09-12T21:35:22.309 DEBUG   :curobo                                  :Cache hit: curobo::optimization::line_search::kernel_line_search<float, 4>
2026-09-12T21:35:22.309 DEBUG   :curobo                                  :Cache hit: curobo::optimization::kernel_lbfgs_step_shared_memory<float, false, 27>
2026-09-12T21:35:22.310 DEBUG   :curobo                                  :Cache hit: curobo::trajectory::bspline::interpolate_bspline_kernel<float, 3, (curobo::trajectory::bspline::BasisBackend)2>
2026-09-12T21:35:22.310 DEBUG   :curobo                                  :Cache hit: curobo::kinematics::kinematics_forward_spheres_kernel<15, 32>
2026-09-12T21:35:22.310 DEBUG   :curobo                                  :Cache hit: curobo::kinematics::kinematics_backward_kernel<float, float, 16, true, false, false>
2026-09-12T21:35:22.311 DEBUG   :curobo                                  :Cache hit: curobo::trajectory::bspline::bspline_backward_kernel<3, float, (curobo::trajectory::bspline::BasisBackend)2>
2026-09-12T21:35:22.311 DEBUG   :curobo                                  :Cache hit: curobo::optimization::line_search::kernel_line_search<float, 4>
2026-09-12T21:35:22.311 DEBUG   :curobo                                  :Cache hit: curobo::optimization::kernel_lbfgs_step_shared_memory<float, false, 27>
2026-09-12T21:35:22.311 DEBUG   :curobo                                  :Cache hit: curobo::trajectory::bspline::interpolate_bspline_kernel<float, 3, (curobo::trajectory::bspline::BasisBackend)2>
2026-09-12T21:35:22.311 DEBUG   :curobo                                  :Cache hit: curobo::kinematics::kinematics_forward_spheres_kernel<15, 32>
2026-09-12T21:35:22.312 DEBUG   :curobo                                  :Cache hit: curobo::kinematics::kinematics_backward_kernel<float, float, 16, true, false, false>
2026-09-12T21:35:22.312 DEBUG   :curobo                                  :Cache hit: curobo::trajectory::bspline::bspline_backward_kernel<3, float, (curobo::trajectory::bspline::BasisBackend)2>
2026-09-12T21:35:22.313 DEBUG   :curobo                                  :Cache hit: curobo::optimization::line_search::kernel_line_search<float, 4>
2026-09-12T21:35:22.313 DEBUG   :curobo                                  :Cache hit: curobo::optimization::kernel_lbfgs_step_shared_memory<float, false, 27>
2026-09-12T21:35:22.314 DEBUG   :curobo                                  :Cache hit: curobo::trajectory::bspline::interpolate_bspline_kernel<float, 3, (curobo::trajectory::bspline::BasisBackend)2>
2026-09-12T21:35:22.314 DEBUG   :curobo                                  :Cache hit: curobo::kinematics::kinematics_forward_spheres_kernel<15, 32>
2026-09-12T21:35:22.316 DEBUG   :curobo                                  :Cache hit: curobo::kinematics::kinematics_backward_kernel<float, float, 16, true, false, false>
2026-09-12T21:35:22.317 DEBUG   :curobo                                  :Cache hit: curobo::trajectory::bspline::bspline_backward_kernel<3, float, (curobo::trajectory::bspline::BasisBackend)2>
2026-09-12T21:35:22.317 DEBUG   :curobo                                  :Cache hit: curobo::optimization::line_search::kernel_line_search<float, 4>
2026-09-12T21:35:22.317 DEBUG   :curobo                                  :Cache hit: curobo::optimization::kernel_lbfgs_step_shared_memory<float, false, 27>
2026-09-12T21:35:22.318 DEBUG   :curobo                                  :Cache hit: curobo::trajectory::bspline::interpolate_bspline_kernel<float, 3, (curobo::trajectory::bspline::BasisBackend)2>
2026-09-12T21:35:22.318 DEBUG   :curobo                                  :Cache hit: curobo::kinematics::kinematics_forward_spheres_kernel<15, 32>
2026-09-12T21:35:22.320 DEBUG   :curobo                                  :Cache hit: curobo::kinematics::kinematics_backward_kernel<float, float, 16, true, false, false>
2026-09-12T21:35:22.321 DEBUG   :curobo                                  :Cache hit: curobo::trajectory::bspline::bspline_backward_kernel<3, float, (curobo::trajectory::bspline::BasisBackend)2>
2026-09-12T21:35:22.321 DEBUG   :curobo                                  :Cache hit: curobo::optimization::line_search::kernel_line_search<float, 4>
2026-09-12T21:35:22.321 DEBUG   :curobo                                  :Cache hit: curobo::optimization::kernel_lbfgs_step_shared_memory<float, false, 27>
2026-09-12T21:35:22.322 DEBUG   :curobo                                  :Cache hit: curobo::trajectory::bspline::interpolate_bspline_kernel<float, 3, (curobo::trajectory::bspline::BasisBackend)2>
2026-09-12T21:35:22.322 DEBUG   :curobo                                  :Cache hit: curobo::kinematics::kinematics_forward_spheres_kernel<15, 32>
2026-09-12T21:35:22.324 DEBUG   :curobo                                  :Cache hit: curobo::kinematics::kinematics_backward_kernel<float, float, 16, true, false, false>
2026-09-12T21:35:22.324 DEBUG   :curobo                                  :Cache hit: curobo::trajectory::bspline::bspline_backward_kernel<3, float, (curobo::trajectory::bspline::BasisBackend)2>
2026-09-12T21:35:22.325 DEBUG   :curobo                                  :Cache hit: curobo::optimization::line_search::kernel_line_search<float, 4>
2026-09-12T21:35:22.325 DEBUG   :curobo                                  :Cache hit: curobo::optimization::kernel_lbfgs_step_shared_memory<float, false, 27>
2026-09-12T21:35:22.326 DEBUG   :curobo                                  :Cache hit: curobo::trajectory::bspline::interpolate_bspline_kernel<float, 3, (curobo::trajectory::bspline::BasisBackend)2>
2026-09-12T21:35:22.327 DEBUG   :curobo                                  :Cache hit: curobo::kinematics::kinematics_forward_spheres_kernel<15, 32>
2026-09-12T21:35:22.328 DEBUG   :curobo                                  :Cache hit: curobo::kinematics::kinematics_backward_kernel<float, float, 16, true, false, false>
2026-09-12T21:35:22.329 DEBUG   :curobo                                  :Cache hit: curobo::trajectory::bspline::bspline_backward_kernel<3, float, (curobo::trajectory::bspline::BasisBackend)2>
2026-09-12T21:35:22.329 DEBUG   :curobo                                  :Cache hit: curobo::optimization::line_search::kernel_line_search<float, 4>
2026-09-12T21:35:22.330 DEBUG   :curobo                                  :Cache hit: curobo::optimization::kernel_lbfgs_step_shared_memory<float, false, 27>
2026-09-12T21:35:22.330 DEBUG   :curobo                                  :Cache hit: curobo::trajectory::bspline::interpolate_bspline_kernel<float, 3, (curobo::trajectory::bspline::BasisBackend)2>
2026-09-12T21:35:22.331 DEBUG   :curobo                                  :Cache hit: curobo::kinematics::kinematics_forward_spheres_kernel<15, 32>
2026-09-12T21:35:22.332 DEBUG   :curobo                                  :Cache hit: curobo::kinematics::kinematics_backward_kernel<float, float, 16, true, false, false>
2026-09-12T21:35:22.332 DEBUG   :curobo                                  :Cache hit: curobo::trajectory::bspline::bspline_backward_kernel<3, float, (curobo::trajectory::bspline::BasisBackend)2>
2026-09-12T21:35:22.333 DEBUG   :curobo                                  :Cache hit: curobo::optimization::line_search::kernel_line_search<float, 4>
2026-09-12T21:35:22.333 DEBUG   :curobo                                  :Cache hit: curobo::optimization::kernel_lbfgs_step_shared_memory<float, false, 27>
2026-09-12T21:35:22.334 DEBUG   :curobo                                  :Cache hit: curobo::trajectory::bspline::interpolate_bspline_kernel<float, 3, (curobo::trajectory::bspline::BasisBackend)2>
2026-09-12T21:35:22.334 DEBUG   :curobo                                  :Cache hit: curobo::kinematics::kinematics_forward_spheres_kernel<15, 32>
2026-09-12T21:35:22.335 DEBUG   :curobo                                  :Cache hit: curobo::kinematics::kinematics_backward_kernel<float, float, 16, true, false, false>
2026-09-12T21:35:22.336 DEBUG   :curobo                                  :Cache hit: curobo::trajectory::bspline::bspline_backward_kernel<3, float, (curobo::trajectory::bspline::BasisBackend)2>
2026-09-12T21:35:22.336 DEBUG   :curobo                                  :Cache hit: curobo::optimization::line_search::kernel_line_search<float, 4>
2026-09-12T21:35:22.336 DEBUG   :curobo                                  :Cache hit: curobo::optimization::kernel_lbfgs_step_shared_memory<float, false, 27>
2026-09-12T21:35:22.337 DEBUG   :curobo                                  :Cache hit: curobo::trajectory::bspline::interpolate_bspline_kernel<float, 3, (curobo::trajectory::bspline::BasisBackend)2>
2026-09-12T21:35:22.337 DEBUG   :curobo                                  :Cache hit: curobo::kinematics::kinematics_forward_spheres_kernel<15, 32>
2026-09-12T21:35:22.339 DEBUG   :curobo                                  :Cache hit: curobo::kinematics::kinematics_backward_kernel<float, float, 16, true, false, false>
2026-09-12T21:35:22.339 DEBUG   :curobo                                  :Cache hit: curobo::trajectory::bspline::bspline_backward_kernel<3, float, (curobo::trajectory::bspline::BasisBackend)2>
2026-09-12T21:35:22.340 DEBUG   :curobo                                  :Cache hit: curobo::optimization::line_search::kernel_line_search<float, 4>
2026-09-12T21:35:22.340 DEBUG   :curobo                                  :Cache hit: curobo::optimization::kernel_lbfgs_step_shared_memory<float, false, 27>
2026-09-12T21:35:22.341 DEBUG   :curobo                                  :Cache hit: curobo::trajectory::bspline::interpolate_bspline_kernel<float, 3, (curobo::trajectory::bspline::BasisBackend)2>
2026-09-12T21:35:22.341 DEBUG   :curobo                                  :Cache hit: curobo::kinematics::kinematics_forward_spheres_kernel<15, 32>
2026-09-12T21:35:22.342 DEBUG   :curobo                                  :Cache hit: curobo::kinematics::kinematics_backward_kernel<float, float, 16, true, false, false>
2026-09-12T21:35:22.342 DEBUG   :curobo                                  :Cache hit: curobo::trajectory::bspline::bspline_backward_kernel<3, float, (curobo::trajectory::bspline::BasisBackend)2>
2026-09-12T21:35:22.342 DEBUG   :curobo                                  :Cache hit: curobo::optimization::line_search::kernel_line_search<float, 4>
2026-09-12T21:35:22.342 DEBUG   :curobo                                  :Cache hit: curobo::optimization::kernel_lbfgs_step_shared_memory<float, false, 27>
2026-09-12T21:35:22.343 DEBUG   :curobo                                  :Cache hit: curobo::trajectory::bspline::interpolate_bspline_kernel<float, 3, (curobo::trajectory::bspline::BasisBackend)2>
2026-09-12T21:35:22.343 DEBUG   :curobo                                  :Cache hit: curobo::kinematics::kinematics_forward_spheres_kernel<15, 32>
2026-09-12T21:35:22.344 DEBUG   :curobo                                  :Cache hit: curobo::kinematics::kinematics_backward_kernel<float, float, 16, true, false, false>
2026-09-12T21:35:22.345 DEBUG   :curobo                                  :Cache hit: curobo::trajectory::bspline::bspline_backward_kernel<3, float, (curobo::trajectory::bspline::BasisBackend)2>
2026-09-12T21:35:22.345 DEBUG   :curobo                                  :Cache hit: curobo::optimization::line_search::kernel_line_search<float, 4>
2026-09-12T21:35:22.345 DEBUG   :curobo                                  :Cache hit: curobo::optimization::kernel_lbfgs_step_shared_memory<float, false, 27>
2026-09-12T21:35:22.346 DEBUG   :curobo                                  :Cache hit: curobo::trajectory::bspline::interpolate_bspline_kernel<float, 3, (curobo::trajectory::bspline::BasisBackend)2>
2026-09-12T21:35:22.346 DEBUG   :curobo                                  :Cache hit: curobo::kinematics::kinematics_forward_spheres_kernel<15, 32>
2026-09-12T21:35:22.348 DEBUG   :curobo                                  :Cache hit: curobo::kinematics::kinematics_backward_kernel<float, float, 16, true, false, false>
2026-09-12T21:35:22.348 DEBUG   :curobo                                  :Cache hit: curobo::trajectory::bspline::bspline_backward_kernel<3, float, (curobo::trajectory::bspline::BasisBackend)2>
2026-09-12T21:35:22.349 DEBUG   :curobo                                  :Cache hit: curobo::optimization::line_search::kernel_line_search<float, 4>
2026-09-12T21:35:22.349 DEBUG   :curobo                                  :Cache hit: curobo::optimization::kernel_lbfgs_step_shared_memory<float, false, 27>
2026-09-12T21:35:22.350 DEBUG   :curobo                                  :Cache hit: curobo::trajectory::bspline::interpolate_bspline_kernel<float, 3, (curobo::trajectory::bspline::BasisBackend)2>
2026-09-12T21:35:22.350 DEBUG   :curobo                                  :Cache hit: curobo::kinematics::kinematics_forward_spheres_kernel<15, 32>
2026-09-12T21:35:22.352 DEBUG   :curobo                                  :Cache hit: curobo::kinematics::kinematics_backward_kernel<float, float, 16, true, false, false>
2026-09-12T21:35:22.352 DEBUG   :curobo                                  :Cache hit: curobo::trajectory::bspline::bspline_backward_kernel<3, float, (curobo::trajectory::bspline::BasisBackend)2>
2026-09-12T21:35:22.353 DEBUG   :curobo                                  :Cache hit: curobo::optimization::line_search::kernel_line_search<float, 4>
2026-09-12T21:35:22.353 DEBUG   :curobo                                  :Cache hit: curobo::optimization::kernel_lbfgs_step_shared_memory<float, false, 27>
2026-09-12T21:35:22.354 DEBUG   :curobo                                  :Cache hit: curobo::trajectory::bspline::interpolate_bspline_kernel<float, 3, (curobo::trajectory::bspline::BasisBackend)2>
2026-09-12T21:35:22.354 DEBUG   :curobo                                  :Cache hit: curobo::kinematics::kinematics_forward_spheres_kernel<15, 32>
2026-09-12T21:35:22.356 DEBUG   :curobo                                  :Cache hit: curobo::kinematics::kinematics_backward_kernel<float, float, 16, true, false, false>
2026-09-12T21:35:22.356 DEBUG   :curobo                                  :Cache hit: curobo::trajectory::bspline::bspline_backward_kernel<3, float, (curobo::trajectory::bspline::BasisBackend)2>
2026-09-12T21:35:22.356 DEBUG   :curobo                                  :Cache hit: curobo::optimization::line_search::kernel_line_search<float, 4>
2026-09-12T21:35:22.357 DEBUG   :curobo                                  :Cache hit: curobo::optimization::kernel_lbfgs_step_shared_memory<float, false, 27>
2026-09-12T21:35:22.357 DEBUG   :curobo                                  :Cache hit: curobo::trajectory::bspline::interpolate_bspline_kernel<float, 3, (curobo::trajectory::bspline::BasisBackend)2>
2026-09-12T21:35:22.358 DEBUG   :curobo                                  :Cache hit: curobo::kinematics::kinematics_forward_spheres_kernel<15, 32>
2026-09-12T21:35:22.359 DEBUG   :curobo                                  :Cache hit: curobo::kinematics::kinematics_backward_kernel<float, float, 16, true, false, false>
2026-09-12T21:35:22.360 DEBUG   :curobo                                  :Cache hit: curobo::trajectory::bspline::bspline_backward_kernel<3, float, (curobo::trajectory::bspline::BasisBackend)2>
2026-09-12T21:35:22.360 DEBUG   :curobo                                  :Cache hit: curobo::optimization::line_search::kernel_line_search<float, 4>
2026-09-12T21:35:22.360 DEBUG   :curobo                                  :Cache hit: curobo::optimization::kernel_lbfgs_step_shared_memory<float, false, 27>
2026-09-12T21:35:22.361 DEBUG   :curobo                                  :Cache hit: curobo::trajectory::bspline::interpolate_bspline_kernel<float, 3, (curobo::trajectory::bspline::BasisBackend)2>
2026-09-12T21:35:22.361 DEBUG   :curobo                                  :Cache hit: curobo::kinematics::kinematics_forward_spheres_kernel<15, 32>
2026-09-12T21:35:22.363 DEBUG   :curobo                                  :Cache hit: curobo::kinematics::kinematics_backward_kernel<float, float, 16, true, false, false>
2026-09-12T21:35:22.363 DEBUG   :curobo                                  :Cache hit: curobo::trajectory::bspline::bspline_backward_kernel<3, float, (curobo::trajectory::bspline::BasisBackend)2>
2026-09-12T21:35:22.364 DEBUG   :curobo                                  :Cache hit: curobo::optimization::line_search::kernel_line_search<float, 4>
2026-09-12T21:35:22.364 DEBUG   :curobo                                  :Cache hit: curobo::optimization::kernel_lbfgs_step_shared_memory<float, false, 27>
2026-09-12T21:35:22.365 DEBUG   :curobo                                  :Cache hit: curobo::trajectory::bspline::interpolate_bspline_kernel<float, 3, (curobo::trajectory::bspline::BasisBackend)2>
2026-09-12T21:35:22.365 DEBUG   :curobo                                  :Cache hit: curobo::kinematics::kinematics_forward_spheres_kernel<15, 32>
2026-09-12T21:35:22.367 DEBUG   :curobo                                  :Cache hit: curobo::kinematics::kinematics_backward_kernel<float, float, 16, true, false, false>
2026-09-12T21:35:22.367 DEBUG   :curobo                                  :Cache hit: curobo::trajectory::bspline::bspline_backward_kernel<3, float, (curobo::trajectory::bspline::BasisBackend)2>
2026-09-12T21:35:22.368 DEBUG   :curobo                                  :Cache hit: curobo::optimization::line_search::kernel_line_search<float, 4>
2026-09-12T21:35:22.368 DEBUG   :curobo                                  :Cache hit: curobo::optimization::kernel_lbfgs_step_shared_memory<float, false, 27>
2026-09-12T21:35:22.369 DEBUG   :curobo                                  :Cache hit: curobo::trajectory::bspline::interpolate_bspline_kernel<float, 3, (curobo::trajectory::bspline::BasisBackend)2>
2026-09-12T21:35:22.369 DEBUG   :curobo                                  :Cache hit: curobo::kinematics::kinematics_forward_spheres_kernel<15, 32>
2026-09-12T21:35:22.371 DEBUG   :curobo                                  :Cache hit: curobo::kinematics::kinematics_backward_kernel<float, float, 16, true, false, false>
2026-09-12T21:35:22.371 DEBUG   :curobo                                  :Cache hit: curobo::trajectory::bspline::bspline_backward_kernel<3, float, (curobo::trajectory::bspline::BasisBackend)2>
2026-09-12T21:35:22.372 DEBUG   :curobo                                  :Cache hit: curobo::optimization::line_search::kernel_line_search<float, 4>
2026-09-12T21:35:22.372 DEBUG   :curobo                                  :Cache hit: curobo::optimization::kernel_lbfgs_step_shared_memory<float, false, 27>
2026-09-12T21:35:22.372 DEBUG   :curobo                                  :Cache hit: curobo::trajectory::bspline::interpolate_bspline_kernel<float, 3, (curobo::trajectory::bspline::BasisBackend)2>
2026-09-12T21:35:22.373 DEBUG   :curobo                                  :Cache hit: curobo::kinematics::kinematics_forward_spheres_kernel<15, 32>
2026-09-12T21:35:22.376 DEBUG   :curobo                                  :Cache hit: curobo::kinematics::kinematics_backward_kernel<float, float, 16, true, false, false>
2026-09-12T21:35:22.376 DEBUG   :curobo                                  :Cache hit: curobo::trajectory::bspline::bspline_backward_kernel<3, float, (curobo::trajectory::bspline::BasisBackend)2>
2026-09-12T21:35:22.377 DEBUG   :curobo                                  :Cache hit: curobo::optimization::line_search::kernel_line_search<float, 4>
2026-09-12T21:35:22.377 DEBUG   :curobo                                  :Cache hit: curobo::optimization::kernel_lbfgs_step_shared_memory<float, false, 27>
2026-09-12T21:35:22.377 DEBUG   :curobo                                  :Cache hit: curobo::trajectory::bspline::interpolate_bspline_kernel<float, 3, (curobo::trajectory::bspline::BasisBackend)2>
2026-09-12T21:35:22.377 DEBUG   :curobo                                  :Cache hit: curobo::kinematics::kinematics_forward_spheres_kernel<15, 32>
2026-09-12T21:35:22.378 DEBUG   :curobo                                  :Cache hit: curobo::kinematics::kinematics_backward_kernel<float, float, 16, true, false, false>
2026-09-12T21:35:22.379 DEBUG   :curobo                                  :Cache hit: curobo::trajectory::bspline::bspline_backward_kernel<3, float, (curobo::trajectory::bspline::BasisBackend)2>
2026-09-12T21:35:22.379 DEBUG   :curobo                                  :Cache hit: curobo::optimization::line_search::kernel_line_search<float, 4>
2026-09-12T21:35:22.379 DEBUG   :curobo                                  :Cache hit: curobo::optimization::kernel_lbfgs_step_shared_memory<float, false, 27>
2026-09-12T21:35:22.380 DEBUG   :curobo                                  :Cache hit: curobo::trajectory::bspline::interpolate_bspline_kernel<float, 3, (curobo::trajectory::bspline::BasisBackend)2>
2026-09-12T21:35:22.380 DEBUG   :curobo                                  :Cache hit: curobo::kinematics::kinematics_forward_spheres_kernel<15, 32>
2026-09-12T21:35:22.381 DEBUG   :curobo                                  :Cache hit: curobo::kinematics::kinematics_backward_kernel<float, float, 16, true, false, false>
2026-09-12T21:35:22.381 DEBUG   :curobo                                  :Cache hit: curobo::trajectory::bspline::bspline_backward_kernel<3, float, (curobo::trajectory::bspline::BasisBackend)2>
2026-09-12T21:35:22.382 DEBUG   :curobo                                  :Cache hit: curobo::optimization::line_search::kernel_line_search<float, 4>
2026-09-12T21:35:22.382 DEBUG   :curobo                                  :Cache hit: curobo::optimization::kernel_lbfgs_step_shared_memory<float, false, 27>
2026-09-12T21:35:22.382 DEBUG   :curobo                                  :Cache hit: curobo::trajectory::bspline::interpolate_bspline_kernel<float, 3, (curobo::trajectory::bspline::BasisBackend)2>
2026-09-12T21:35:22.383 DEBUG   :curobo                                  :Cache hit: curobo::kinematics::kinematics_forward_spheres_kernel<15, 32>
2026-09-12T21:35:22.384 DEBUG   :curobo                                  :Cache hit: curobo::kinematics::kinematics_backward_kernel<float, float, 16, true, false, false>
2026-09-12T21:35:22.384 DEBUG   :curobo                                  :Cache hit: curobo::trajectory::bspline::bspline_backward_kernel<3, float, (curobo::trajectory::bspline::BasisBackend)2>
2026-09-12T21:35:22.384 DEBUG   :curobo                                  :Cache hit: curobo::optimization::line_search::kernel_line_search<float, 4>
2026-09-12T21:35:22.384 DEBUG   :curobo                                  :Cache hit: curobo::optimization::kernel_lbfgs_step_shared_memory<float, false, 27>
2026-09-12T21:35:22.385 DEBUG   :curobo                                  :Cache hit: curobo::trajectory::bspline::interpolate_bspline_kernel<float, 3, (curobo::trajectory::bspline::BasisBackend)2>
2026-09-12T21:35:22.385 DEBUG   :curobo                                  :Cache hit: curobo::kinematics::kinematics_forward_spheres_kernel<15, 32>
2026-09-12T21:35:22.386 DEBUG   :curobo                                  :Cache hit: curobo::kinematics::kinematics_backward_kernel<float, float, 16, true, false, false>
2026-09-12T21:35:22.386 DEBUG   :curobo                                  :Cache hit: curobo::trajectory::bspline::bspline_backward_kernel<3, float, (curobo::trajectory::bspline::BasisBackend)2>
2026-09-12T21:35:22.386 DEBUG   :curobo                                  :Cache hit: curobo::optimization::line_search::kernel_line_search<float, 4>
2026-09-12T21:35:22.387 DEBUG   :curobo                                  :Cache hit: curobo::optimization::kernel_lbfgs_step_shared_memory<float, false, 27>
2026-09-12T21:35:22.387 DEBUG   :curobo                                  :Cache hit: curobo::trajectory::bspline::interpolate_bspline_kernel<float, 3, (curobo::trajectory::bspline::BasisBackend)2>
2026-09-12T21:35:22.387 DEBUG   :curobo                                  :Cache hit: curobo::kinematics::kinematics_forward_spheres_kernel<15, 32>
2026-09-12T21:35:22.388 DEBUG   :curobo                                  :Cache hit: curobo::kinematics::kinematics_backward_kernel<float, float, 16, true, false, false>
2026-09-12T21:35:22.388 DEBUG   :curobo                                  :Cache hit: curobo::trajectory::bspline::bspline_backward_kernel<3, float, (curobo::trajectory::bspline::BasisBackend)2>
2026-09-12T21:35:22.389 DEBUG   :curobo                                  :Cache hit: curobo::optimization::line_search::kernel_line_search<float, 4>
2026-09-12T21:35:22.390 DEBUG   :curobo                                  :Cache hit: curobo::optimization::kernel_lbfgs_step_shared_memory<float, false, 27>
2026-09-12T21:35:22.390 DEBUG   :curobo                                  :Cache hit: curobo::trajectory::bspline::interpolate_bspline_kernel<float, 3, (curobo::trajectory::bspline::BasisBackend)2>
2026-09-12T21:35:22.390 DEBUG   :curobo                                  :Cache hit: curobo::kinematics::kinematics_forward_spheres_kernel<15, 32>
2026-09-12T21:35:22.391 DEBUG   :curobo                                  :Cache hit: curobo::kinematics::kinematics_backward_kernel<float, float, 16, true, false, false>
2026-09-12T21:35:22.391 DEBUG   :curobo                                  :Cache hit: curobo::trajectory::bspline::bspline_backward_kernel<3, float, (curobo::trajectory::bspline::BasisBackend)2>
2026-09-12T21:35:22.392 DEBUG   :curobo                                  :Cache hit: curobo::optimization::line_search::kernel_line_search<float, 4>
2026-09-12T21:35:22.392 DEBUG   :curobo                                  :Cache hit: curobo::optimization::kernel_lbfgs_step_shared_memory<float, false, 27>
2026-09-12T21:35:22.392 DEBUG   :curobo                                  :Cache hit: curobo::trajectory::bspline::interpolate_bspline_kernel<float, 3, (curobo::trajectory::bspline::BasisBackend)2>
2026-09-12T21:35:22.392 DEBUG   :curobo                                  :Cache hit: curobo::kinematics::kinematics_forward_spheres_kernel<15, 32>
2026-09-12T21:35:22.394 DEBUG   :curobo                                  :Cache hit: curobo::kinematics::kinematics_backward_kernel<float, float, 16, true, false, false>
2026-09-12T21:35:22.394 DEBUG   :curobo                                  :Cache hit: curobo::trajectory::bspline::bspline_backward_kernel<3, float, (curobo::trajectory::bspline::BasisBackend)2>
2026-09-12T21:35:22.394 DEBUG   :curobo                                  :Cache hit: curobo::optimization::line_search::kernel_line_search<float, 4>
2026-09-12T21:35:22.394 DEBUG   :curobo                                  :Cache hit: curobo::optimization::kernel_lbfgs_step_shared_memory<float, false, 27>
2026-09-12T21:35:22.395 DEBUG   :curobo                                  :Cache hit: curobo::trajectory::bspline::interpolate_bspline_kernel<float, 3, (curobo::trajectory::bspline::BasisBackend)2>
2026-09-12T21:35:22.395 DEBUG   :curobo                                  :Cache hit: curobo::kinematics::kinematics_forward_spheres_kernel<15, 32>
2026-09-12T21:35:22.396 DEBUG   :curobo                                  :Cache hit: curobo::kinematics::kinematics_backward_kernel<float, float, 16, true, false, false>
2026-09-12T21:35:22.396 DEBUG   :curobo                                  :Cache hit: curobo::trajectory::bspline::bspline_backward_kernel<3, float, (curobo::trajectory::bspline::BasisBackend)2>
2026-09-12T21:35:22.396 DEBUG   :curobo                                  :Cache hit: curobo::optimization::line_search::kernel_line_search<float, 4>
2026-09-12T21:35:22.397 DEBUG   :curobo                                  :Cache hit: curobo::optimization::kernel_lbfgs_step_shared_memory<float, false, 27>
2026-09-12T21:35:22.397 DEBUG   :curobo                                  :Cache hit: curobo::trajectory::bspline::interpolate_bspline_kernel<float, 3, (curobo::trajectory::bspline::BasisBackend)2>
2026-09-12T21:35:22.397 DEBUG   :curobo                                  :Cache hit: curobo::kinematics::kinematics_forward_spheres_kernel<15, 32>
2026-09-12T21:35:22.399 DEBUG   :curobo                                  :Cache hit: curobo::kinematics::kinematics_backward_kernel<float, float, 16, true, false, false>
2026-09-12T21:35:22.399 DEBUG   :curobo                                  :Cache hit: curobo::trajectory::bspline::bspline_backward_kernel<3, float, (curobo::trajectory::bspline::BasisBackend)2>
2026-09-12T21:35:22.399 DEBUG   :curobo                                  :Cache hit: curobo::optimization::line_search::kernel_line_search<float, 4>
2026-09-12T21:35:22.399 DEBUG   :curobo                                  :Cache hit: curobo::optimization::kernel_lbfgs_step_shared_memory<float, false, 27>
2026-09-12T21:35:22.400 DEBUG   :curobo                                  :Cache hit: curobo::trajectory::bspline::interpolate_bspline_kernel<float, 3, (curobo::trajectory::bspline::BasisBackend)2>
2026-09-12T21:35:22.400 DEBUG   :curobo                                  :Cache hit: curobo::kinematics::kinematics_forward_spheres_kernel<15, 32>
2026-09-12T21:35:22.401 DEBUG   :curobo                                  :Cache hit: curobo::kinematics::kinematics_backward_kernel<float, float, 16, true, false, false>
2026-09-12T21:35:22.402 DEBUG   :curobo                                  :Cache hit: curobo::trajectory::bspline::bspline_backward_kernel<3, float, (curobo::trajectory::bspline::BasisBackend)2>
2026-09-12T21:35:22.402 DEBUG   :curobo                                  :Cache hit: curobo::optimization::line_search::kernel_line_search<float, 4>
2026-09-12T21:35:22.402 DEBUG   :curobo                                  :Cache hit: curobo::optimization::kernel_lbfgs_step_shared_memory<float, false, 27>
2026-09-12T21:35:22.403 DEBUG   :curobo                                  :Cache hit: curobo::trajectory::bspline::interpolate_bspline_kernel<float, 3, (curobo::trajectory::bspline::BasisBackend)2>
2026-09-12T21:35:22.403 DEBUG   :curobo                                  :Cache hit: curobo::kinematics::kinematics_forward_spheres_kernel<15, 32>
2026-09-12T21:35:22.404 DEBUG   :curobo                                  :Cache hit: curobo::kinematics::kinematics_backward_kernel<float, float, 16, true, false, false>
2026-09-12T21:35:22.404 DEBUG   :curobo                                  :Cache hit: curobo::trajectory::bspline::bspline_backward_kernel<3, float, (curobo::trajectory::bspline::BasisBackend)2>
2026-09-12T21:35:22.405 DEBUG   :curobo                                  :Cache hit: curobo::optimization::line_search::kernel_line_search<float, 4>
2026-09-12T21:35:22.405 DEBUG   :curobo                                  :Cache hit: curobo::optimization::kernel_lbfgs_step_shared_memory<float, false, 27>
2026-09-12T21:35:22.405 DEBUG   :curobo                                  :Cache hit: curobo::trajectory::bspline::interpolate_bspline_kernel<float, 3, (curobo::trajectory::bspline::BasisBackend)2>
2026-09-12T21:35:22.406 DEBUG   :curobo                                  :Cache hit: curobo::kinematics::kinematics_forward_spheres_kernel<15, 32>
2026-09-12T21:35:22.407 DEBUG   :curobo                                  :Cache hit: curobo::kinematics::kinematics_backward_kernel<float, float, 16, true, false, false>
2026-09-12T21:35:22.407 DEBUG   :curobo                                  :Cache hit: curobo::trajectory::bspline::bspline_backward_kernel<3, float, (curobo::trajectory::bspline::BasisBackend)2>
2026-09-12T21:35:22.407 DEBUG   :curobo                                  :Cache hit: curobo::optimization::line_search::kernel_line_search<float, 4>
2026-09-12T21:35:22.408 DEBUG   :curobo                                  :Cache hit: curobo::optimization::kernel_lbfgs_step_shared_memory<float, false, 27>
2026-09-12T21:35:22.408 DEBUG   :curobo                                  :Cache hit: curobo::trajectory::bspline::interpolate_bspline_kernel<float, 3, (curobo::trajectory::bspline::BasisBackend)2>
2026-09-12T21:35:22.408 DEBUG   :curobo                                  :Cache hit: curobo::kinematics::kinematics_forward_spheres_kernel<15, 32>
2026-09-12T21:35:22.409 DEBUG   :curobo                                  :Cache hit: curobo::kinematics::kinematics_backward_kernel<float, float, 16, true, false, false>
2026-09-12T21:35:22.410 DEBUG   :curobo                                  :Cache hit: curobo::trajectory::bspline::bspline_backward_kernel<3, float, (curobo::trajectory::bspline::BasisBackend)2>
2026-09-12T21:35:22.410 DEBUG   :curobo                                  :Cache hit: curobo::optimization::line_search::kernel_line_search<float, 4>
2026-09-12T21:35:22.410 DEBUG   :curobo                                  :Cache hit: curobo::optimization::kernel_lbfgs_step_shared_memory<float, false, 27>
2026-09-12T21:35:22.411 DEBUG   :curobo                                  :Cache hit: curobo::trajectory::bspline::interpolate_bspline_kernel<float, 3, (curobo::trajectory::bspline::BasisBackend)2>
2026-09-12T21:35:22.411 DEBUG   :curobo                                  :Cache hit: curobo::kinematics::kinematics_forward_spheres_kernel<15, 32>
2026-09-12T21:35:22.412 DEBUG   :curobo                                  :Cache hit: curobo::kinematics::kinematics_backward_kernel<float, float, 16, true, false, false>
2026-09-12T21:35:22.412 DEBUG   :curobo                                  :Cache hit: curobo::trajectory::bspline::bspline_backward_kernel<3, float, (curobo::trajectory::bspline::BasisBackend)2>
2026-09-12T21:35:22.413 DEBUG   :curobo                                  :Cache hit: curobo::optimization::line_search::kernel_line_search<float, 4>
2026-09-12T21:35:22.413 DEBUG   :curobo                                  :Cache hit: curobo::optimization::kernel_lbfgs_step_shared_memory<float, false, 27>
2026-09-12T21:35:22.413 DEBUG   :curobo                                  :Cache hit: curobo::trajectory::bspline::interpolate_bspline_kernel<float, 3, (curobo::trajectory::bspline::BasisBackend)2>
2026-09-12T21:35:22.414 DEBUG   :curobo                                  :Cache hit: curobo::kinematics::kinematics_forward_spheres_kernel<15, 32>
2026-09-12T21:35:22.415 DEBUG   :curobo                                  :Cache hit: curobo::kinematics::kinematics_backward_kernel<float, float, 16, true, false, false>
2026-09-12T21:35:22.415 DEBUG   :curobo                                  :Cache hit: curobo::trajectory::bspline::bspline_backward_kernel<3, float, (curobo::trajectory::bspline::BasisBackend)2>
2026-09-12T21:35:22.415 DEBUG   :curobo                                  :Cache hit: curobo::optimization::line_search::kernel_line_search<float, 4>
2026-09-12T21:35:22.415 DEBUG   :curobo                                  :Cache hit: curobo::optimization::kernel_lbfgs_step_shared_memory<float, false, 27>
2026-09-12T21:35:22.416 DEBUG   :curobo                                  :Cache hit: curobo::trajectory::bspline::interpolate_bspline_kernel<float, 3, (curobo::trajectory::bspline::BasisBackend)2>
2026-09-12T21:35:22.416 DEBUG   :curobo                                  :Cache hit: curobo::kinematics::kinematics_forward_spheres_kernel<15, 32>
2026-09-12T21:35:22.417 DEBUG   :curobo                                  :Cache hit: curobo::kinematics::kinematics_backward_kernel<float, float, 16, true, false, false>
2026-09-12T21:35:22.417 DEBUG   :curobo                                  :Cache hit: curobo::trajectory::bspline::bspline_backward_kernel<3, float, (curobo::trajectory::bspline::BasisBackend)2>
2026-09-12T21:35:22.417 DEBUG   :curobo                                  :Cache hit: curobo::optimization::line_search::kernel_line_search<float, 4>
2026-09-12T21:35:22.418 DEBUG   :curobo                                  :Cache hit: curobo::optimization::kernel_lbfgs_step_shared_memory<float, false, 27>
2026-09-12T21:35:22.418 DEBUG   :curobo                                  :Cache hit: curobo::trajectory::bspline::interpolate_bspline_kernel<float, 3, (curobo::trajectory::bspline::BasisBackend)2>
2026-09-12T21:35:22.418 DEBUG   :curobo                                  :Cache hit: curobo::kinematics::kinematics_forward_spheres_kernel<15, 32>
2026-09-12T21:35:22.419 DEBUG   :curobo                                  :Cache hit: curobo::kinematics::kinematics_backward_kernel<float, float, 16, true, false, false>
2026-09-12T21:35:22.419 DEBUG   :curobo                                  :Cache hit: curobo::trajectory::bspline::bspline_backward_kernel<3, float, (curobo::trajectory::bspline::BasisBackend)2>
2026-09-12T21:35:22.420 DEBUG   :curobo                                  :Cache hit: curobo::optimization::line_search::kernel_line_search<float, 4>
2026-09-12T21:35:22.420 DEBUG   :curobo                                  :Cache hit: curobo::optimization::kernel_lbfgs_step_shared_memory<float, false, 27>
2026-09-12T21:35:22.420 DEBUG   :curobo                                  :Cache hit: curobo::trajectory::bspline::interpolate_bspline_kernel<float, 3, (curobo::trajectory::bspline::BasisBackend)2>
2026-09-12T21:35:22.421 DEBUG   :curobo                                  :Cache hit: curobo::kinematics::kinematics_forward_spheres_kernel<15, 32>
2026-09-12T21:35:22.422 DEBUG   :curobo                                  :Cache hit: curobo::kinematics::kinematics_backward_kernel<float, float, 16, true, false, false>
2026-09-12T21:35:22.422 DEBUG   :curobo                                  :Cache hit: curobo::trajectory::bspline::bspline_backward_kernel<3, float, (curobo::trajectory::bspline::BasisBackend)2>
2026-09-12T21:35:22.422 DEBUG   :curobo                                  :Cache hit: curobo::optimization::line_search::kernel_line_search<float, 4>
2026-09-12T21:35:22.422 DEBUG   :curobo                                  :Cache hit: curobo::optimization::kernel_lbfgs_step_shared_memory<float, false, 27>
2026-09-12T21:35:22.423 DEBUG   :curobo                                  :Cache hit: curobo::trajectory::bspline::interpolate_bspline_kernel<float, 3, (curobo::trajectory::bspline::BasisBackend)2>
2026-09-12T21:35:22.423 DEBUG   :curobo                                  :Cache hit: curobo::kinematics::kinematics_forward_spheres_kernel<15, 32>
2026-09-12T21:35:22.425 DEBUG   :curobo                                  :Cache hit: curobo::kinematics::kinematics_backward_kernel<float, float, 16, true, false, false>
2026-09-12T21:35:22.425 DEBUG   :curobo                                  :Cache hit: curobo::trajectory::bspline::bspline_backward_kernel<3, float, (curobo::trajectory::bspline::BasisBackend)2>
2026-09-12T21:35:22.425 DEBUG   :curobo                                  :Cache hit: curobo::optimization::line_search::kernel_line_search<float, 4>
2026-09-12T21:35:22.425 DEBUG   :curobo                                  :Cache hit: curobo::optimization::kernel_lbfgs_step_shared_memory<float, false, 27>
2026-09-12T21:35:22.426 DEBUG   :curobo                                  :Cache hit: curobo::trajectory::bspline::interpolate_bspline_kernel<float, 3, (curobo::trajectory::bspline::BasisBackend)2>
2026-09-12T21:35:22.426 DEBUG   :curobo                                  :Cache hit: curobo::kinematics::kinematics_forward_spheres_kernel<15, 32>
2026-09-12T21:35:22.427 DEBUG   :curobo                                  :Cache hit: curobo::kinematics::kinematics_backward_kernel<float, float, 16, true, false, false>
2026-09-12T21:35:22.428 DEBUG   :curobo                                  :Cache hit: curobo::trajectory::bspline::bspline_backward_kernel<3, float, (curobo::trajectory::bspline::BasisBackend)2>
2026-09-12T21:35:22.428 DEBUG   :curobo                                  :Cache hit: curobo::optimization::line_search::kernel_line_search<float, 4>
2026-09-12T21:35:22.428 DEBUG   :curobo                                  :Cache hit: curobo::optimization::kernel_lbfgs_step_shared_memory<float, false, 27>
2026-09-12T21:35:22.429 DEBUG   :curobo                                  :Cache hit: curobo::trajectory::bspline::interpolate_bspline_kernel<float, 3, (curobo::trajectory::bspline::BasisBackend)2>
2026-09-12T21:35:22.429 DEBUG   :curobo                                  :Cache hit: curobo::kinematics::kinematics_forward_spheres_kernel<15, 32>
2026-09-12T21:35:22.430 DEBUG   :curobo                                  :Cache hit: curobo::kinematics::kinematics_backward_kernel<float, float, 16, true, false, false>
2026-09-12T21:35:22.430 DEBUG   :curobo                                  :Cache hit: curobo::trajectory::bspline::bspline_backward_kernel<3, float, (curobo::trajectory::bspline::BasisBackend)2>
2026-09-12T21:35:22.430 DEBUG   :curobo                                  :Cache hit: curobo::optimization::line_search::kernel_line_search<float, 4>
2026-09-12T21:35:22.431 DEBUG   :curobo                                  :Cache hit: curobo::optimization::kernel_lbfgs_step_shared_memory<float, false, 27>
2026-09-12T21:35:22.431 DEBUG   :curobo                                  :Cache hit: curobo::trajectory::bspline::interpolate_bspline_kernel<float, 3, (curobo::trajectory::bspline::BasisBackend)2>
2026-09-12T21:35:22.431 DEBUG   :curobo                                  :Cache hit: curobo::kinematics::kinematics_forward_spheres_kernel<15, 32>
2026-09-12T21:35:22.432 DEBUG   :curobo                                  :Cache hit: curobo::kinematics::kinematics_backward_kernel<float, float, 16, true, false, false>
2026-09-12T21:35:22.432 DEBUG   :curobo                                  :Cache hit: curobo::trajectory::bspline::bspline_backward_kernel<3, float, (curobo::trajectory::bspline::BasisBackend)2>
2026-09-12T21:35:22.433 DEBUG   :curobo                                  :Cache hit: curobo::optimization::line_search::kernel_line_search<float, 4>
2026-09-12T21:35:22.433 DEBUG   :curobo                                  :Cache hit: curobo::optimization::kernel_lbfgs_step_shared_memory<float, false, 27>
2026-09-12T21:35:22.433 DEBUG   :curobo                                  :Cache hit: curobo::trajectory::bspline::interpolate_bspline_kernel<float, 3, (curobo::trajectory::bspline::BasisBackend)2>
2026-09-12T21:35:22.434 DEBUG   :curobo                                  :Cache hit: curobo::kinematics::kinematics_forward_spheres_kernel<15, 32>
2026-09-12T21:35:22.435 DEBUG   :curobo                                  :Cache hit: curobo::kinematics::kinematics_backward_kernel<float, float, 16, true, false, false>
2026-09-12T21:35:22.435 DEBUG   :curobo                                  :Cache hit: curobo::trajectory::bspline::bspline_backward_kernel<3, float, (curobo::trajectory::bspline::BasisBackend)2>
2026-09-12T21:35:22.435 DEBUG   :curobo                                  :Cache hit: curobo::optimization::line_search::kernel_line_search<float, 4>
2026-09-12T21:35:22.435 DEBUG   :curobo                                  :Cache hit: curobo::optimization::kernel_lbfgs_step_shared_memory<float, false, 27>
2026-09-12T21:35:22.436 DEBUG   :curobo                                  :Cache hit: curobo::trajectory::bspline::interpolate_bspline_kernel<float, 3, (curobo::trajectory::bspline::BasisBackend)2>
2026-09-12T21:35:22.436 DEBUG   :curobo                                  :Cache hit: curobo::kinematics::kinematics_forward_spheres_kernel<15, 32>
2026-09-12T21:35:22.437 DEBUG   :curobo                                  :Cache hit: curobo::kinematics::kinematics_backward_kernel<float, float, 16, true, false, false>
2026-09-12T21:35:22.437 DEBUG   :curobo                                  :Cache hit: curobo::trajectory::bspline::bspline_backward_kernel<3, float, (curobo::trajectory::bspline::BasisBackend)2>
2026-09-12T21:35:22.437 DEBUG   :curobo                                  :Cache hit: curobo::optimization::line_search::kernel_line_search<float, 4>
2026-09-12T21:35:22.438 DEBUG   :curobo                                  :Cache hit: curobo::optimization::kernel_lbfgs_step_shared_memory<float, false, 27>
2026-09-12T21:35:22.438 DEBUG   :curobo                                  :Cache hit: curobo::trajectory::bspline::interpolate_bspline_kernel<float, 3, (curobo::trajectory::bspline::BasisBackend)2>
2026-09-12T21:35:22.438 DEBUG   :curobo                                  :Cache hit: curobo::kinematics::kinematics_forward_spheres_kernel<15, 32>
2026-09-12T21:35:22.439 DEBUG   :curobo                                  :Cache hit: curobo::kinematics::kinematics_backward_kernel<float, float, 16, true, false, false>
2026-09-12T21:35:22.439 DEBUG   :curobo                                  :Cache hit: curobo::trajectory::bspline::bspline_backward_kernel<3, float, (curobo::trajectory::bspline::BasisBackend)2>
2026-09-12T21:35:22.440 DEBUG   :curobo                                  :Cache hit: curobo::optimization::line_search::kernel_line_search<float, 4>
2026-09-12T21:35:22.440 DEBUG   :curobo                                  :Cache hit: curobo::optimization::kernel_lbfgs_step_shared_memory<float, false, 27>
2026-09-12T21:35:22.440 DEBUG   :curobo                                  :Cache hit: curobo::trajectory::bspline::interpolate_bspline_kernel<float, 3, (curobo::trajectory::bspline::BasisBackend)2>
2026-09-12T21:35:22.440 DEBUG   :curobo                                  :Cache hit: curobo::kinematics::kinematics_forward_spheres_kernel<15, 32>
2026-09-12T21:35:22.441 DEBUG   :curobo                                  :Cache hit: curobo::kinematics::kinematics_backward_kernel<float, float, 16, true, false, false>
2026-09-12T21:35:22.442 DEBUG   :curobo                                  :Cache hit: curobo::trajectory::bspline::bspline_backward_kernel<3, float, (curobo::trajectory::bspline::BasisBackend)2>
2026-09-12T21:35:22.442 DEBUG   :curobo                                  :Cache hit: curobo::optimization::line_search::kernel_line_search<float, 4>
2026-09-12T21:35:22.442 DEBUG   :curobo                                  :Cache hit: curobo::optimization::kernel_lbfgs_step_shared_memory<float, false, 27>
2026-09-12T21:35:22.442 DEBUG   :curobo                                  :Cache hit: curobo::trajectory::bspline::interpolate_bspline_kernel<float, 3, (curobo::trajectory::bspline::BasisBackend)2>
2026-09-12T21:35:22.443 DEBUG   :curobo                                  :Cache hit: curobo::kinematics::kinematics_forward_spheres_kernel<15, 32>
2026-09-12T21:35:22.444 DEBUG   :curobo                                  :Cache hit: curobo::kinematics::kinematics_backward_kernel<float, float, 16, true, false, false>
2026-09-12T21:35:22.444 DEBUG   :curobo                                  :Cache hit: curobo::trajectory::bspline::bspline_backward_kernel<3, float, (curobo::trajectory::bspline::BasisBackend)2>
2026-09-12T21:35:22.444 DEBUG   :curobo                                  :Cache hit: curobo::optimization::line_search::kernel_line_search<float, 4>
2026-09-12T21:35:22.444 DEBUG   :curobo                                  :Cache hit: curobo::optimization::kernel_lbfgs_step_shared_memory<float, false, 27>
2026-09-12T21:35:22.445 DEBUG   :curobo                                  :Cache hit: curobo::trajectory::bspline::interpolate_bspline_kernel<float, 3, (curobo::trajectory::bspline::BasisBackend)2>
2026-09-12T21:35:22.445 DEBUG   :curobo                                  :Cache hit: curobo::kinematics::kinematics_forward_spheres_kernel<15, 32>
2026-09-12T21:35:22.446 DEBUG   :curobo                                  :Cache hit: curobo::kinematics::kinematics_backward_kernel<float, float, 16, true, false, false>
2026-09-12T21:35:22.446 DEBUG   :curobo                                  :Cache hit: curobo::trajectory::bspline::bspline_backward_kernel<3, float, (curobo::trajectory::bspline::BasisBackend)2>
2026-09-12T21:35:22.446 DEBUG   :curobo                                  :Cache hit: curobo::optimization::line_search::kernel_line_search<float, 4>
2026-09-12T21:35:22.447 DEBUG   :curobo                                  :Cache hit: curobo::optimization::kernel_lbfgs_step_shared_memory<float, false, 27>
2026-09-12T21:35:22.447 DEBUG   :curobo                                  :Cache hit: curobo::trajectory::bspline::interpolate_bspline_kernel<float, 3, (curobo::trajectory::bspline::BasisBackend)2>
2026-09-12T21:35:22.447 DEBUG   :curobo                                  :Cache hit: curobo::kinematics::kinematics_forward_spheres_kernel<15, 32>
2026-09-12T21:35:22.449 DEBUG   :curobo                                  :Cache hit: curobo::kinematics::kinematics_backward_kernel<float, float, 16, true, false, false>
2026-09-12T21:35:22.449 DEBUG   :curobo                                  :Cache hit: curobo::trajectory::bspline::bspline_backward_kernel<3, float, (curobo::trajectory::bspline::BasisBackend)2>
2026-09-12T21:35:22.449 DEBUG   :curobo                                  :Cache hit: curobo::optimization::line_search::kernel_line_search<float, 4>
2026-09-12T21:35:22.449 DEBUG   :curobo                                  :Cache hit: curobo::optimization::kernel_lbfgs_step_shared_memory<float, false, 27>
2026-09-12T21:35:22.450 DEBUG   :curobo                                  :Cache hit: curobo::trajectory::bspline::interpolate_bspline_kernel<float, 3, (curobo::trajectory::bspline::BasisBackend)2>
2026-09-12T21:35:22.450 DEBUG   :curobo                                  :Cache hit: curobo::kinematics::kinematics_forward_spheres_kernel<15, 32>
2026-09-12T21:35:22.451 DEBUG   :curobo                                  :Cache hit: curobo::kinematics::kinematics_backward_kernel<float, float, 16, true, false, false>
2026-09-12T21:35:22.452 DEBUG   :curobo                                  :Cache hit: curobo::trajectory::bspline::bspline_backward_kernel<3, float, (curobo::trajectory::bspline::BasisBackend)2>
2026-09-12T21:35:22.452 DEBUG   :curobo                                  :Cache hit: curobo::optimization::line_search::kernel_line_search<float, 4>
2026-09-12T21:35:22.452 DEBUG   :curobo                                  :Cache hit: curobo::optimization::kernel_lbfgs_step_shared_memory<float, false, 27>
2026-09-12T21:35:22.452 DEBUG   :curobo                                  :Cache hit: curobo::trajectory::bspline::interpolate_bspline_kernel<float, 3, (curobo::trajectory::bspline::BasisBackend)2>
2026-09-12T21:35:22.453 DEBUG   :curobo                                  :Cache hit: curobo::kinematics::kinematics_forward_spheres_kernel<15, 32>
2026-09-12T21:35:22.454 DEBUG   :curobo                                  :Cache hit: curobo::kinematics::kinematics_backward_kernel<float, float, 16, true, false, false>
2026-09-12T21:35:22.454 DEBUG   :curobo                                  :Cache hit: curobo::trajectory::bspline::bspline_backward_kernel<3, float, (curobo::trajectory::bspline::BasisBackend)2>
2026-09-12T21:35:22.454 DEBUG   :curobo                                  :Cache hit: curobo::optimization::line_search::kernel_line_search<float, 4>
2026-09-12T21:35:22.454 DEBUG   :curobo                                  :Cache hit: curobo::optimization::kernel_lbfgs_step_shared_memory<float, false, 27>
2026-09-12T21:35:22.455 DEBUG   :curobo                                  :Cache hit: curobo::trajectory::bspline::interpolate_bspline_kernel<float, 3, (curobo::trajectory::bspline::BasisBackend)2>
2026-09-12T21:35:22.455 DEBUG   :curobo                                  :Cache hit: curobo::kinematics::kinematics_forward_spheres_kernel<15, 32>
2026-09-12T21:35:22.456 DEBUG   :curobo                                  :Cache hit: curobo::kinematics::kinematics_backward_kernel<float, float, 16, true, false, false>
2026-09-12T21:35:22.456 DEBUG   :curobo                                  :Cache hit: curobo::trajectory::bspline::bspline_backward_kernel<3, float, (curobo::trajectory::bspline::BasisBackend)2>
2026-09-12T21:35:22.457 DEBUG   :curobo                                  :Cache hit: curobo::optimization::line_search::kernel_line_search<float, 4>
2026-09-12T21:35:22.457 DEBUG   :curobo                                  :Cache hit: curobo::optimization::kernel_lbfgs_step_shared_memory<float, false, 27>
2026-09-12T21:35:22.457 DEBUG   :curobo                                  :Cache hit: curobo::trajectory::bspline::interpolate_bspline_kernel<float, 3, (curobo::trajectory::bspline::BasisBackend)2>
2026-09-12T21:35:22.457 DEBUG   :curobo                                  :Cache hit: curobo::kinematics::kinematics_forward_spheres_kernel<15, 32>
2026-09-12T21:35:22.459 DEBUG   :curobo                                  :Cache hit: curobo::kinematics::kinematics_backward_kernel<float, float, 16, true, false, false>
2026-09-12T21:35:22.459 DEBUG   :curobo                                  :Cache hit: curobo::trajectory::bspline::bspline_backward_kernel<3, float, (curobo::trajectory::bspline::BasisBackend)2>
2026-09-12T21:35:22.459 DEBUG   :curobo                                  :Cache hit: curobo::optimization::line_search::kernel_line_search<float, 4>
2026-09-12T21:35:22.459 DEBUG   :curobo                                  :Cache hit: curobo::optimization::kernel_lbfgs_step_shared_memory<float, false, 27>
2026-09-12T21:35:22.460 DEBUG   :curobo                                  :Cache hit: curobo::trajectory::bspline::interpolate_bspline_kernel<float, 3, (curobo::trajectory::bspline::BasisBackend)2>
2026-09-12T21:35:22.460 DEBUG   :curobo                                  :Cache hit: curobo::kinematics::kinematics_forward_spheres_kernel<15, 32>
2026-09-12T21:35:22.461 DEBUG   :curobo                                  :Cache hit: curobo::kinematics::kinematics_backward_kernel<float, float, 16, true, false, false>
2026-09-12T21:35:22.461 DEBUG   :curobo                                  :Cache hit: curobo::trajectory::bspline::bspline_backward_kernel<3, float, (curobo::trajectory::bspline::BasisBackend)2>
2026-09-12T21:35:22.461 DEBUG   :curobo                                  :Cache hit: curobo::optimization::line_search::kernel_line_search<float, 4>
2026-09-12T21:35:22.462 DEBUG   :curobo                                  :Cache hit: curobo::optimization::kernel_lbfgs_step_shared_memory<float, false, 27>
2026-09-12T21:35:22.462 DEBUG   :curobo                                  :Cache hit: curobo::trajectory::bspline::interpolate_bspline_kernel<float, 3, (curobo::trajectory::bspline::BasisBackend)2>
2026-09-12T21:35:22.462 DEBUG   :curobo                                  :Cache hit: curobo::kinematics::kinematics_forward_spheres_kernel<15, 32>
2026-09-12T21:35:22.463 DEBUG   :curobo                                  :Cache hit: curobo::kinematics::kinematics_backward_kernel<float, float, 16, true, false, false>
2026-09-12T21:35:22.463 DEBUG   :curobo                                  :Cache hit: curobo::trajectory::bspline::bspline_backward_kernel<3, float, (curobo::trajectory::bspline::BasisBackend)2>
2026-09-12T21:35:22.464 DEBUG   :curobo                                  :Cache hit: curobo::optimization::line_search::kernel_line_search<float, 4>
2026-09-12T21:35:22.464 DEBUG   :curobo                                  :Cache hit: curobo::optimization::kernel_lbfgs_step_shared_memory<float, false, 27>
2026-09-12T21:35:22.464 DEBUG   :curobo                                  :Cache hit: curobo::trajectory::bspline::interpolate_bspline_kernel<float, 3, (curobo::trajectory::bspline::BasisBackend)2>
2026-09-12T21:35:22.464 DEBUG   :curobo                                  :Cache hit: curobo::kinematics::kinematics_forward_spheres_kernel<15, 32>
2026-09-12T21:35:22.465 DEBUG   :curobo                                  :Cache hit: curobo::kinematics::kinematics_backward_kernel<float, float, 16, true, false, false>
2026-09-12T21:35:22.466 DEBUG   :curobo                                  :Cache hit: curobo::trajectory::bspline::bspline_backward_kernel<3, float, (curobo::trajectory::bspline::BasisBackend)2>
2026-09-12T21:35:22.466 DEBUG   :curobo                                  :Cache hit: curobo::optimization::line_search::kernel_line_search<float, 4>
2026-09-12T21:35:22.466 DEBUG   :curobo                                  :Cache hit: curobo::optimization::kernel_lbfgs_step_shared_memory<float, false, 27>
2026-09-12T21:35:22.466 DEBUG   :curobo                                  :Cache hit: curobo::trajectory::bspline::interpolate_bspline_kernel<float, 3, (curobo::trajectory::bspline::BasisBackend)2>
2026-09-12T21:35:22.466 DEBUG   :curobo                                  :Cache hit: curobo::kinematics::kinematics_forward_spheres_kernel<15, 32>
2026-09-12T21:35:22.467 DEBUG   :curobo                                  :Cache hit: curobo::kinematics::kinematics_backward_kernel<float, float, 16, true, false, false>
2026-09-12T21:35:22.467 DEBUG   :curobo                                  :Cache hit: curobo::trajectory::bspline::bspline_backward_kernel<3, float, (curobo::trajectory::bspline::BasisBackend)2>
2026-09-12T21:35:22.467 DEBUG   :curobo                                  :Cache hit: curobo::optimization::line_search::kernel_line_search<float, 4>
2026-09-12T21:35:22.468 DEBUG   :curobo                                  :Cache hit: curobo::optimization::kernel_lbfgs_step_shared_memory<float, false, 27>
2026-09-12T21:35:22.468 DEBUG   :curobo                                  :Cache hit: curobo::trajectory::bspline::interpolate_bspline_kernel<float, 3, (curobo::trajectory::bspline::BasisBackend)2>
2026-09-12T21:35:22.468 DEBUG   :curobo                                  :Cache hit: curobo::kinematics::kinematics_forward_spheres_kernel<15, 32>
2026-09-12T21:35:22.469 DEBUG   :curobo                                  :Cache hit: curobo::kinematics::kinematics_backward_kernel<float, float, 16, true, false, false>
2026-09-12T21:35:22.469 DEBUG   :curobo                                  :Cache hit: curobo::trajectory::bspline::bspline_backward_kernel<3, float, (curobo::trajectory::bspline::BasisBackend)2>
2026-09-12T21:35:22.469 DEBUG   :curobo                                  :Cache hit: curobo::optimization::line_search::kernel_line_search<float, 4>
2026-09-12T21:35:22.470 DEBUG   :curobo                                  :Cache hit: curobo::optimization::kernel_lbfgs_step_shared_memory<float, false, 27>
2026-09-12T21:35:22.470 DEBUG   :curobo                                  :Cache hit: curobo::trajectory::bspline::interpolate_bspline_kernel<float, 3, (curobo::trajectory::bspline::BasisBackend)2>
2026-09-12T21:35:22.471 DEBUG   :curobo                                  :Cache hit: curobo::kinematics::kinematics_forward_spheres_kernel<15, 32>
2026-09-12T21:35:22.472 DEBUG   :curobo                                  :Cache hit: curobo::kinematics::kinematics_backward_kernel<float, float, 16, true, false, false>
2026-09-12T21:35:22.473 DEBUG   :curobo                                  :Cache hit: curobo::trajectory::bspline::bspline_backward_kernel<3, float, (curobo::trajectory::bspline::BasisBackend)2>
2026-09-12T21:35:22.473 DEBUG   :curobo                                  :Cache hit: curobo::optimization::line_search::kernel_line_search<float, 4>
2026-09-12T21:35:22.473 DEBUG   :curobo                                  :Cache hit: curobo::optimization::kernel_lbfgs_step_shared_memory<float, false, 27>
2026-09-12T21:35:22.474 DEBUG   :curobo                                  :Cache hit: curobo::trajectory::bspline::interpolate_bspline_kernel<float, 3, (curobo::trajectory::bspline::BasisBackend)2>
2026-09-12T21:35:22.474 DEBUG   :curobo                                  :Cache hit: curobo::kinematics::kinematics_forward_spheres_kernel<15, 32>
2026-09-12T21:35:22.475 DEBUG   :curobo                                  :Cache hit: curobo::kinematics::kinematics_backward_kernel<float, float, 16, true, false, false>
2026-09-12T21:35:22.476 DEBUG   :curobo                                  :Cache hit: curobo::trajectory::bspline::bspline_backward_kernel<3, float, (curobo::trajectory::bspline::BasisBackend)2>
2026-09-12T21:35:22.476 DEBUG   :curobo                                  :Cache hit: curobo::optimization::line_search::kernel_line_search<float, 4>
2026-09-12T21:35:22.476 DEBUG   :curobo                                  :Cache hit: curobo::optimization::kernel_lbfgs_step_shared_memory<float, false, 27>
2026-09-12T21:35:22.477 DEBUG   :curobo                                  :Cache hit: curobo::trajectory::bspline::interpolate_bspline_kernel<float, 3, (curobo::trajectory::bspline::BasisBackend)2>
2026-09-12T21:35:22.477 DEBUG   :curobo                                  :Cache hit: curobo::kinematics::kinematics_forward_spheres_kernel<15, 32>
2026-09-12T21:35:22.478 DEBUG   :curobo                                  :Cache hit: curobo::kinematics::kinematics_backward_kernel<float, float, 16, true, false, false>
2026-09-12T21:35:22.479 DEBUG   :curobo                                  :Cache hit: curobo::trajectory::bspline::bspline_backward_kernel<3, float, (curobo::trajectory::bspline::BasisBackend)2>
2026-09-12T21:35:22.479 DEBUG   :curobo                                  :Cache hit: curobo::optimization::line_search::kernel_line_search<float, 4>
2026-09-12T21:35:22.479 DEBUG   :curobo                                  :Cache hit: curobo::optimization::kernel_lbfgs_step_shared_memory<float, false, 27>
2026-09-12T21:35:22.480 DEBUG   :curobo                                  :Cache hit: curobo::trajectory::bspline::interpolate_bspline_kernel<float, 3, (curobo::trajectory::bspline::BasisBackend)2>
2026-09-12T21:35:22.480 DEBUG   :curobo                                  :Cache hit: curobo::kinematics::kinematics_forward_spheres_kernel<15, 32>
2026-09-12T21:35:22.481 DEBUG   :curobo                                  :Cache hit: curobo::kinematics::kinematics_backward_kernel<float, float, 16, true, false, false>
2026-09-12T21:35:22.482 DEBUG   :curobo                                  :Cache hit: curobo::trajectory::bspline::bspline_backward_kernel<3, float, (curobo::trajectory::bspline::BasisBackend)2>
2026-09-12T21:35:22.482 DEBUG   :curobo                                  :Cache hit: curobo::optimization::line_search::kernel_line_search<float, 4>
2026-09-12T21:35:22.482 DEBUG   :curobo                                  :Cache hit: curobo::optimization::kernel_lbfgs_step_shared_memory<float, false, 27>
2026-09-12T21:35:22.482 DEBUG   :curobo                                  :Cache hit: curobo::trajectory::bspline::interpolate_bspline_kernel<float, 3, (curobo::trajectory::bspline::BasisBackend)2>
2026-09-12T21:35:22.483 DEBUG   :curobo                                  :Cache hit: curobo::kinematics::kinematics_forward_spheres_kernel<15, 32>
2026-09-12T21:35:22.484 DEBUG   :curobo                                  :Cache hit: curobo::kinematics::kinematics_backward_kernel<float, float, 16, true, false, false>
2026-09-12T21:35:22.484 DEBUG   :curobo                                  :Cache hit: curobo::trajectory::bspline::bspline_backward_kernel<3, float, (curobo::trajectory::bspline::BasisBackend)2>
2026-09-12T21:35:22.484 DEBUG   :curobo                                  :Cache hit: curobo::optimization::line_search::kernel_line_search<float, 4>
2026-09-12T21:35:22.485 DEBUG   :curobo                                  :Cache hit: curobo::optimization::kernel_lbfgs_step_shared_memory<float, false, 27>
2026-09-12T21:35:22.492 DEBUG   :curobo                                  :Cache hit: curobo::trajectory::bspline::interpolate_bspline_kernel<float, 3, (curobo::trajectory::bspline::BasisBackend)2>
2026-09-12T21:35:22.493 DEBUG   :curobo                                  :Cache hit: curobo::kinematics::kinematics_forward_spheres_kernel<15, 32>
2026-09-12T21:35:22.493 INFO    :curobo                                  :Recording CUDA Graph for _compute_metrics_from_action_impl
2026-09-12T21:35:22.572 INFO    :curobo                                  :Updating state_seq buffer reference (created new tensor)
2026-09-12T21:35:22.572 DEBUG   :curobo                                  :Cache hit: curobo::trajectory::bspline::interpolate_bspline_kernel<float, 3, (curobo::trajectory::bspline::BasisBackend)2>
2026-09-12T21:35:22.573 DEBUG   :curobo                                  :Cache hit: curobo::kinematics::kinematics_forward_spheres_kernel<15, 32>
2026-09-12T21:35:22.573 INFO    :curobo                                  :Compiling kernel: curobo::geometry::self_collision::self_collision_max_distance_kernel<false>
2026-09-12T21:35:22.724 INFO    :curobo                                  :Successfully compiled kernel: curobo::geometry::self_collision::self_collision_max_distance_kernel<false>
2026-09-12T21:35:22.730 DEBUG   :curobo                                  :Cache hit: curobo::trajectory::bspline::interpolate_bspline_kernel<float, 3, (curobo::trajectory::bspline::BasisBackend)2>
2026-09-12T21:35:22.730 DEBUG   :curobo                                  :Cache hit: curobo::kinematics::kinematics_forward_spheres_kernel<15, 32>
2026-09-12T21:35:22.731 DEBUG   :curobo                                  :Cache hit: curobo::geometry::self_collision::self_collision_max_distance_kernel<false>
2026-09-12T21:35:22.732 DEBUG   :curobo                                  :Cache hit: curobo::trajectory::bspline::interpolate_bspline_kernel<float, 3, (curobo::trajectory::bspline::BasisBackend)2>
2026-09-12T21:35:22.733 DEBUG   :curobo                                  :Cache hit: curobo::kinematics::kinematics_forward_spheres_kernel<15, 32>
2026-09-12T21:35:22.734 DEBUG   :curobo                                  :Cache hit: curobo::geometry::self_collision::self_collision_max_distance_kernel<false>
2026-09-12T21:35:22.735 DEBUG   :curobo                                  :Cache hit: curobo::trajectory::bspline::interpolate_bspline_kernel<float, 3, (curobo::trajectory::bspline::BasisBackend)2>
2026-09-12T21:35:22.736 DEBUG   :curobo                                  :Cache hit: curobo::kinematics::kinematics_forward_spheres_kernel<15, 32>
2026-09-12T21:35:22.736 DEBUG   :curobo                                  :Cache hit: curobo::geometry::self_collision::self_collision_max_distance_kernel<false>
2026-09-12T21:35:22.739 INFO    :curobo                                  :Compiling kernel: curobo::trajectory::bspline::interpolate_bspline_single_dt_kernel<float, 3, (curobo::trajectory::bspline::BasisBackend)2>
2026-09-12T21:35:22.848 INFO    :curobo                                  :Successfully compiled kernel: curobo::trajectory::bspline::interpolate_bspline_single_dt_kernel<float, 3, (curobo::trajectory::bspline::BasisBackend)2>
2026-09-12T21:35:22.853 DEBUG   :curobo                                  :Cache hit: curobo::kinematics::kinematics_forward_spheres_kernel<15, 32>
2026-09-12T21:35:22.853 INFO    :curobo                                  :Recording CUDA Graph for _compute_metrics_from_state_impl
2026-09-12T21:35:22.934 DEBUG   :curobo                                  :Cache hit: curobo::geometry::self_collision::self_collision_max_distance_kernel<false>
2026-09-12T21:35:22.938 DEBUG   :curobo                                  :Cache hit: curobo::geometry::self_collision::self_collision_max_distance_kernel<false>
2026-09-12T21:35:22.939 DEBUG   :curobo                                  :Cache hit: curobo::geometry::self_collision::self_collision_max_distance_kernel<false>
2026-09-12T21:35:22.940 DEBUG   :curobo                                  :Cache hit: curobo::geometry::self_collision::self_collision_max_distance_kernel<false>
2026-09-12T21:35:22.978 DEBUG   :curobo                                  :Cache hit: curobo::trajectory::bspline::interpolate_bspline_kernel<float, 3, (curobo::trajectory::bspline::BasisBackend)2>
2026-09-12T21:35:22.979 DEBUG   :curobo                                  :Cache hit: curobo::kinematics::kinematics_forward_spheres_kernel<15, 32>
2026-09-12T21:35:22.980 DEBUG   :curobo                                  :Cache hit: curobo::kinematics::kinematics_backward_kernel<float, float, 16, true, false, false>
2026-09-12T21:35:22.980 DEBUG   :curobo                                  :Cache hit: curobo::trajectory::bspline::bspline_backward_kernel<3, float, (curobo::trajectory::bspline::BasisBackend)2>
2026-09-12T21:35:22.980 DEBUG   :curobo                                  :Cache hit: curobo::optimization::line_search::kernel_line_search<float, 4>
2026-09-12T21:35:22.981 INFO    :curobo                                  :Running optimizer 1/1: LBFGSOpt
2026-09-12T21:35:22.986 DEBUG   :curobo                                  :Cache hit: curobo::trajectory::bspline::interpolate_bspline_kernel<float, 3, (curobo::trajectory::bspline::BasisBackend)2>
2026-09-12T21:35:22.987 DEBUG   :curobo                                  :Cache hit: curobo::kinematics::kinematics_forward_spheres_kernel<15, 32>
2026-09-12T21:35:22.988 DEBUG   :curobo                                  :Cache hit: curobo::trajectory::bspline::interpolate_bspline_single_dt_kernel<float, 3, (curobo::trajectory::bspline::BasisBackend)2>
2026-09-12T21:35:22.988 DEBUG   :curobo                                  :Cache hit: curobo::kinematics::kinematics_forward_spheres_kernel<15, 32>
2026-09-12T21:35:22.992 DEBUG   :curobo                                  :Cache hit: curobo::trajectory::bspline::interpolate_bspline_kernel<float, 3, (curobo::trajectory::bspline::BasisBackend)2>
2026-09-12T21:35:22.992 DEBUG   :curobo                                  :Cache hit: curobo::kinematics::kinematics_forward_spheres_kernel<15, 32>
2026-09-12T21:35:22.993 DEBUG   :curobo                                  :Cache hit: curobo::kinematics::kinematics_backward_kernel<float, float, 16, true, false, false>
2026-09-12T21:35:22.994 DEBUG   :curobo                                  :Cache hit: curobo::trajectory::bspline::bspline_backward_kernel<3, float, (curobo::trajectory::bspline::BasisBackend)2>
2026-09-12T21:35:22.994 DEBUG   :curobo                                  :Cache hit: curobo::optimization::line_search::kernel_line_search<float, 4>
2026-09-12T21:35:22.994 INFO    :curobo                                  :Running optimizer 1/1: LBFGSOpt
2026-09-12T21:35:23.000 DEBUG   :curobo                                  :Cache hit: curobo::trajectory::bspline::interpolate_bspline_kernel<float, 3, (curobo::trajectory::bspline::BasisBackend)2>
2026-09-12T21:35:23.001 DEBUG   :curobo                                  :Cache hit: curobo::kinematics::kinematics_forward_spheres_kernel<15, 32>
2026-09-12T21:35:23.002 DEBUG   :curobo                                  :Cache hit: curobo::trajectory::bspline::interpolate_bspline_single_dt_kernel<float, 3, (curobo::trajectory::bspline::BasisBackend)2>
2026-09-12T21:35:23.002 DEBUG   :curobo                                  :Cache hit: curobo::kinematics::kinematics_forward_spheres_kernel<15, 32>
2026-09-12T21:35:23.005 DEBUG   :curobo                                  :Cache hit: curobo::trajectory::bspline::interpolate_bspline_kernel<float, 3, (curobo::trajectory::bspline::BasisBackend)2>
2026-09-12T21:35:23.005 DEBUG   :curobo                                  :Cache hit: curobo::kinematics::kinematics_forward_spheres_kernel<15, 32>
2026-09-12T21:35:23.007 DEBUG   :curobo                                  :Cache hit: curobo::kinematics::kinematics_backward_kernel<float, float, 16, true, false, false>
2026-09-12T21:35:23.007 DEBUG   :curobo                                  :Cache hit: curobo::trajectory::bspline::bspline_backward_kernel<3, float, (curobo::trajectory::bspline::BasisBackend)2>
2026-09-12T21:35:23.007 DEBUG   :curobo                                  :Cache hit: curobo::optimization::line_search::kernel_line_search<float, 4>
2026-09-12T21:35:23.008 INFO    :curobo                                  :Running optimizer 1/1: LBFGSOpt
2026-09-12T21:35:23.014 DEBUG   :curobo                                  :Cache hit: curobo::trajectory::bspline::interpolate_bspline_kernel<float, 3, (curobo::trajectory::bspline::BasisBackend)2>
2026-09-12T21:35:23.014 DEBUG   :curobo                                  :Cache hit: curobo::kinematics::kinematics_forward_spheres_kernel<15, 32>
2026-09-12T21:35:23.015 DEBUG   :curobo                                  :Cache hit: curobo::trajectory::bspline::interpolate_bspline_single_dt_kernel<float, 3, (curobo::trajectory::bspline::BasisBackend)2>
2026-09-12T21:35:23.016 DEBUG   :curobo                                  :Cache hit: curobo::kinematics::kinematics_forward_spheres_kernel<15, 32>
2026-09-12T21:35:23.066 DEBUG   :curobo                                  :Self Collision skipped %: 48.38903944595002
2026-09-12T21:35:23.066 DEBUG   :curobo                                  :Self Collision count: 1714
2026-09-12T21:35:23.066 DEBUG   :curobo                                  :Self Collision per thread: 4
2026-09-12T21:35:23.081 DEBUG   :curobo                                  :Warp initialized - Version: 1.17.0
2026-09-12T21:35:23.081 DEBUG   :curobo                                  :Warp Devices: ['cpu', 'cuda:0']
2026-09-12T21:35:23.086 DEBUG   :curobo                                  :Warp initialized - Version: 1.17.0
2026-09-12T21:35:23.086 DEBUG   :curobo                                  :Warp Devices: ['cpu', 'cuda:0']
2026-09-12T21:35:23.086 INFO    :curobo                                  :Initialized 3 costs for robot rollout
2026-09-12T21:35:23.087 DEBUG   :curobo                                  :Warp initialized - Version: 1.17.0
2026-09-12T21:35:23.087 DEBUG   :curobo                                  :Warp Devices: ['cpu', 'cuda:0']
2026-09-12T21:35:23.087 INFO    :curobo                                  :Initialized 3 costs for robot rollout
2026-09-12T21:35:23.087 DEBUG   :curobo                                  :Warp initialized - Version: 1.17.0
2026-09-12T21:35:23.087 DEBUG   :curobo                                  :Warp Devices: ['cpu', 'cuda:0']
2026-09-12T21:35:23.087 DEBUG   :curobo                                  :Warp initialized - Version: 1.17.0
2026-09-12T21:35:23.087 DEBUG   :curobo                                  :Warp Devices: ['cpu', 'cuda:0']
2026-09-12T21:35:23.087 INFO    :curobo                                  :Initialized 3 costs for robot rollout
2026-09-12T21:35:23.089 DEBUG   :curobo                                  :Warp initialized - Version: 1.17.0
2026-09-12T21:35:23.090 DEBUG   :curobo                                  :Warp Devices: ['cpu', 'cuda:0']
2026-09-12T21:35:23.090 INFO    :curobo                                  :Initialized 3 costs for robot rollout
2026-09-12T21:35:23.090 DEBUG   :curobo                                  :Warp initialized - Version: 1.17.0
2026-09-12T21:35:23.090 DEBUG   :curobo                                  :Warp Devices: ['cpu', 'cuda:0']
2026-09-12T21:35:23.090 INFO    :curobo                                  :Initialized 3 costs for robot rollout
2026-09-12T21:35:23.090 DEBUG   :curobo                                  :Warp initialized - Version: 1.17.0
2026-09-12T21:35:23.090 DEBUG   :curobo                                  :Warp Devices: ['cpu', 'cuda:0']
2026-09-12T21:35:23.090 DEBUG   :curobo                                  :Warp initialized - Version: 1.17.0
2026-09-12T21:35:23.090 DEBUG   :curobo                                  :Warp Devices: ['cpu', 'cuda:0']
2026-09-12T21:35:23.090 INFO    :curobo                                  :Initialized 3 costs for robot rollout
2026-09-12T21:35:23.093 DEBUG   :curobo                                  :Warp initialized - Version: 1.17.0
2026-09-12T21:35:23.093 DEBUG   :curobo                                  :Warp Devices: ['cpu', 'cuda:0']
2026-09-12T21:35:23.093 INFO    :curobo                                  :Initialized 2 costs for robot rollout
2026-09-12T21:35:23.093 DEBUG   :curobo                                  :Warp initialized - Version: 1.17.0
2026-09-12T21:35:23.093 DEBUG   :curobo                                  :Warp Devices: ['cpu', 'cuda:0']
2026-09-12T21:35:23.094 INFO    :curobo                                  :Initialized 2 costs for robot rollout
2026-09-12T21:35:23.094 INFO    :curobo                                  :Initialized 2 costs for robot rollout
2026-09-12T21:35:23.094 INFO    :curobo                                  :Initialized 2 costs for robot rollout
2026-09-12T21:35:23.096 DEBUG   :curobo                                  :Warp initialized - Version: 1.17.0
2026-09-12T21:35:23.096 DEBUG   :curobo                                  :Warp Devices: ['cpu', 'cuda:0']
2026-09-12T21:35:23.096 INFO    :curobo                                  :Initialized 2 costs for robot rollout
2026-09-12T21:35:23.097 DEBUG   :curobo                                  :Warp initialized - Version: 1.17.0
2026-09-12T21:35:23.097 DEBUG   :curobo                                  :Warp Devices: ['cpu', 'cuda:0']
2026-09-12T21:35:23.097 INFO    :curobo                                  :Initialized 2 costs for robot rollout
2026-09-12T21:35:23.097 INFO    :curobo                                  :Initialized 2 costs for robot rollout
2026-09-12T21:35:23.097 INFO    :curobo                                  :Initialized 2 costs for robot rollout
2026-09-12T21:35:23.097 INFO    :curobo                                  :LBFGS: history >= opt_dim, reducing history to opt_dim-1
2026-09-12T21:35:23.097 INFO    :curobo                                  :Updating state_seq buffer reference (created new tensor)
2026-09-12T21:35:23.098 INFO    :curobo                                  :Updating state_seq buffer reference (created new tensor)
2026-09-12T21:35:23.100 DEBUG   :curobo                                  :Warp initialized - Version: 1.17.0
2026-09-12T21:35:23.100 DEBUG   :curobo                                  :Warp Devices: ['cpu', 'cuda:0']
2026-09-12T21:35:23.103 INFO    :curobo                                  :Seed IK Solver initialized for robot with 6 DOF
2026-09-12T21:35:23.103 INFO    :curobo                                  :Controlled links: ['tcp']
2026-09-12T21:35:23.105 DEBUG   :curobo                                  :Warp initialized - Version: 1.17.0
2026-09-12T21:35:23.105 DEBUG   :curobo                                  :Warp Devices: ['cpu', 'cuda:0']
2026-09-12T21:35:23.105 INFO    :curobo                                  :Initialized 3 costs for robot rollout
2026-09-12T21:35:23.106 DEBUG   :curobo                                  :Warp initialized - Version: 1.17.0
2026-09-12T21:35:23.106 DEBUG   :curobo                                  :Warp Devices: ['cpu', 'cuda:0']
2026-09-12T21:35:23.106 INFO    :curobo                                  :Initialized 3 costs for robot rollout
2026-09-12T21:35:23.106 DEBUG   :curobo                                  :Warp initialized - Version: 1.17.0
2026-09-12T21:35:23.106 DEBUG   :curobo                                  :Warp Devices: ['cpu', 'cuda:0']
2026-09-12T21:35:23.106 DEBUG   :curobo                                  :Warp initialized - Version: 1.17.0
2026-09-12T21:35:23.106 DEBUG   :curobo                                  :Warp Devices: ['cpu', 'cuda:0']
2026-09-12T21:35:23.106 INFO    :curobo                                  :Initialized 3 costs for robot rollout
2026-09-12T21:35:23.108 DEBUG   :curobo                                  :Warp initialized - Version: 1.17.0
2026-09-12T21:35:23.108 DEBUG   :curobo                                  :Warp Devices: ['cpu', 'cuda:0']
2026-09-12T21:35:23.108 INFO    :curobo                                  :Initialized 3 costs for robot rollout
2026-09-12T21:35:23.109 DEBUG   :curobo                                  :Warp initialized - Version: 1.17.0
2026-09-12T21:35:23.109 DEBUG   :curobo                                  :Warp Devices: ['cpu', 'cuda:0']
2026-09-12T21:35:23.109 INFO    :curobo                                  :Initialized 3 costs for robot rollout
2026-09-12T21:35:23.109 DEBUG   :curobo                                  :Warp initialized - Version: 1.17.0
2026-09-12T21:35:23.109 DEBUG   :curobo                                  :Warp Devices: ['cpu', 'cuda:0']
2026-09-12T21:35:23.109 DEBUG   :curobo                                  :Warp initialized - Version: 1.17.0
2026-09-12T21:35:23.109 DEBUG   :curobo                                  :Warp Devices: ['cpu', 'cuda:0']
2026-09-12T21:35:23.109 INFO    :curobo                                  :Initialized 3 costs for robot rollout
2026-09-12T21:35:23.111 DEBUG   :curobo                                  :Warp initialized - Version: 1.17.0
2026-09-12T21:35:23.112 DEBUG   :curobo                                  :Warp Devices: ['cpu', 'cuda:0']
2026-09-12T21:35:23.112 INFO    :curobo                                  :Initialized 2 costs for robot rollout
2026-09-12T21:35:23.112 DEBUG   :curobo                                  :Warp initialized - Version: 1.17.0
2026-09-12T21:35:23.112 DEBUG   :curobo                                  :Warp Devices: ['cpu', 'cuda:0']
2026-09-12T21:35:23.112 INFO    :curobo                                  :Initialized 2 costs for robot rollout
2026-09-12T21:35:23.112 INFO    :curobo                                  :Initialized 2 costs for robot rollout
2026-09-12T21:35:23.112 INFO    :curobo                                  :Initialized 2 costs for robot rollout
2026-09-12T21:35:23.115 DEBUG   :curobo                                  :Warp initialized - Version: 1.17.0
2026-09-12T21:35:23.115 DEBUG   :curobo                                  :Warp Devices: ['cpu', 'cuda:0']
2026-09-12T21:35:23.115 INFO    :curobo                                  :Initialized 2 costs for robot rollout
2026-09-12T21:35:23.115 DEBUG   :curobo                                  :Warp initialized - Version: 1.17.0
2026-09-12T21:35:23.115 DEBUG   :curobo                                  :Warp Devices: ['cpu', 'cuda:0']
2026-09-12T21:35:23.116 INFO    :curobo                                  :Initialized 2 costs for robot rollout
2026-09-12T21:35:23.116 INFO    :curobo                                  :Initialized 2 costs for robot rollout
2026-09-12T21:35:23.116 INFO    :curobo                                  :Initialized 2 costs for robot rollout
2026-09-12T21:35:23.116 INFO    :curobo                                  :Updating state_seq buffer reference (created new tensor)
2026-09-12T21:35:23.117 INFO    :curobo                                  :Updating state_seq buffer reference (created new tensor)
2026-09-12T21:35:23.122 DEBUG   :curobo                                  :Warp initialized - Version: 1.17.0
2026-09-12T21:35:23.122 DEBUG   :curobo                                  :Warp Devices: ['cpu', 'cuda:0']
2026-09-12T21:35:23.122 INFO    :curobo                                  :Initialized 3 costs for robot rollout
2026-09-12T21:35:23.123 DEBUG   :curobo                                  :Warp initialized - Version: 1.17.0
2026-09-12T21:35:23.123 DEBUG   :curobo                                  :Warp Devices: ['cpu', 'cuda:0']
2026-09-12T21:35:23.123 INFO    :curobo                                  :Initialized 3 costs for robot rollout
2026-09-12T21:35:23.123 DEBUG   :curobo                                  :Warp initialized - Version: 1.17.0
2026-09-12T21:35:23.123 DEBUG   :curobo                                  :Warp Devices: ['cpu', 'cuda:0']
2026-09-12T21:35:23.123 DEBUG   :curobo                                  :Warp initialized - Version: 1.17.0
2026-09-12T21:35:23.123 DEBUG   :curobo                                  :Warp Devices: ['cpu', 'cuda:0']
2026-09-12T21:35:23.123 INFO    :curobo                                  :Initialized 3 costs for robot rollout
2026-09-12T21:35:23.129 DEBUG   :curobo                                  :Warp initialized - Version: 1.17.0
2026-09-12T21:35:23.129 DEBUG   :curobo                                  :Warp Devices: ['cpu', 'cuda:0']
2026-09-12T21:35:23.129 INFO    :curobo                                  :Initialized 3 costs for robot rollout
2026-09-12T21:35:23.130 DEBUG   :curobo                                  :Warp initialized - Version: 1.17.0
2026-09-12T21:35:23.130 DEBUG   :curobo                                  :Warp Devices: ['cpu', 'cuda:0']
2026-09-12T21:35:23.130 INFO    :curobo                                  :Initialized 3 costs for robot rollout
2026-09-12T21:35:23.130 DEBUG   :curobo                                  :Warp initialized - Version: 1.17.0
2026-09-12T21:35:23.130 DEBUG   :curobo                                  :Warp Devices: ['cpu', 'cuda:0']
2026-09-12T21:35:23.130 DEBUG   :curobo                                  :Warp initialized - Version: 1.17.0
2026-09-12T21:35:23.130 DEBUG   :curobo                                  :Warp Devices: ['cpu', 'cuda:0']
2026-09-12T21:35:23.130 INFO    :curobo                                  :Initialized 3 costs for robot rollout
2026-09-12T21:35:23.132 DEBUG   :curobo                                  :Warp initialized - Version: 1.17.0
2026-09-12T21:35:23.132 DEBUG   :curobo                                  :Warp Devices: ['cpu', 'cuda:0']
2026-09-12T21:35:23.132 INFO    :curobo                                  :Initialized 3 costs for robot rollout
2026-09-12T21:35:23.132 DEBUG   :curobo                                  :Warp initialized - Version: 1.17.0
2026-09-12T21:35:23.133 DEBUG   :curobo                                  :Warp Devices: ['cpu', 'cuda:0']
2026-09-12T21:35:23.133 INFO    :curobo                                  :Initialized 3 costs for robot rollout
2026-09-12T21:35:23.133 DEBUG   :curobo                                  :Warp initialized - Version: 1.17.0
2026-09-12T21:35:23.133 DEBUG   :curobo                                  :Warp Devices: ['cpu', 'cuda:0']
2026-09-12T21:35:23.133 DEBUG   :curobo                                  :Warp initialized - Version: 1.17.0
2026-09-12T21:35:23.133 DEBUG   :curobo                                  :Warp Devices: ['cpu', 'cuda:0']
2026-09-12T21:35:23.133 INFO    :curobo                                  :Initialized 3 costs for robot rollout
2026-09-12T21:35:23.135 DEBUG   :curobo                                  :Cache hit: curobo::kinematics::kinematics_forward_spheres_kernel<15, 32>
2026-09-12T21:35:23.136 INFO    :curobo                                  :exploration_idx.shape != (num_problems, n_linesearch): torch.Size([1, 4]) != (4, 4)
2026-09-12T21:35:23.136 INFO    :curobo                                  :selected_idx.shape != (num_problems, n_linesearch): torch.Size([1, 4]) != (4, 4)
2026-09-12T21:35:23.136 INFO    :curobo                                  :exploration_idx.shape != (num_problems, n_linesearch): torch.Size([1, 4]) != (4, 4)
2026-09-12T21:35:23.136 INFO    :curobo                                  :selected_idx.shape != (num_problems, n_linesearch): torch.Size([1, 4]) != (4, 4)
2026-09-12T21:35:23.136 INFO    :curobo                                  :Updating state_seq buffer reference (created new tensor)
2026-09-12T21:35:23.137 INFO    :curobo                                  :Updating state_seq buffer reference (created new tensor)
2026-09-12T21:35:23.138 INFO    :curobo                                  :Updating state_seq buffer reference (created new tensor)
2026-09-12T21:35:23.138 INFO    :curobo                                  :Updating state_seq buffer reference (created new tensor)
2026-09-12T21:35:23.139 DEBUG   :curobo                                  :Cache hit: curobo::trajectory::bspline::interpolate_bspline_kernel<float, 3, (curobo::trajectory::bspline::BasisBackend)2>
2026-09-12T21:35:23.139 DEBUG   :curobo                                  :Cache hit: curobo::kinematics::kinematics_forward_spheres_kernel<15, 32>
2026-09-12T21:35:23.141 DEBUG   :curobo                                  :Cache hit: curobo::trajectory::bspline::interpolate_bspline_kernel<float, 3, (curobo::trajectory::bspline::BasisBackend)2>
2026-09-12T21:35:23.141 DEBUG   :curobo                                  :Cache hit: curobo::kinematics::kinematics_forward_spheres_kernel<15, 32>
2026-09-12T21:35:23.145 DEBUG   :curobo                                  :Cache hit: curobo::geometry::self_collision::self_collision_max_distance_kernel<false>
2026-09-12T21:35:23.152 DEBUG   :curobo                                  :Cache hit: curobo::kinematics::kinematics_backward_kernel<float, float, 16, true, false, false>
2026-09-12T21:35:23.152 DEBUG   :curobo                                  :Cache hit: curobo::trajectory::bspline::bspline_backward_kernel<3, float, (curobo::trajectory::bspline::BasisBackend)2>
2026-09-12T21:35:23.152 DEBUG   :curobo                                  :Cache hit: curobo::optimization::line_search::kernel_line_search<float, 4>
2026-09-12T21:35:23.153 INFO    :curobo                                  :Running optimizer 1/1: LBFGSOpt
2026-09-12T21:35:23.153 INFO    :curobo                                  :Recording CUDA Graph for _opt_iters
2026-09-12T21:35:23.229 DEBUG   :curobo                                  :Cache hit: curobo::trajectory::bspline::interpolate_bspline_kernel<float, 3, (curobo::trajectory::bspline::BasisBackend)2>
2026-09-12T21:35:23.229 DEBUG   :curobo                                  :Cache hit: curobo::kinematics::kinematics_forward_spheres_kernel<15, 32>
2026-09-12T21:35:23.232 DEBUG   :curobo                                  :Cache hit: curobo::geometry::self_collision::self_collision_max_distance_kernel<false>
2026-09-12T21:35:23.233 DEBUG   :curobo                                  :Cache hit: curobo::kinematics::kinematics_backward_kernel<float, float, 16, true, false, false>
2026-09-12T21:35:23.234 DEBUG   :curobo                                  :Cache hit: curobo::trajectory::bspline::bspline_backward_kernel<3, float, (curobo::trajectory::bspline::BasisBackend)2>
2026-09-12T21:35:23.234 DEBUG   :curobo                                  :Cache hit: curobo::optimization::line_search::kernel_line_search<float, 4>
2026-09-12T21:35:23.234 DEBUG   :curobo                                  :Cache hit: curobo::optimization::kernel_lbfgs_step_shared_memory<float, false, 27>
2026-09-12T21:35:23.234 DEBUG   :curobo                                  :Cache hit: curobo::trajectory::bspline::interpolate_bspline_kernel<float, 3, (curobo::trajectory::bspline::BasisBackend)2>
2026-09-12T21:35:23.235 DEBUG   :curobo                                  :Cache hit: curobo::kinematics::kinematics_forward_spheres_kernel<15, 32>
2026-09-12T21:35:23.236 DEBUG   :curobo                                  :Cache hit: curobo::geometry::self_collision::self_collision_max_distance_kernel<false>
2026-09-12T21:35:23.236 DEBUG   :curobo                                  :Cache hit: curobo::kinematics::kinematics_backward_kernel<float, float, 16, true, false, false>
2026-09-12T21:35:23.236 DEBUG   :curobo                                  :Cache hit: curobo::trajectory::bspline::bspline_backward_kernel<3, float, (curobo::trajectory::bspline::BasisBackend)2>
2026-09-12T21:35:23.237 DEBUG   :curobo                                  :Cache hit: curobo::optimization::line_search::kernel_line_search<float, 4>
2026-09-12T21:35:23.237 DEBUG   :curobo                                  :Cache hit: curobo::optimization::kernel_lbfgs_step_shared_memory<float, false, 27>
2026-09-12T21:35:23.237 DEBUG   :curobo                                  :Cache hit: curobo::trajectory::bspline::interpolate_bspline_kernel<float, 3, (curobo::trajectory::bspline::BasisBackend)2>
2026-09-12T21:35:23.237 DEBUG   :curobo                                  :Cache hit: curobo::kinematics::kinematics_forward_spheres_kernel<15, 32>
2026-09-12T21:35:23.238 DEBUG   :curobo                                  :Cache hit: curobo::geometry::self_collision::self_collision_max_distance_kernel<false>
2026-09-12T21:35:23.239 DEBUG   :curobo                                  :Cache hit: curobo::kinematics::kinematics_backward_kernel<float, float, 16, true, false, false>
2026-09-12T21:35:23.239 DEBUG   :curobo                                  :Cache hit: curobo::trajectory::bspline::bspline_backward_kernel<3, float, (curobo::trajectory::bspline::BasisBackend)2>
2026-09-12T21:35:23.239 DEBUG   :curobo                                  :Cache hit: curobo::optimization::line_search::kernel_line_search<float, 4>
2026-09-12T21:35:23.239 DEBUG   :curobo                                  :Cache hit: curobo::optimization::kernel_lbfgs_step_shared_memory<float, false, 27>
2026-09-12T21:35:23.240 DEBUG   :curobo                                  :Cache hit: curobo::trajectory::bspline::interpolate_bspline_kernel<float, 3, (curobo::trajectory::bspline::BasisBackend)2>
2026-09-12T21:35:23.240 DEBUG   :curobo                                  :Cache hit: curobo::kinematics::kinematics_forward_spheres_kernel<15, 32>
2026-09-12T21:35:23.241 DEBUG   :curobo                                  :Cache hit: curobo::geometry::self_collision::self_collision_max_distance_kernel<false>
2026-09-12T21:35:23.242 DEBUG   :curobo                                  :Cache hit: curobo::kinematics::kinematics_backward_kernel<float, float, 16, true, false, false>
2026-09-12T21:35:23.243 DEBUG   :curobo                                  :Cache hit: curobo::trajectory::bspline::bspline_backward_kernel<3, float, (curobo::trajectory::bspline::BasisBackend)2>
2026-09-12T21:35:23.244 DEBUG   :curobo                                  :Cache hit: curobo::optimization::line_search::kernel_line_search<float, 4>
2026-09-12T21:35:23.244 DEBUG   :curobo                                  :Cache hit: curobo::optimization::kernel_lbfgs_step_shared_memory<float, false, 27>
2026-09-12T21:35:23.244 DEBUG   :curobo                                  :Cache hit: curobo::trajectory::bspline::interpolate_bspline_kernel<float, 3, (curobo::trajectory::bspline::BasisBackend)2>
2026-09-12T21:35:23.245 DEBUG   :curobo                                  :Cache hit: curobo::kinematics::kinematics_forward_spheres_kernel<15, 32>
2026-09-12T21:35:23.246 DEBUG   :curobo                                  :Cache hit: curobo::geometry::self_collision::self_collision_max_distance_kernel<false>
2026-09-12T21:35:23.247 DEBUG   :curobo                                  :Cache hit: curobo::kinematics::kinematics_backward_kernel<float, float, 16, true, false, false>
2026-09-12T21:35:23.247 DEBUG   :curobo                                  :Cache hit: curobo::trajectory::bspline::bspline_backward_kernel<3, float, (curobo::trajectory::bspline::BasisBackend)2>
2026-09-12T21:35:23.247 DEBUG   :curobo                                  :Cache hit: curobo::optimization::line_search::kernel_line_search<float, 4>
2026-09-12T21:35:23.247 DEBUG   :curobo                                  :Cache hit: curobo::optimization::kernel_lbfgs_step_shared_memory<float, false, 27>
2026-09-12T21:35:23.248 DEBUG   :curobo                                  :Cache hit: curobo::trajectory::bspline::interpolate_bspline_kernel<float, 3, (curobo::trajectory::bspline::BasisBackend)2>
2026-09-12T21:35:23.248 DEBUG   :curobo                                  :Cache hit: curobo::kinematics::kinematics_forward_spheres_kernel<15, 32>
2026-09-12T21:35:23.249 DEBUG   :curobo                                  :Cache hit: curobo::geometry::self_collision::self_collision_max_distance_kernel<false>
2026-09-12T21:35:23.250 DEBUG   :curobo                                  :Cache hit: curobo::kinematics::kinematics_backward_kernel<float, float, 16, true, false, false>
2026-09-12T21:35:23.250 DEBUG   :curobo                                  :Cache hit: curobo::trajectory::bspline::bspline_backward_kernel<3, float, (curobo::trajectory::bspline::BasisBackend)2>
2026-09-12T21:35:23.250 DEBUG   :curobo                                  :Cache hit: curobo::optimization::line_search::kernel_line_search<float, 4>
2026-09-12T21:35:23.251 DEBUG   :curobo                                  :Cache hit: curobo::optimization::kernel_lbfgs_step_shared_memory<float, false, 27>
2026-09-12T21:35:23.251 DEBUG   :curobo                                  :Cache hit: curobo::trajectory::bspline::interpolate_bspline_kernel<float, 3, (curobo::trajectory::bspline::BasisBackend)2>
2026-09-12T21:35:23.251 DEBUG   :curobo                                  :Cache hit: curobo::kinematics::kinematics_forward_spheres_kernel<15, 32>
2026-09-12T21:35:23.252 DEBUG   :curobo                                  :Cache hit: curobo::geometry::self_collision::self_collision_max_distance_kernel<false>
2026-09-12T21:35:23.253 DEBUG   :curobo                                  :Cache hit: curobo::kinematics::kinematics_backward_kernel<float, float, 16, true, false, false>
2026-09-12T21:35:23.253 DEBUG   :curobo                                  :Cache hit: curobo::trajectory::bspline::bspline_backward_kernel<3, float, (curobo::trajectory::bspline::BasisBackend)2>
2026-09-12T21:35:23.253 DEBUG   :curobo                                  :Cache hit: curobo::optimization::line_search::kernel_line_search<float, 4>
2026-09-12T21:35:23.254 DEBUG   :curobo                                  :Cache hit: curobo::optimization::kernel_lbfgs_step_shared_memory<float, false, 27>
2026-09-12T21:35:23.254 DEBUG   :curobo                                  :Cache hit: curobo::trajectory::bspline::interpolate_bspline_kernel<float, 3, (curobo::trajectory::bspline::BasisBackend)2>
2026-09-12T21:35:23.254 DEBUG   :curobo                                  :Cache hit: curobo::kinematics::kinematics_forward_spheres_kernel<15, 32>
2026-09-12T21:35:23.255 DEBUG   :curobo                                  :Cache hit: curobo::geometry::self_collision::self_collision_max_distance_kernel<false>
2026-09-12T21:35:23.256 DEBUG   :curobo                                  :Cache hit: curobo::kinematics::kinematics_backward_kernel<float, float, 16, true, false, false>
2026-09-12T21:35:23.256 DEBUG   :curobo                                  :Cache hit: curobo::trajectory::bspline::bspline_backward_kernel<3, float, (curobo::trajectory::bspline::BasisBackend)2>
2026-09-12T21:35:23.256 DEBUG   :curobo                                  :Cache hit: curobo::optimization::line_search::kernel_line_search<float, 4>
2026-09-12T21:35:23.257 DEBUG   :curobo                                  :Cache hit: curobo::optimization::kernel_lbfgs_step_shared_memory<float, false, 27>
2026-09-12T21:35:23.257 DEBUG   :curobo                                  :Cache hit: curobo::trajectory::bspline::interpolate_bspline_kernel<float, 3, (curobo::trajectory::bspline::BasisBackend)2>
2026-09-12T21:35:23.257 DEBUG   :curobo                                  :Cache hit: curobo::kinematics::kinematics_forward_spheres_kernel<15, 32>
2026-09-12T21:35:23.258 DEBUG   :curobo                                  :Cache hit: curobo::geometry::self_collision::self_collision_max_distance_kernel<false>
2026-09-12T21:35:23.259 DEBUG   :curobo                                  :Cache hit: curobo::kinematics::kinematics_backward_kernel<float, float, 16, true, false, false>
2026-09-12T21:35:23.259 DEBUG   :curobo                                  :Cache hit: curobo::trajectory::bspline::bspline_backward_kernel<3, float, (curobo::trajectory::bspline::BasisBackend)2>
2026-09-12T21:35:23.260 DEBUG   :curobo                                  :Cache hit: curobo::optimization::line_search::kernel_line_search<float, 4>
2026-09-12T21:35:23.260 DEBUG   :curobo                                  :Cache hit: curobo::optimization::kernel_lbfgs_step_shared_memory<float, false, 27>
2026-09-12T21:35:23.260 DEBUG   :curobo                                  :Cache hit: curobo::trajectory::bspline::interpolate_bspline_kernel<float, 3, (curobo::trajectory::bspline::BasisBackend)2>
2026-09-12T21:35:23.261 DEBUG   :curobo                                  :Cache hit: curobo::kinematics::kinematics_forward_spheres_kernel<15, 32>
2026-09-12T21:35:23.262 DEBUG   :curobo                                  :Cache hit: curobo::geometry::self_collision::self_collision_max_distance_kernel<false>
2026-09-12T21:35:23.263 DEBUG   :curobo                                  :Cache hit: curobo::kinematics::kinematics_backward_kernel<float, float, 16, true, false, false>
2026-09-12T21:35:23.263 DEBUG   :curobo                                  :Cache hit: curobo::trajectory::bspline::bspline_backward_kernel<3, float, (curobo::trajectory::bspline::BasisBackend)2>
2026-09-12T21:35:23.263 DEBUG   :curobo                                  :Cache hit: curobo::optimization::line_search::kernel_line_search<float, 4>
2026-09-12T21:35:23.263 DEBUG   :curobo                                  :Cache hit: curobo::optimization::kernel_lbfgs_step_shared_memory<float, false, 27>
2026-09-12T21:35:23.264 DEBUG   :curobo                                  :Cache hit: curobo::trajectory::bspline::interpolate_bspline_kernel<float, 3, (curobo::trajectory::bspline::BasisBackend)2>
2026-09-12T21:35:23.264 DEBUG   :curobo                                  :Cache hit: curobo::kinematics::kinematics_forward_spheres_kernel<15, 32>
2026-09-12T21:35:23.264 DEBUG   :curobo                                  :Cache hit: curobo::geometry::self_collision::self_collision_max_distance_kernel<false>
2026-09-12T21:35:23.265 DEBUG   :curobo                                  :Cache hit: curobo::kinematics::kinematics_backward_kernel<float, float, 16, true, false, false>
2026-09-12T21:35:23.265 DEBUG   :curobo                                  :Cache hit: curobo::trajectory::bspline::bspline_backward_kernel<3, float, (curobo::trajectory::bspline::BasisBackend)2>
2026-09-12T21:35:23.266 DEBUG   :curobo                                  :Cache hit: curobo::optimization::line_search::kernel_line_search<float, 4>
2026-09-12T21:35:23.266 DEBUG   :curobo                                  :Cache hit: curobo::optimization::kernel_lbfgs_step_shared_memory<float, false, 27>
2026-09-12T21:35:23.266 DEBUG   :curobo                                  :Cache hit: curobo::trajectory::bspline::interpolate_bspline_kernel<float, 3, (curobo::trajectory::bspline::BasisBackend)2>
2026-09-12T21:35:23.266 DEBUG   :curobo                                  :Cache hit: curobo::kinematics::kinematics_forward_spheres_kernel<15, 32>
2026-09-12T21:35:23.267 DEBUG   :curobo                                  :Cache hit: curobo::geometry::self_collision::self_collision_max_distance_kernel<false>
2026-09-12T21:35:23.268 DEBUG   :curobo                                  :Cache hit: curobo::kinematics::kinematics_backward_kernel<float, float, 16, true, false, false>
2026-09-12T21:35:23.268 DEBUG   :curobo                                  :Cache hit: curobo::trajectory::bspline::bspline_backward_kernel<3, float, (curobo::trajectory::bspline::BasisBackend)2>
2026-09-12T21:35:23.269 DEBUG   :curobo                                  :Cache hit: curobo::optimization::line_search::kernel_line_search<float, 4>
2026-09-12T21:35:23.269 DEBUG   :curobo                                  :Cache hit: curobo::optimization::kernel_lbfgs_step_shared_memory<float, false, 27>
2026-09-12T21:35:23.269 DEBUG   :curobo                                  :Cache hit: curobo::trajectory::bspline::interpolate_bspline_kernel<float, 3, (curobo::trajectory::bspline::BasisBackend)2>
2026-09-12T21:35:23.270 DEBUG   :curobo                                  :Cache hit: curobo::kinematics::kinematics_forward_spheres_kernel<15, 32>
2026-09-12T21:35:23.271 DEBUG   :curobo                                  :Cache hit: curobo::geometry::self_collision::self_collision_max_distance_kernel<false>
2026-09-12T21:35:23.271 DEBUG   :curobo                                  :Cache hit: curobo::kinematics::kinematics_backward_kernel<float, float, 16, true, false, false>
2026-09-12T21:35:23.272 DEBUG   :curobo                                  :Cache hit: curobo::trajectory::bspline::bspline_backward_kernel<3, float, (curobo::trajectory::bspline::BasisBackend)2>
2026-09-12T21:35:23.272 DEBUG   :curobo                                  :Cache hit: curobo::optimization::line_search::kernel_line_search<float, 4>
2026-09-12T21:35:23.273 DEBUG   :curobo                                  :Cache hit: curobo::optimization::kernel_lbfgs_step_shared_memory<float, false, 27>
2026-09-12T21:35:23.273 DEBUG   :curobo                                  :Cache hit: curobo::trajectory::bspline::interpolate_bspline_kernel<float, 3, (curobo::trajectory::bspline::BasisBackend)2>
2026-09-12T21:35:23.273 DEBUG   :curobo                                  :Cache hit: curobo::kinematics::kinematics_forward_spheres_kernel<15, 32>
2026-09-12T21:35:23.275 DEBUG   :curobo                                  :Cache hit: curobo::geometry::self_collision::self_collision_max_distance_kernel<false>
2026-09-12T21:35:23.276 DEBUG   :curobo                                  :Cache hit: curobo::kinematics::kinematics_backward_kernel<float, float, 16, true, false, false>
2026-09-12T21:35:23.276 DEBUG   :curobo                                  :Cache hit: curobo::trajectory::bspline::bspline_backward_kernel<3, float, (curobo::trajectory::bspline::BasisBackend)2>
2026-09-12T21:35:23.276 DEBUG   :curobo                                  :Cache hit: curobo::optimization::line_search::kernel_line_search<float, 4>
2026-09-12T21:35:23.277 DEBUG   :curobo                                  :Cache hit: curobo::optimization::kernel_lbfgs_step_shared_memory<float, false, 27>
2026-09-12T21:35:23.277 DEBUG   :curobo                                  :Cache hit: curobo::trajectory::bspline::interpolate_bspline_kernel<float, 3, (curobo::trajectory::bspline::BasisBackend)2>
2026-09-12T21:35:23.277 DEBUG   :curobo                                  :Cache hit: curobo::kinematics::kinematics_forward_spheres_kernel<15, 32>
2026-09-12T21:35:23.278 DEBUG   :curobo                                  :Cache hit: curobo::geometry::self_collision::self_collision_max_distance_kernel<false>
2026-09-12T21:35:23.279 DEBUG   :curobo                                  :Cache hit: curobo::kinematics::kinematics_backward_kernel<float, float, 16, true, false, false>
2026-09-12T21:35:23.279 DEBUG   :curobo                                  :Cache hit: curobo::trajectory::bspline::bspline_backward_kernel<3, float, (curobo::trajectory::bspline::BasisBackend)2>
2026-09-12T21:35:23.280 DEBUG   :curobo                                  :Cache hit: curobo::optimization::line_search::kernel_line_search<float, 4>
2026-09-12T21:35:23.280 DEBUG   :curobo                                  :Cache hit: curobo::optimization::kernel_lbfgs_step_shared_memory<float, false, 27>
2026-09-12T21:35:23.280 DEBUG   :curobo                                  :Cache hit: curobo::trajectory::bspline::interpolate_bspline_kernel<float, 3, (curobo::trajectory::bspline::BasisBackend)2>
2026-09-12T21:35:23.281 DEBUG   :curobo                                  :Cache hit: curobo::kinematics::kinematics_forward_spheres_kernel<15, 32>
2026-09-12T21:35:23.282 DEBUG   :curobo                                  :Cache hit: curobo::geometry::self_collision::self_collision_max_distance_kernel<false>
2026-09-12T21:35:23.282 DEBUG   :curobo                                  :Cache hit: curobo::kinematics::kinematics_backward_kernel<float, float, 16, true, false, false>
2026-09-12T21:35:23.283 DEBUG   :curobo                                  :Cache hit: curobo::trajectory::bspline::bspline_backward_kernel<3, float, (curobo::trajectory::bspline::BasisBackend)2>
2026-09-12T21:35:23.283 DEBUG   :curobo                                  :Cache hit: curobo::optimization::line_search::kernel_line_search<float, 4>
2026-09-12T21:35:23.283 DEBUG   :curobo                                  :Cache hit: curobo::optimization::kernel_lbfgs_step_shared_memory<float, false, 27>
2026-09-12T21:35:23.283 DEBUG   :curobo                                  :Cache hit: curobo::trajectory::bspline::interpolate_bspline_kernel<float, 3, (curobo::trajectory::bspline::BasisBackend)2>
2026-09-12T21:35:23.284 DEBUG   :curobo                                  :Cache hit: curobo::kinematics::kinematics_forward_spheres_kernel<15, 32>
2026-09-12T21:35:23.285 DEBUG   :curobo                                  :Cache hit: curobo::geometry::self_collision::self_collision_max_distance_kernel<false>
2026-09-12T21:35:23.285 DEBUG   :curobo                                  :Cache hit: curobo::kinematics::kinematics_backward_kernel<float, float, 16, true, false, false>
2026-09-12T21:35:23.286 DEBUG   :curobo                                  :Cache hit: curobo::trajectory::bspline::bspline_backward_kernel<3, float, (curobo::trajectory::bspline::BasisBackend)2>
2026-09-12T21:35:23.286 DEBUG   :curobo                                  :Cache hit: curobo::optimization::line_search::kernel_line_search<float, 4>
2026-09-12T21:35:23.286 DEBUG   :curobo                                  :Cache hit: curobo::optimization::kernel_lbfgs_step_shared_memory<float, false, 27>
2026-09-12T21:35:23.286 DEBUG   :curobo                                  :Cache hit: curobo::trajectory::bspline::interpolate_bspline_kernel<float, 3, (curobo::trajectory::bspline::BasisBackend)2>
2026-09-12T21:35:23.287 DEBUG   :curobo                                  :Cache hit: curobo::kinematics::kinematics_forward_spheres_kernel<15, 32>
2026-09-12T21:35:23.288 DEBUG   :curobo                                  :Cache hit: curobo::geometry::self_collision::self_collision_max_distance_kernel<false>
2026-09-12T21:35:23.288 DEBUG   :curobo                                  :Cache hit: curobo::kinematics::kinematics_backward_kernel<float, float, 16, true, false, false>
2026-09-12T21:35:23.289 DEBUG   :curobo                                  :Cache hit: curobo::trajectory::bspline::bspline_backward_kernel<3, float, (curobo::trajectory::bspline::BasisBackend)2>
2026-09-12T21:35:23.289 DEBUG   :curobo                                  :Cache hit: curobo::optimization::line_search::kernel_line_search<float, 4>
2026-09-12T21:35:23.289 DEBUG   :curobo                                  :Cache hit: curobo::optimization::kernel_lbfgs_step_shared_memory<float, false, 27>
2026-09-12T21:35:23.289 DEBUG   :curobo                                  :Cache hit: curobo::trajectory::bspline::interpolate_bspline_kernel<float, 3, (curobo::trajectory::bspline::BasisBackend)2>
2026-09-12T21:35:23.290 DEBUG   :curobo                                  :Cache hit: curobo::kinematics::kinematics_forward_spheres_kernel<15, 32>
2026-09-12T21:35:23.291 DEBUG   :curobo                                  :Cache hit: curobo::geometry::self_collision::self_collision_max_distance_kernel<false>
2026-09-12T21:35:23.291 DEBUG   :curobo                                  :Cache hit: curobo::kinematics::kinematics_backward_kernel<float, float, 16, true, false, false>
2026-09-12T21:35:23.291 DEBUG   :curobo                                  :Cache hit: curobo::trajectory::bspline::bspline_backward_kernel<3, float, (curobo::trajectory::bspline::BasisBackend)2>
2026-09-12T21:35:23.292 DEBUG   :curobo                                  :Cache hit: curobo::optimization::line_search::kernel_line_search<float, 4>
2026-09-12T21:35:23.292 DEBUG   :curobo                                  :Cache hit: curobo::optimization::kernel_lbfgs_step_shared_memory<float, false, 27>
2026-09-12T21:35:23.292 DEBUG   :curobo                                  :Cache hit: curobo::trajectory::bspline::interpolate_bspline_kernel<float, 3, (curobo::trajectory::bspline::BasisBackend)2>
2026-09-12T21:35:23.292 DEBUG   :curobo                                  :Cache hit: curobo::kinematics::kinematics_forward_spheres_kernel<15, 32>
2026-09-12T21:35:23.293 DEBUG   :curobo                                  :Cache hit: curobo::geometry::self_collision::self_collision_max_distance_kernel<false>
2026-09-12T21:35:23.294 DEBUG   :curobo                                  :Cache hit: curobo::kinematics::kinematics_backward_kernel<float, float, 16, true, false, false>
2026-09-12T21:35:23.294 DEBUG   :curobo                                  :Cache hit: curobo::trajectory::bspline::bspline_backward_kernel<3, float, (curobo::trajectory::bspline::BasisBackend)2>
2026-09-12T21:35:23.295 DEBUG   :curobo                                  :Cache hit: curobo::optimization::line_search::kernel_line_search<float, 4>
2026-09-12T21:35:23.295 DEBUG   :curobo                                  :Cache hit: curobo::optimization::kernel_lbfgs_step_shared_memory<float, false, 27>
2026-09-12T21:35:23.296 DEBUG   :curobo                                  :Cache hit: curobo::trajectory::bspline::interpolate_bspline_kernel<float, 3, (curobo::trajectory::bspline::BasisBackend)2>
2026-09-12T21:35:23.296 DEBUG   :curobo                                  :Cache hit: curobo::kinematics::kinematics_forward_spheres_kernel<15, 32>
2026-09-12T21:35:23.297 DEBUG   :curobo                                  :Cache hit: curobo::geometry::self_collision::self_collision_max_distance_kernel<false>
2026-09-12T21:35:23.299 DEBUG   :curobo                                  :Cache hit: curobo::kinematics::kinematics_backward_kernel<float, float, 16, true, false, false>
2026-09-12T21:35:23.299 DEBUG   :curobo                                  :Cache hit: curobo::trajectory::bspline::bspline_backward_kernel<3, float, (curobo::trajectory::bspline::BasisBackend)2>
2026-09-12T21:35:23.299 DEBUG   :curobo                                  :Cache hit: curobo::optimization::line_search::kernel_line_search<float, 4>
2026-09-12T21:35:23.300 DEBUG   :curobo                                  :Cache hit: curobo::optimization::kernel_lbfgs_step_shared_memory<float, false, 27>
2026-09-12T21:35:23.300 DEBUG   :curobo                                  :Cache hit: curobo::trajectory::bspline::interpolate_bspline_kernel<float, 3, (curobo::trajectory::bspline::BasisBackend)2>
2026-09-12T21:35:23.301 DEBUG   :curobo                                  :Cache hit: curobo::kinematics::kinematics_forward_spheres_kernel<15, 32>
2026-09-12T21:35:23.302 DEBUG   :curobo                                  :Cache hit: curobo::geometry::self_collision::self_collision_max_distance_kernel<false>
2026-09-12T21:35:23.304 DEBUG   :curobo                                  :Cache hit: curobo::kinematics::kinematics_backward_kernel<float, float, 16, true, false, false>
2026-09-12T21:35:23.304 DEBUG   :curobo                                  :Cache hit: curobo::trajectory::bspline::bspline_backward_kernel<3, float, (curobo::trajectory::bspline::BasisBackend)2>
2026-09-12T21:35:23.304 DEBUG   :curobo                                  :Cache hit: curobo::optimization::line_search::kernel_line_search<float, 4>
2026-09-12T21:35:23.305 DEBUG   :curobo                                  :Cache hit: curobo::optimization::kernel_lbfgs_step_shared_memory<float, false, 27>
2026-09-12T21:35:23.305 DEBUG   :curobo                                  :Cache hit: curobo::trajectory::bspline::interpolate_bspline_kernel<float, 3, (curobo::trajectory::bspline::BasisBackend)2>
2026-09-12T21:35:23.306 DEBUG   :curobo                                  :Cache hit: curobo::kinematics::kinematics_forward_spheres_kernel<15, 32>
2026-09-12T21:35:23.307 DEBUG   :curobo                                  :Cache hit: curobo::geometry::self_collision::self_collision_max_distance_kernel<false>
2026-09-12T21:35:23.308 DEBUG   :curobo                                  :Cache hit: curobo::kinematics::kinematics_backward_kernel<float, float, 16, true, false, false>
2026-09-12T21:35:23.309 DEBUG   :curobo                                  :Cache hit: curobo::trajectory::bspline::bspline_backward_kernel<3, float, (curobo::trajectory::bspline::BasisBackend)2>
2026-09-12T21:35:23.309 DEBUG   :curobo                                  :Cache hit: curobo::optimization::line_search::kernel_line_search<float, 4>
2026-09-12T21:35:23.309 DEBUG   :curobo                                  :Cache hit: curobo::optimization::kernel_lbfgs_step_shared_memory<float, false, 27>
2026-09-12T21:35:23.310 DEBUG   :curobo                                  :Cache hit: curobo::trajectory::bspline::interpolate_bspline_kernel<float, 3, (curobo::trajectory::bspline::BasisBackend)2>
2026-09-12T21:35:23.310 DEBUG   :curobo                                  :Cache hit: curobo::kinematics::kinematics_forward_spheres_kernel<15, 32>
2026-09-12T21:35:23.312 DEBUG   :curobo                                  :Cache hit: curobo::geometry::self_collision::self_collision_max_distance_kernel<false>
2026-09-12T21:35:23.312 DEBUG   :curobo                                  :Cache hit: curobo::kinematics::kinematics_backward_kernel<float, float, 16, true, false, false>
2026-09-12T21:35:23.313 DEBUG   :curobo                                  :Cache hit: curobo::trajectory::bspline::bspline_backward_kernel<3, float, (curobo::trajectory::bspline::BasisBackend)2>
2026-09-12T21:35:23.313 DEBUG   :curobo                                  :Cache hit: curobo::optimization::line_search::kernel_line_search<float, 4>
2026-09-12T21:35:23.313 DEBUG   :curobo                                  :Cache hit: curobo::optimization::kernel_lbfgs_step_shared_memory<float, false, 27>
2026-09-12T21:35:23.314 DEBUG   :curobo                                  :Cache hit: curobo::trajectory::bspline::interpolate_bspline_kernel<float, 3, (curobo::trajectory::bspline::BasisBackend)2>
2026-09-12T21:35:23.314 DEBUG   :curobo                                  :Cache hit: curobo::kinematics::kinematics_forward_spheres_kernel<15, 32>
2026-09-12T21:35:23.315 DEBUG   :curobo                                  :Cache hit: curobo::geometry::self_collision::self_collision_max_distance_kernel<false>
2026-09-12T21:35:23.315 DEBUG   :curobo                                  :Cache hit: curobo::kinematics::kinematics_backward_kernel<float, float, 16, true, false, false>
2026-09-12T21:35:23.316 DEBUG   :curobo                                  :Cache hit: curobo::trajectory::bspline::bspline_backward_kernel<3, float, (curobo::trajectory::bspline::BasisBackend)2>
2026-09-12T21:35:23.316 DEBUG   :curobo                                  :Cache hit: curobo::optimization::line_search::kernel_line_search<float, 4>
2026-09-12T21:35:23.316 DEBUG   :curobo                                  :Cache hit: curobo::optimization::kernel_lbfgs_step_shared_memory<float, false, 27>
2026-09-12T21:35:23.316 DEBUG   :curobo                                  :Cache hit: curobo::trajectory::bspline::interpolate_bspline_kernel<float, 3, (curobo::trajectory::bspline::BasisBackend)2>
2026-09-12T21:35:23.316 DEBUG   :curobo                                  :Cache hit: curobo::kinematics::kinematics_forward_spheres_kernel<15, 32>
2026-09-12T21:35:23.317 DEBUG   :curobo                                  :Cache hit: curobo::geometry::self_collision::self_collision_max_distance_kernel<false>
2026-09-12T21:35:23.318 DEBUG   :curobo                                  :Cache hit: curobo::kinematics::kinematics_backward_kernel<float, float, 16, true, false, false>
2026-09-12T21:35:23.318 DEBUG   :curobo                                  :Cache hit: curobo::trajectory::bspline::bspline_backward_kernel<3, float, (curobo::trajectory::bspline::BasisBackend)2>
2026-09-12T21:35:23.318 DEBUG   :curobo                                  :Cache hit: curobo::optimization::line_search::kernel_line_search<float, 4>
2026-09-12T21:35:23.318 DEBUG   :curobo                                  :Cache hit: curobo::optimization::kernel_lbfgs_step_shared_memory<float, false, 27>
2026-09-12T21:35:23.319 DEBUG   :curobo                                  :Cache hit: curobo::trajectory::bspline::interpolate_bspline_kernel<float, 3, (curobo::trajectory::bspline::BasisBackend)2>
2026-09-12T21:35:23.319 DEBUG   :curobo                                  :Cache hit: curobo::kinematics::kinematics_forward_spheres_kernel<15, 32>
2026-09-12T21:35:23.320 DEBUG   :curobo                                  :Cache hit: curobo::geometry::self_collision::self_collision_max_distance_kernel<false>
2026-09-12T21:35:23.321 DEBUG   :curobo                                  :Cache hit: curobo::kinematics::kinematics_backward_kernel<float, float, 16, true, false, false>
2026-09-12T21:35:23.321 DEBUG   :curobo                                  :Cache hit: curobo::trajectory::bspline::bspline_backward_kernel<3, float, (curobo::trajectory::bspline::BasisBackend)2>
2026-09-12T21:35:23.321 DEBUG   :curobo                                  :Cache hit: curobo::optimization::line_search::kernel_line_search<float, 4>
2026-09-12T21:35:23.322 DEBUG   :curobo                                  :Cache hit: curobo::optimization::kernel_lbfgs_step_shared_memory<float, false, 27>
2026-09-12T21:35:23.322 DEBUG   :curobo                                  :Cache hit: curobo::trajectory::bspline::interpolate_bspline_kernel<float, 3, (curobo::trajectory::bspline::BasisBackend)2>
2026-09-12T21:35:23.322 DEBUG   :curobo                                  :Cache hit: curobo::kinematics::kinematics_forward_spheres_kernel<15, 32>
2026-09-12T21:35:23.323 DEBUG   :curobo                                  :Cache hit: curobo::geometry::self_collision::self_collision_max_distance_kernel<false>
2026-09-12T21:35:23.324 DEBUG   :curobo                                  :Cache hit: curobo::kinematics::kinematics_backward_kernel<float, float, 16, true, false, false>
2026-09-12T21:35:23.325 DEBUG   :curobo                                  :Cache hit: curobo::trajectory::bspline::bspline_backward_kernel<3, float, (curobo::trajectory::bspline::BasisBackend)2>
2026-09-12T21:35:23.325 DEBUG   :curobo                                  :Cache hit: curobo::optimization::line_search::kernel_line_search<float, 4>
2026-09-12T21:35:23.326 DEBUG   :curobo                                  :Cache hit: curobo::optimization::kernel_lbfgs_step_shared_memory<float, false, 27>
2026-09-12T21:35:23.326 DEBUG   :curobo                                  :Cache hit: curobo::trajectory::bspline::interpolate_bspline_kernel<float, 3, (curobo::trajectory::bspline::BasisBackend)2>
2026-09-12T21:35:23.327 DEBUG   :curobo                                  :Cache hit: curobo::kinematics::kinematics_forward_spheres_kernel<15, 32>
2026-09-12T21:35:23.328 DEBUG   :curobo                                  :Cache hit: curobo::geometry::self_collision::self_collision_max_distance_kernel<false>
2026-09-12T21:35:23.329 DEBUG   :curobo                                  :Cache hit: curobo::kinematics::kinematics_backward_kernel<float, float, 16, true, false, false>
2026-09-12T21:35:23.330 DEBUG   :curobo                                  :Cache hit: curobo::trajectory::bspline::bspline_backward_kernel<3, float, (curobo::trajectory::bspline::BasisBackend)2>
2026-09-12T21:35:23.330 DEBUG   :curobo                                  :Cache hit: curobo::optimization::line_search::kernel_line_search<float, 4>
2026-09-12T21:35:23.330 DEBUG   :curobo                                  :Cache hit: curobo::optimization::kernel_lbfgs_step_shared_memory<float, false, 27>
2026-09-12T21:35:23.331 DEBUG   :curobo                                  :Cache hit: curobo::trajectory::bspline::interpolate_bspline_kernel<float, 3, (curobo::trajectory::bspline::BasisBackend)2>
2026-09-12T21:35:23.331 DEBUG   :curobo                                  :Cache hit: curobo::kinematics::kinematics_forward_spheres_kernel<15, 32>
2026-09-12T21:35:23.333 DEBUG   :curobo                                  :Cache hit: curobo::geometry::self_collision::self_collision_max_distance_kernel<false>
2026-09-12T21:35:23.334 DEBUG   :curobo                                  :Cache hit: curobo::kinematics::kinematics_backward_kernel<float, float, 16, true, false, false>
2026-09-12T21:35:23.334 DEBUG   :curobo                                  :Cache hit: curobo::trajectory::bspline::bspline_backward_kernel<3, float, (curobo::trajectory::bspline::BasisBackend)2>
2026-09-12T21:35:23.335 DEBUG   :curobo                                  :Cache hit: curobo::optimization::line_search::kernel_line_search<float, 4>
2026-09-12T21:35:23.335 DEBUG   :curobo                                  :Cache hit: curobo::optimization::kernel_lbfgs_step_shared_memory<float, false, 27>
2026-09-12T21:35:23.335 DEBUG   :curobo                                  :Cache hit: curobo::trajectory::bspline::interpolate_bspline_kernel<float, 3, (curobo::trajectory::bspline::BasisBackend)2>
2026-09-12T21:35:23.336 DEBUG   :curobo                                  :Cache hit: curobo::kinematics::kinematics_forward_spheres_kernel<15, 32>
2026-09-12T21:35:23.337 DEBUG   :curobo                                  :Cache hit: curobo::geometry::self_collision::self_collision_max_distance_kernel<false>
2026-09-12T21:35:23.338 DEBUG   :curobo                                  :Cache hit: curobo::kinematics::kinematics_backward_kernel<float, float, 16, true, false, false>
2026-09-12T21:35:23.338 DEBUG   :curobo                                  :Cache hit: curobo::trajectory::bspline::bspline_backward_kernel<3, float, (curobo::trajectory::bspline::BasisBackend)2>
2026-09-12T21:35:23.339 DEBUG   :curobo                                  :Cache hit: curobo::optimization::line_search::kernel_line_search<float, 4>
2026-09-12T21:35:23.339 DEBUG   :curobo                                  :Cache hit: curobo::optimization::kernel_lbfgs_step_shared_memory<float, false, 27>
2026-09-12T21:35:23.340 DEBUG   :curobo                                  :Cache hit: curobo::trajectory::bspline::interpolate_bspline_kernel<float, 3, (curobo::trajectory::bspline::BasisBackend)2>
2026-09-12T21:35:23.340 DEBUG   :curobo                                  :Cache hit: curobo::kinematics::kinematics_forward_spheres_kernel<15, 32>
2026-09-12T21:35:23.342 DEBUG   :curobo                                  :Cache hit: curobo::geometry::self_collision::self_collision_max_distance_kernel<false>
2026-09-12T21:35:23.342 DEBUG   :curobo                                  :Cache hit: curobo::kinematics::kinematics_backward_kernel<float, float, 16, true, false, false>
2026-09-12T21:35:23.343 DEBUG   :curobo                                  :Cache hit: curobo::trajectory::bspline::bspline_backward_kernel<3, float, (curobo::trajectory::bspline::BasisBackend)2>
2026-09-12T21:35:23.343 DEBUG   :curobo                                  :Cache hit: curobo::optimization::line_search::kernel_line_search<float, 4>
2026-09-12T21:35:23.343 DEBUG   :curobo                                  :Cache hit: curobo::optimization::kernel_lbfgs_step_shared_memory<float, false, 27>
2026-09-12T21:35:23.344 DEBUG   :curobo                                  :Cache hit: curobo::trajectory::bspline::interpolate_bspline_kernel<float, 3, (curobo::trajectory::bspline::BasisBackend)2>
2026-09-12T21:35:23.344 DEBUG   :curobo                                  :Cache hit: curobo::kinematics::kinematics_forward_spheres_kernel<15, 32>
2026-09-12T21:35:23.345 DEBUG   :curobo                                  :Cache hit: curobo::geometry::self_collision::self_collision_max_distance_kernel<false>
2026-09-12T21:35:23.346 DEBUG   :curobo                                  :Cache hit: curobo::kinematics::kinematics_backward_kernel<float, float, 16, true, false, false>
2026-09-12T21:35:23.346 DEBUG   :curobo                                  :Cache hit: curobo::trajectory::bspline::bspline_backward_kernel<3, float, (curobo::trajectory::bspline::BasisBackend)2>
2026-09-12T21:35:23.346 DEBUG   :curobo                                  :Cache hit: curobo::optimization::line_search::kernel_line_search<float, 4>
2026-09-12T21:35:23.346 DEBUG   :curobo                                  :Cache hit: curobo::optimization::kernel_lbfgs_step_shared_memory<float, false, 27>
2026-09-12T21:35:23.347 DEBUG   :curobo                                  :Cache hit: curobo::trajectory::bspline::interpolate_bspline_kernel<float, 3, (curobo::trajectory::bspline::BasisBackend)2>
2026-09-12T21:35:23.347 DEBUG   :curobo                                  :Cache hit: curobo::kinematics::kinematics_forward_spheres_kernel<15, 32>
2026-09-12T21:35:23.348 DEBUG   :curobo                                  :Cache hit: curobo::geometry::self_collision::self_collision_max_distance_kernel<false>
2026-09-12T21:35:23.348 DEBUG   :curobo                                  :Cache hit: curobo::kinematics::kinematics_backward_kernel<float, float, 16, true, false, false>
2026-09-12T21:35:23.349 DEBUG   :curobo                                  :Cache hit: curobo::trajectory::bspline::bspline_backward_kernel<3, float, (curobo::trajectory::bspline::BasisBackend)2>
2026-09-12T21:35:23.349 DEBUG   :curobo                                  :Cache hit: curobo::optimization::line_search::kernel_line_search<float, 4>
2026-09-12T21:35:23.349 DEBUG   :curobo                                  :Cache hit: curobo::optimization::kernel_lbfgs_step_shared_memory<float, false, 27>
2026-09-12T21:35:23.350 DEBUG   :curobo                                  :Cache hit: curobo::trajectory::bspline::interpolate_bspline_kernel<float, 3, (curobo::trajectory::bspline::BasisBackend)2>
2026-09-12T21:35:23.351 DEBUG   :curobo                                  :Cache hit: curobo::kinematics::kinematics_forward_spheres_kernel<15, 32>
2026-09-12T21:35:23.352 DEBUG   :curobo                                  :Cache hit: curobo::geometry::self_collision::self_collision_max_distance_kernel<false>
2026-09-12T21:35:23.353 DEBUG   :curobo                                  :Cache hit: curobo::kinematics::kinematics_backward_kernel<float, float, 16, true, false, false>
2026-09-12T21:35:23.354 DEBUG   :curobo                                  :Cache hit: curobo::trajectory::bspline::bspline_backward_kernel<3, float, (curobo::trajectory::bspline::BasisBackend)2>
2026-09-12T21:35:23.354 DEBUG   :curobo                                  :Cache hit: curobo::optimization::line_search::kernel_line_search<float, 4>
2026-09-12T21:35:23.354 DEBUG   :curobo                                  :Cache hit: curobo::optimization::kernel_lbfgs_step_shared_memory<float, false, 27>
2026-09-12T21:35:23.355 DEBUG   :curobo                                  :Cache hit: curobo::trajectory::bspline::interpolate_bspline_kernel<float, 3, (curobo::trajectory::bspline::BasisBackend)2>
2026-09-12T21:35:23.355 DEBUG   :curobo                                  :Cache hit: curobo::kinematics::kinematics_forward_spheres_kernel<15, 32>
2026-09-12T21:35:23.357 DEBUG   :curobo                                  :Cache hit: curobo::geometry::self_collision::self_collision_max_distance_kernel<false>
2026-09-12T21:35:23.358 DEBUG   :curobo                                  :Cache hit: curobo::kinematics::kinematics_backward_kernel<float, float, 16, true, false, false>
2026-09-12T21:35:23.358 DEBUG   :curobo                                  :Cache hit: curobo::trajectory::bspline::bspline_backward_kernel<3, float, (curobo::trajectory::bspline::BasisBackend)2>
2026-09-12T21:35:23.358 DEBUG   :curobo                                  :Cache hit: curobo::optimization::line_search::kernel_line_search<float, 4>
2026-09-12T21:35:23.359 DEBUG   :curobo                                  :Cache hit: curobo::optimization::kernel_lbfgs_step_shared_memory<float, false, 27>
2026-09-12T21:35:23.359 DEBUG   :curobo                                  :Cache hit: curobo::trajectory::bspline::interpolate_bspline_kernel<float, 3, (curobo::trajectory::bspline::BasisBackend)2>
2026-09-12T21:35:23.359 DEBUG   :curobo                                  :Cache hit: curobo::kinematics::kinematics_forward_spheres_kernel<15, 32>
2026-09-12T21:35:23.361 DEBUG   :curobo                                  :Cache hit: curobo::geometry::self_collision::self_collision_max_distance_kernel<false>
2026-09-12T21:35:23.361 DEBUG   :curobo                                  :Cache hit: curobo::kinematics::kinematics_backward_kernel<float, float, 16, true, false, false>
2026-09-12T21:35:23.362 DEBUG   :curobo                                  :Cache hit: curobo::trajectory::bspline::bspline_backward_kernel<3, float, (curobo::trajectory::bspline::BasisBackend)2>
2026-09-12T21:35:23.362 DEBUG   :curobo                                  :Cache hit: curobo::optimization::line_search::kernel_line_search<float, 4>
2026-09-12T21:35:23.362 DEBUG   :curobo                                  :Cache hit: curobo::optimization::kernel_lbfgs_step_shared_memory<float, false, 27>
2026-09-12T21:35:23.362 DEBUG   :curobo                                  :Cache hit: curobo::trajectory::bspline::interpolate_bspline_kernel<float, 3, (curobo::trajectory::bspline::BasisBackend)2>
2026-09-12T21:35:23.363 DEBUG   :curobo                                  :Cache hit: curobo::kinematics::kinematics_forward_spheres_kernel<15, 32>
2026-09-12T21:35:23.364 DEBUG   :curobo                                  :Cache hit: curobo::geometry::self_collision::self_collision_max_distance_kernel<false>
2026-09-12T21:35:23.365 DEBUG   :curobo                                  :Cache hit: curobo::kinematics::kinematics_backward_kernel<float, float, 16, true, false, false>
2026-09-12T21:35:23.365 DEBUG   :curobo                                  :Cache hit: curobo::trajectory::bspline::bspline_backward_kernel<3, float, (curobo::trajectory::bspline::BasisBackend)2>
2026-09-12T21:35:23.365 DEBUG   :curobo                                  :Cache hit: curobo::optimization::line_search::kernel_line_search<float, 4>
2026-09-12T21:35:23.365 DEBUG   :curobo                                  :Cache hit: curobo::optimization::kernel_lbfgs_step_shared_memory<float, false, 27>
2026-09-12T21:35:23.366 DEBUG   :curobo                                  :Cache hit: curobo::trajectory::bspline::interpolate_bspline_kernel<float, 3, (curobo::trajectory::bspline::BasisBackend)2>
2026-09-12T21:35:23.366 DEBUG   :curobo                                  :Cache hit: curobo::kinematics::kinematics_forward_spheres_kernel<15, 32>
2026-09-12T21:35:23.367 DEBUG   :curobo                                  :Cache hit: curobo::geometry::self_collision::self_collision_max_distance_kernel<false>
2026-09-12T21:35:23.367 DEBUG   :curobo                                  :Cache hit: curobo::kinematics::kinematics_backward_kernel<float, float, 16, true, false, false>
2026-09-12T21:35:23.368 DEBUG   :curobo                                  :Cache hit: curobo::trajectory::bspline::bspline_backward_kernel<3, float, (curobo::trajectory::bspline::BasisBackend)2>
2026-09-12T21:35:23.368 DEBUG   :curobo                                  :Cache hit: curobo::optimization::line_search::kernel_line_search<float, 4>
2026-09-12T21:35:23.368 DEBUG   :curobo                                  :Cache hit: curobo::optimization::kernel_lbfgs_step_shared_memory<float, false, 27>
2026-09-12T21:35:23.369 DEBUG   :curobo                                  :Cache hit: curobo::trajectory::bspline::interpolate_bspline_kernel<float, 3, (curobo::trajectory::bspline::BasisBackend)2>
2026-09-12T21:35:23.369 DEBUG   :curobo                                  :Cache hit: curobo::kinematics::kinematics_forward_spheres_kernel<15, 32>
2026-09-12T21:35:23.369 DEBUG   :curobo                                  :Cache hit: curobo::geometry::self_collision::self_collision_max_distance_kernel<false>
2026-09-12T21:35:23.370 DEBUG   :curobo                                  :Cache hit: curobo::kinematics::kinematics_backward_kernel<float, float, 16, true, false, false>
2026-09-12T21:35:23.370 DEBUG   :curobo                                  :Cache hit: curobo::trajectory::bspline::bspline_backward_kernel<3, float, (curobo::trajectory::bspline::BasisBackend)2>
2026-09-12T21:35:23.371 DEBUG   :curobo                                  :Cache hit: curobo::optimization::line_search::kernel_line_search<float, 4>
2026-09-12T21:35:23.371 DEBUG   :curobo                                  :Cache hit: curobo::optimization::kernel_lbfgs_step_shared_memory<float, false, 27>
2026-09-12T21:35:23.371 DEBUG   :curobo                                  :Cache hit: curobo::trajectory::bspline::interpolate_bspline_kernel<float, 3, (curobo::trajectory::bspline::BasisBackend)2>
2026-09-12T21:35:23.371 DEBUG   :curobo                                  :Cache hit: curobo::kinematics::kinematics_forward_spheres_kernel<15, 32>
2026-09-12T21:35:23.372 DEBUG   :curobo                                  :Cache hit: curobo::geometry::self_collision::self_collision_max_distance_kernel<false>
2026-09-12T21:35:23.373 DEBUG   :curobo                                  :Cache hit: curobo::kinematics::kinematics_backward_kernel<float, float, 16, true, false, false>
2026-09-12T21:35:23.373 DEBUG   :curobo                                  :Cache hit: curobo::trajectory::bspline::bspline_backward_kernel<3, float, (curobo::trajectory::bspline::BasisBackend)2>
2026-09-12T21:35:23.373 DEBUG   :curobo                                  :Cache hit: curobo::optimization::line_search::kernel_line_search<float, 4>
2026-09-12T21:35:23.374 DEBUG   :curobo                                  :Cache hit: curobo::optimization::kernel_lbfgs_step_shared_memory<float, false, 27>
2026-09-12T21:35:23.374 DEBUG   :curobo                                  :Cache hit: curobo::trajectory::bspline::interpolate_bspline_kernel<float, 3, (curobo::trajectory::bspline::BasisBackend)2>
2026-09-12T21:35:23.374 DEBUG   :curobo                                  :Cache hit: curobo::kinematics::kinematics_forward_spheres_kernel<15, 32>
2026-09-12T21:35:23.375 DEBUG   :curobo                                  :Cache hit: curobo::geometry::self_collision::self_collision_max_distance_kernel<false>
2026-09-12T21:35:23.376 DEBUG   :curobo                                  :Cache hit: curobo::kinematics::kinematics_backward_kernel<float, float, 16, true, false, false>
2026-09-12T21:35:23.377 DEBUG   :curobo                                  :Cache hit: curobo::trajectory::bspline::bspline_backward_kernel<3, float, (curobo::trajectory::bspline::BasisBackend)2>
2026-09-12T21:35:23.377 DEBUG   :curobo                                  :Cache hit: curobo::optimization::line_search::kernel_line_search<float, 4>
2026-09-12T21:35:23.377 DEBUG   :curobo                                  :Cache hit: curobo::optimization::kernel_lbfgs_step_shared_memory<float, false, 27>
2026-09-12T21:35:23.378 DEBUG   :curobo                                  :Cache hit: curobo::trajectory::bspline::interpolate_bspline_kernel<float, 3, (curobo::trajectory::bspline::BasisBackend)2>
2026-09-12T21:35:23.378 DEBUG   :curobo                                  :Cache hit: curobo::kinematics::kinematics_forward_spheres_kernel<15, 32>
2026-09-12T21:35:23.379 DEBUG   :curobo                                  :Cache hit: curobo::geometry::self_collision::self_collision_max_distance_kernel<false>
2026-09-12T21:35:23.380 DEBUG   :curobo                                  :Cache hit: curobo::kinematics::kinematics_backward_kernel<float, float, 16, true, false, false>
2026-09-12T21:35:23.380 DEBUG   :curobo                                  :Cache hit: curobo::trajectory::bspline::bspline_backward_kernel<3, float, (curobo::trajectory::bspline::BasisBackend)2>
2026-09-12T21:35:23.380 DEBUG   :curobo                                  :Cache hit: curobo::optimization::line_search::kernel_line_search<float, 4>
2026-09-12T21:35:23.380 DEBUG   :curobo                                  :Cache hit: curobo::optimization::kernel_lbfgs_step_shared_memory<float, false, 27>
2026-09-12T21:35:23.381 DEBUG   :curobo                                  :Cache hit: curobo::trajectory::bspline::interpolate_bspline_kernel<float, 3, (curobo::trajectory::bspline::BasisBackend)2>
2026-09-12T21:35:23.381 DEBUG   :curobo                                  :Cache hit: curobo::kinematics::kinematics_forward_spheres_kernel<15, 32>
2026-09-12T21:35:23.382 DEBUG   :curobo                                  :Cache hit: curobo::geometry::self_collision::self_collision_max_distance_kernel<false>
2026-09-12T21:35:23.383 DEBUG   :curobo                                  :Cache hit: curobo::kinematics::kinematics_backward_kernel<float, float, 16, true, false, false>
2026-09-12T21:35:23.383 DEBUG   :curobo                                  :Cache hit: curobo::trajectory::bspline::bspline_backward_kernel<3, float, (curobo::trajectory::bspline::BasisBackend)2>
2026-09-12T21:35:23.383 DEBUG   :curobo                                  :Cache hit: curobo::optimization::line_search::kernel_line_search<float, 4>
2026-09-12T21:35:23.383 DEBUG   :curobo                                  :Cache hit: curobo::optimization::kernel_lbfgs_step_shared_memory<float, false, 27>
2026-09-12T21:35:23.384 DEBUG   :curobo                                  :Cache hit: curobo::trajectory::bspline::interpolate_bspline_kernel<float, 3, (curobo::trajectory::bspline::BasisBackend)2>
2026-09-12T21:35:23.384 DEBUG   :curobo                                  :Cache hit: curobo::kinematics::kinematics_forward_spheres_kernel<15, 32>
2026-09-12T21:35:23.385 DEBUG   :curobo                                  :Cache hit: curobo::geometry::self_collision::self_collision_max_distance_kernel<false>
2026-09-12T21:35:23.386 DEBUG   :curobo                                  :Cache hit: curobo::kinematics::kinematics_backward_kernel<float, float, 16, true, false, false>
2026-09-12T21:35:23.386 DEBUG   :curobo                                  :Cache hit: curobo::trajectory::bspline::bspline_backward_kernel<3, float, (curobo::trajectory::bspline::BasisBackend)2>
2026-09-12T21:35:23.386 DEBUG   :curobo                                  :Cache hit: curobo::optimization::line_search::kernel_line_search<float, 4>
2026-09-12T21:35:23.386 DEBUG   :curobo                                  :Cache hit: curobo::optimization::kernel_lbfgs_step_shared_memory<float, false, 27>
2026-09-12T21:35:23.387 DEBUG   :curobo                                  :Cache hit: curobo::trajectory::bspline::interpolate_bspline_kernel<float, 3, (curobo::trajectory::bspline::BasisBackend)2>
2026-09-12T21:35:23.387 DEBUG   :curobo                                  :Cache hit: curobo::kinematics::kinematics_forward_spheres_kernel<15, 32>
2026-09-12T21:35:23.388 DEBUG   :curobo                                  :Cache hit: curobo::geometry::self_collision::self_collision_max_distance_kernel<false>
2026-09-12T21:35:23.389 DEBUG   :curobo                                  :Cache hit: curobo::kinematics::kinematics_backward_kernel<float, float, 16, true, false, false>
2026-09-12T21:35:23.389 DEBUG   :curobo                                  :Cache hit: curobo::trajectory::bspline::bspline_backward_kernel<3, float, (curobo::trajectory::bspline::BasisBackend)2>
2026-09-12T21:35:23.389 DEBUG   :curobo                                  :Cache hit: curobo::optimization::line_search::kernel_line_search<float, 4>
2026-09-12T21:35:23.389 DEBUG   :curobo                                  :Cache hit: curobo::optimization::kernel_lbfgs_step_shared_memory<float, false, 27>
2026-09-12T21:35:23.390 DEBUG   :curobo                                  :Cache hit: curobo::trajectory::bspline::interpolate_bspline_kernel<float, 3, (curobo::trajectory::bspline::BasisBackend)2>
2026-09-12T21:35:23.390 DEBUG   :curobo                                  :Cache hit: curobo::kinematics::kinematics_forward_spheres_kernel<15, 32>
2026-09-12T21:35:23.391 DEBUG   :curobo                                  :Cache hit: curobo::geometry::self_collision::self_collision_max_distance_kernel<false>
2026-09-12T21:35:23.392 DEBUG   :curobo                                  :Cache hit: curobo::kinematics::kinematics_backward_kernel<float, float, 16, true, false, false>
2026-09-12T21:35:23.392 DEBUG   :curobo                                  :Cache hit: curobo::trajectory::bspline::bspline_backward_kernel<3, float, (curobo::trajectory::bspline::BasisBackend)2>
2026-09-12T21:35:23.392 DEBUG   :curobo                                  :Cache hit: curobo::optimization::line_search::kernel_line_search<float, 4>
2026-09-12T21:35:23.392 DEBUG   :curobo                                  :Cache hit: curobo::optimization::kernel_lbfgs_step_shared_memory<float, false, 27>
2026-09-12T21:35:23.393 DEBUG   :curobo                                  :Cache hit: curobo::trajectory::bspline::interpolate_bspline_kernel<float, 3, (curobo::trajectory::bspline::BasisBackend)2>
2026-09-12T21:35:23.393 DEBUG   :curobo                                  :Cache hit: curobo::kinematics::kinematics_forward_spheres_kernel<15, 32>
2026-09-12T21:35:23.394 DEBUG   :curobo                                  :Cache hit: curobo::geometry::self_collision::self_collision_max_distance_kernel<false>
2026-09-12T21:35:23.395 DEBUG   :curobo                                  :Cache hit: curobo::kinematics::kinematics_backward_kernel<float, float, 16, true, false, false>
2026-09-12T21:35:23.395 DEBUG   :curobo                                  :Cache hit: curobo::trajectory::bspline::bspline_backward_kernel<3, float, (curobo::trajectory::bspline::BasisBackend)2>
2026-09-12T21:35:23.395 DEBUG   :curobo                                  :Cache hit: curobo::optimization::line_search::kernel_line_search<float, 4>
2026-09-12T21:35:23.395 DEBUG   :curobo                                  :Cache hit: curobo::optimization::kernel_lbfgs_step_shared_memory<float, false, 27>
2026-09-12T21:35:23.396 DEBUG   :curobo                                  :Cache hit: curobo::trajectory::bspline::interpolate_bspline_kernel<float, 3, (curobo::trajectory::bspline::BasisBackend)2>
2026-09-12T21:35:23.396 DEBUG   :curobo                                  :Cache hit: curobo::kinematics::kinematics_forward_spheres_kernel<15, 32>
2026-09-12T21:35:23.396 DEBUG   :curobo                                  :Cache hit: curobo::geometry::self_collision::self_collision_max_distance_kernel<false>
2026-09-12T21:35:23.397 DEBUG   :curobo                                  :Cache hit: curobo::kinematics::kinematics_backward_kernel<float, float, 16, true, false, false>
2026-09-12T21:35:23.397 DEBUG   :curobo                                  :Cache hit: curobo::trajectory::bspline::bspline_backward_kernel<3, float, (curobo::trajectory::bspline::BasisBackend)2>
2026-09-12T21:35:23.398 DEBUG   :curobo                                  :Cache hit: curobo::optimization::line_search::kernel_line_search<float, 4>
2026-09-12T21:35:23.398 DEBUG   :curobo                                  :Cache hit: curobo::optimization::kernel_lbfgs_step_shared_memory<float, false, 27>
2026-09-12T21:35:23.398 DEBUG   :curobo                                  :Cache hit: curobo::trajectory::bspline::interpolate_bspline_kernel<float, 3, (curobo::trajectory::bspline::BasisBackend)2>
2026-09-12T21:35:23.399 DEBUG   :curobo                                  :Cache hit: curobo::kinematics::kinematics_forward_spheres_kernel<15, 32>
2026-09-12T21:35:23.399 DEBUG   :curobo                                  :Cache hit: curobo::geometry::self_collision::self_collision_max_distance_kernel<false>
2026-09-12T21:35:23.400 DEBUG   :curobo                                  :Cache hit: curobo::kinematics::kinematics_backward_kernel<float, float, 16, true, false, false>
2026-09-12T21:35:23.400 DEBUG   :curobo                                  :Cache hit: curobo::trajectory::bspline::bspline_backward_kernel<3, float, (curobo::trajectory::bspline::BasisBackend)2>
2026-09-12T21:35:23.401 DEBUG   :curobo                                  :Cache hit: curobo::optimization::line_search::kernel_line_search<float, 4>
2026-09-12T21:35:23.401 DEBUG   :curobo                                  :Cache hit: curobo::optimization::kernel_lbfgs_step_shared_memory<float, false, 27>
2026-09-12T21:35:23.401 DEBUG   :curobo                                  :Cache hit: curobo::trajectory::bspline::interpolate_bspline_kernel<float, 3, (curobo::trajectory::bspline::BasisBackend)2>
2026-09-12T21:35:23.401 DEBUG   :curobo                                  :Cache hit: curobo::kinematics::kinematics_forward_spheres_kernel<15, 32>
2026-09-12T21:35:23.402 DEBUG   :curobo                                  :Cache hit: curobo::geometry::self_collision::self_collision_max_distance_kernel<false>
2026-09-12T21:35:23.403 DEBUG   :curobo                                  :Cache hit: curobo::kinematics::kinematics_backward_kernel<float, float, 16, true, false, false>
2026-09-12T21:35:23.403 DEBUG   :curobo                                  :Cache hit: curobo::trajectory::bspline::bspline_backward_kernel<3, float, (curobo::trajectory::bspline::BasisBackend)2>
2026-09-12T21:35:23.404 DEBUG   :curobo                                  :Cache hit: curobo::optimization::line_search::kernel_line_search<float, 4>
2026-09-12T21:35:23.404 DEBUG   :curobo                                  :Cache hit: curobo::optimization::kernel_lbfgs_step_shared_memory<float, false, 27>
2026-09-12T21:35:23.404 DEBUG   :curobo                                  :Cache hit: curobo::trajectory::bspline::interpolate_bspline_kernel<float, 3, (curobo::trajectory::bspline::BasisBackend)2>
2026-09-12T21:35:23.405 DEBUG   :curobo                                  :Cache hit: curobo::kinematics::kinematics_forward_spheres_kernel<15, 32>
2026-09-12T21:35:23.406 DEBUG   :curobo                                  :Cache hit: curobo::geometry::self_collision::self_collision_max_distance_kernel<false>
2026-09-12T21:35:23.406 DEBUG   :curobo                                  :Cache hit: curobo::kinematics::kinematics_backward_kernel<float, float, 16, true, false, false>
2026-09-12T21:35:23.407 DEBUG   :curobo                                  :Cache hit: curobo::trajectory::bspline::bspline_backward_kernel<3, float, (curobo::trajectory::bspline::BasisBackend)2>
2026-09-12T21:35:23.407 DEBUG   :curobo                                  :Cache hit: curobo::optimization::line_search::kernel_line_search<float, 4>
2026-09-12T21:35:23.407 DEBUG   :curobo                                  :Cache hit: curobo::optimization::kernel_lbfgs_step_shared_memory<float, false, 27>
2026-09-12T21:35:23.407 DEBUG   :curobo                                  :Cache hit: curobo::trajectory::bspline::interpolate_bspline_kernel<float, 3, (curobo::trajectory::bspline::BasisBackend)2>
2026-09-12T21:35:23.408 DEBUG   :curobo                                  :Cache hit: curobo::kinematics::kinematics_forward_spheres_kernel<15, 32>
2026-09-12T21:35:23.409 DEBUG   :curobo                                  :Cache hit: curobo::geometry::self_collision::self_collision_max_distance_kernel<false>
2026-09-12T21:35:23.410 DEBUG   :curobo                                  :Cache hit: curobo::kinematics::kinematics_backward_kernel<float, float, 16, true, false, false>
2026-09-12T21:35:23.410 DEBUG   :curobo                                  :Cache hit: curobo::trajectory::bspline::bspline_backward_kernel<3, float, (curobo::trajectory::bspline::BasisBackend)2>
2026-09-12T21:35:23.410 DEBUG   :curobo                                  :Cache hit: curobo::optimization::line_search::kernel_line_search<float, 4>
2026-09-12T21:35:23.411 DEBUG   :curobo                                  :Cache hit: curobo::optimization::kernel_lbfgs_step_shared_memory<float, false, 27>
2026-09-12T21:35:23.411 DEBUG   :curobo                                  :Cache hit: curobo::trajectory::bspline::interpolate_bspline_kernel<float, 3, (curobo::trajectory::bspline::BasisBackend)2>
2026-09-12T21:35:23.411 DEBUG   :curobo                                  :Cache hit: curobo::kinematics::kinematics_forward_spheres_kernel<15, 32>
2026-09-12T21:35:23.412 DEBUG   :curobo                                  :Cache hit: curobo::geometry::self_collision::self_collision_max_distance_kernel<false>
2026-09-12T21:35:23.413 DEBUG   :curobo                                  :Cache hit: curobo::kinematics::kinematics_backward_kernel<float, float, 16, true, false, false>
2026-09-12T21:35:23.413 DEBUG   :curobo                                  :Cache hit: curobo::trajectory::bspline::bspline_backward_kernel<3, float, (curobo::trajectory::bspline::BasisBackend)2>
2026-09-12T21:35:23.414 DEBUG   :curobo                                  :Cache hit: curobo::optimization::line_search::kernel_line_search<float, 4>
2026-09-12T21:35:23.414 DEBUG   :curobo                                  :Cache hit: curobo::optimization::kernel_lbfgs_step_shared_memory<float, false, 27>
2026-09-12T21:35:23.415 DEBUG   :curobo                                  :Cache hit: curobo::trajectory::bspline::interpolate_bspline_kernel<float, 3, (curobo::trajectory::bspline::BasisBackend)2>
2026-09-12T21:35:23.415 DEBUG   :curobo                                  :Cache hit: curobo::kinematics::kinematics_forward_spheres_kernel<15, 32>
2026-09-12T21:35:23.416 DEBUG   :curobo                                  :Cache hit: curobo::geometry::self_collision::self_collision_max_distance_kernel<false>
2026-09-12T21:35:23.417 DEBUG   :curobo                                  :Cache hit: curobo::kinematics::kinematics_backward_kernel<float, float, 16, true, false, false>
2026-09-12T21:35:23.417 DEBUG   :curobo                                  :Cache hit: curobo::trajectory::bspline::bspline_backward_kernel<3, float, (curobo::trajectory::bspline::BasisBackend)2>
2026-09-12T21:35:23.418 DEBUG   :curobo                                  :Cache hit: curobo::optimization::line_search::kernel_line_search<float, 4>
2026-09-12T21:35:23.418 DEBUG   :curobo                                  :Cache hit: curobo::optimization::kernel_lbfgs_step_shared_memory<float, false, 27>
2026-09-12T21:35:23.419 DEBUG   :curobo                                  :Cache hit: curobo::trajectory::bspline::interpolate_bspline_kernel<float, 3, (curobo::trajectory::bspline::BasisBackend)2>
2026-09-12T21:35:23.419 DEBUG   :curobo                                  :Cache hit: curobo::kinematics::kinematics_forward_spheres_kernel<15, 32>
2026-09-12T21:35:23.420 DEBUG   :curobo                                  :Cache hit: curobo::geometry::self_collision::self_collision_max_distance_kernel<false>
2026-09-12T21:35:23.421 DEBUG   :curobo                                  :Cache hit: curobo::kinematics::kinematics_backward_kernel<float, float, 16, true, false, false>
2026-09-12T21:35:23.422 DEBUG   :curobo                                  :Cache hit: curobo::trajectory::bspline::bspline_backward_kernel<3, float, (curobo::trajectory::bspline::BasisBackend)2>
2026-09-12T21:35:23.422 DEBUG   :curobo                                  :Cache hit: curobo::optimization::line_search::kernel_line_search<float, 4>
2026-09-12T21:35:23.422 DEBUG   :curobo                                  :Cache hit: curobo::optimization::kernel_lbfgs_step_shared_memory<float, false, 27>
2026-09-12T21:35:23.423 DEBUG   :curobo                                  :Cache hit: curobo::trajectory::bspline::interpolate_bspline_kernel<float, 3, (curobo::trajectory::bspline::BasisBackend)2>
2026-09-12T21:35:23.423 DEBUG   :curobo                                  :Cache hit: curobo::kinematics::kinematics_forward_spheres_kernel<15, 32>
2026-09-12T21:35:23.425 DEBUG   :curobo                                  :Cache hit: curobo::geometry::self_collision::self_collision_max_distance_kernel<false>
2026-09-12T21:35:23.426 DEBUG   :curobo                                  :Cache hit: curobo::kinematics::kinematics_backward_kernel<float, float, 16, true, false, false>
2026-09-12T21:35:23.427 DEBUG   :curobo                                  :Cache hit: curobo::trajectory::bspline::bspline_backward_kernel<3, float, (curobo::trajectory::bspline::BasisBackend)2>
2026-09-12T21:35:23.427 DEBUG   :curobo                                  :Cache hit: curobo::optimization::line_search::kernel_line_search<float, 4>
2026-09-12T21:35:23.428 DEBUG   :curobo                                  :Cache hit: curobo::optimization::kernel_lbfgs_step_shared_memory<float, false, 27>
2026-09-12T21:35:23.428 DEBUG   :curobo                                  :Cache hit: curobo::trajectory::bspline::interpolate_bspline_kernel<float, 3, (curobo::trajectory::bspline::BasisBackend)2>
2026-09-12T21:35:23.429 DEBUG   :curobo                                  :Cache hit: curobo::kinematics::kinematics_forward_spheres_kernel<15, 32>
2026-09-12T21:35:23.430 DEBUG   :curobo                                  :Cache hit: curobo::geometry::self_collision::self_collision_max_distance_kernel<false>
2026-09-12T21:35:23.431 DEBUG   :curobo                                  :Cache hit: curobo::kinematics::kinematics_backward_kernel<float, float, 16, true, false, false>
2026-09-12T21:35:23.432 DEBUG   :curobo                                  :Cache hit: curobo::trajectory::bspline::bspline_backward_kernel<3, float, (curobo::trajectory::bspline::BasisBackend)2>
2026-09-12T21:35:23.432 DEBUG   :curobo                                  :Cache hit: curobo::optimization::line_search::kernel_line_search<float, 4>
2026-09-12T21:35:23.433 DEBUG   :curobo                                  :Cache hit: curobo::optimization::kernel_lbfgs_step_shared_memory<float, false, 27>
2026-09-12T21:35:23.433 DEBUG   :curobo                                  :Cache hit: curobo::trajectory::bspline::interpolate_bspline_kernel<float, 3, (curobo::trajectory::bspline::BasisBackend)2>
2026-09-12T21:35:23.434 DEBUG   :curobo                                  :Cache hit: curobo::kinematics::kinematics_forward_spheres_kernel<15, 32>
2026-09-12T21:35:23.435 DEBUG   :curobo                                  :Cache hit: curobo::geometry::self_collision::self_collision_max_distance_kernel<false>
2026-09-12T21:35:23.437 DEBUG   :curobo                                  :Cache hit: curobo::kinematics::kinematics_backward_kernel<float, float, 16, true, false, false>
2026-09-12T21:35:23.437 DEBUG   :curobo                                  :Cache hit: curobo::trajectory::bspline::bspline_backward_kernel<3, float, (curobo::trajectory::bspline::BasisBackend)2>
2026-09-12T21:35:23.438 DEBUG   :curobo                                  :Cache hit: curobo::optimization::line_search::kernel_line_search<float, 4>
2026-09-12T21:35:23.438 DEBUG   :curobo                                  :Cache hit: curobo::optimization::kernel_lbfgs_step_shared_memory<float, false, 27>
2026-09-12T21:35:23.439 DEBUG   :curobo                                  :Cache hit: curobo::trajectory::bspline::interpolate_bspline_kernel<float, 3, (curobo::trajectory::bspline::BasisBackend)2>
2026-09-12T21:35:23.439 DEBUG   :curobo                                  :Cache hit: curobo::kinematics::kinematics_forward_spheres_kernel<15, 32>
2026-09-12T21:35:23.440 DEBUG   :curobo                                  :Cache hit: curobo::geometry::self_collision::self_collision_max_distance_kernel<false>
2026-09-12T21:35:23.442 DEBUG   :curobo                                  :Cache hit: curobo::kinematics::kinematics_backward_kernel<float, float, 16, true, false, false>
2026-09-12T21:35:23.442 DEBUG   :curobo                                  :Cache hit: curobo::trajectory::bspline::bspline_backward_kernel<3, float, (curobo::trajectory::bspline::BasisBackend)2>
2026-09-12T21:35:23.442 DEBUG   :curobo                                  :Cache hit: curobo::optimization::line_search::kernel_line_search<float, 4>
2026-09-12T21:35:23.443 DEBUG   :curobo                                  :Cache hit: curobo::optimization::kernel_lbfgs_step_shared_memory<float, false, 27>
2026-09-12T21:35:23.443 DEBUG   :curobo                                  :Cache hit: curobo::trajectory::bspline::interpolate_bspline_kernel<float, 3, (curobo::trajectory::bspline::BasisBackend)2>
2026-09-12T21:35:23.443 DEBUG   :curobo                                  :Cache hit: curobo::kinematics::kinematics_forward_spheres_kernel<15, 32>
2026-09-12T21:35:23.445 DEBUG   :curobo                                  :Cache hit: curobo::geometry::self_collision::self_collision_max_distance_kernel<false>
2026-09-12T21:35:23.446 DEBUG   :curobo                                  :Cache hit: curobo::kinematics::kinematics_backward_kernel<float, float, 16, true, false, false>
2026-09-12T21:35:23.446 DEBUG   :curobo                                  :Cache hit: curobo::trajectory::bspline::bspline_backward_kernel<3, float, (curobo::trajectory::bspline::BasisBackend)2>
2026-09-12T21:35:23.447 DEBUG   :curobo                                  :Cache hit: curobo::optimization::line_search::kernel_line_search<float, 4>
2026-09-12T21:35:23.447 DEBUG   :curobo                                  :Cache hit: curobo::optimization::kernel_lbfgs_step_shared_memory<float, false, 27>
2026-09-12T21:35:23.448 DEBUG   :curobo                                  :Cache hit: curobo::trajectory::bspline::interpolate_bspline_kernel<float, 3, (curobo::trajectory::bspline::BasisBackend)2>
2026-09-12T21:35:23.448 DEBUG   :curobo                                  :Cache hit: curobo::kinematics::kinematics_forward_spheres_kernel<15, 32>
2026-09-12T21:35:23.450 DEBUG   :curobo                                  :Cache hit: curobo::geometry::self_collision::self_collision_max_distance_kernel<false>
2026-09-12T21:35:23.451 DEBUG   :curobo                                  :Cache hit: curobo::kinematics::kinematics_backward_kernel<float, float, 16, true, false, false>
2026-09-12T21:35:23.451 DEBUG   :curobo                                  :Cache hit: curobo::trajectory::bspline::bspline_backward_kernel<3, float, (curobo::trajectory::bspline::BasisBackend)2>
2026-09-12T21:35:23.451 DEBUG   :curobo                                  :Cache hit: curobo::optimization::line_search::kernel_line_search<float, 4>
2026-09-12T21:35:23.452 DEBUG   :curobo                                  :Cache hit: curobo::optimization::kernel_lbfgs_step_shared_memory<float, false, 27>
2026-09-12T21:35:23.452 DEBUG   :curobo                                  :Cache hit: curobo::trajectory::bspline::interpolate_bspline_kernel<float, 3, (curobo::trajectory::bspline::BasisBackend)2>
2026-09-12T21:35:23.453 DEBUG   :curobo                                  :Cache hit: curobo::kinematics::kinematics_forward_spheres_kernel<15, 32>
2026-09-12T21:35:23.454 DEBUG   :curobo                                  :Cache hit: curobo::geometry::self_collision::self_collision_max_distance_kernel<false>
2026-09-12T21:35:23.456 DEBUG   :curobo                                  :Cache hit: curobo::kinematics::kinematics_backward_kernel<float, float, 16, true, false, false>
2026-09-12T21:35:23.456 DEBUG   :curobo                                  :Cache hit: curobo::trajectory::bspline::bspline_backward_kernel<3, float, (curobo::trajectory::bspline::BasisBackend)2>
2026-09-12T21:35:23.456 DEBUG   :curobo                                  :Cache hit: curobo::optimization::line_search::kernel_line_search<float, 4>
2026-09-12T21:35:23.457 DEBUG   :curobo                                  :Cache hit: curobo::optimization::kernel_lbfgs_step_shared_memory<float, false, 27>
2026-09-12T21:35:23.457 DEBUG   :curobo                                  :Cache hit: curobo::trajectory::bspline::interpolate_bspline_kernel<float, 3, (curobo::trajectory::bspline::BasisBackend)2>
2026-09-12T21:35:23.458 DEBUG   :curobo                                  :Cache hit: curobo::kinematics::kinematics_forward_spheres_kernel<15, 32>
2026-09-12T21:35:23.459 DEBUG   :curobo                                  :Cache hit: curobo::geometry::self_collision::self_collision_max_distance_kernel<false>
2026-09-12T21:35:23.461 DEBUG   :curobo                                  :Cache hit: curobo::kinematics::kinematics_backward_kernel<float, float, 16, true, false, false>
2026-09-12T21:35:23.461 DEBUG   :curobo                                  :Cache hit: curobo::trajectory::bspline::bspline_backward_kernel<3, float, (curobo::trajectory::bspline::BasisBackend)2>
2026-09-12T21:35:23.461 DEBUG   :curobo                                  :Cache hit: curobo::optimization::line_search::kernel_line_search<float, 4>
2026-09-12T21:35:23.462 DEBUG   :curobo                                  :Cache hit: curobo::optimization::kernel_lbfgs_step_shared_memory<float, false, 27>
2026-09-12T21:35:23.462 DEBUG   :curobo                                  :Cache hit: curobo::trajectory::bspline::interpolate_bspline_kernel<float, 3, (curobo::trajectory::bspline::BasisBackend)2>
2026-09-12T21:35:23.463 DEBUG   :curobo                                  :Cache hit: curobo::kinematics::kinematics_forward_spheres_kernel<15, 32>
2026-09-12T21:35:23.464 DEBUG   :curobo                                  :Cache hit: curobo::geometry::self_collision::self_collision_max_distance_kernel<false>
2026-09-12T21:35:23.465 DEBUG   :curobo                                  :Cache hit: curobo::kinematics::kinematics_backward_kernel<float, float, 16, true, false, false>
2026-09-12T21:35:23.466 DEBUG   :curobo                                  :Cache hit: curobo::trajectory::bspline::bspline_backward_kernel<3, float, (curobo::trajectory::bspline::BasisBackend)2>
2026-09-12T21:35:23.466 DEBUG   :curobo                                  :Cache hit: curobo::optimization::line_search::kernel_line_search<float, 4>
2026-09-12T21:35:23.466 DEBUG   :curobo                                  :Cache hit: curobo::optimization::kernel_lbfgs_step_shared_memory<float, false, 27>
2026-09-12T21:35:23.467 DEBUG   :curobo                                  :Cache hit: curobo::trajectory::bspline::interpolate_bspline_kernel<float, 3, (curobo::trajectory::bspline::BasisBackend)2>
2026-09-12T21:35:23.467 DEBUG   :curobo                                  :Cache hit: curobo::kinematics::kinematics_forward_spheres_kernel<15, 32>
2026-09-12T21:35:23.468 DEBUG   :curobo                                  :Cache hit: curobo::geometry::self_collision::self_collision_max_distance_kernel<false>
2026-09-12T21:35:23.469 DEBUG   :curobo                                  :Cache hit: curobo::kinematics::kinematics_backward_kernel<float, float, 16, true, false, false>
2026-09-12T21:35:23.470 DEBUG   :curobo                                  :Cache hit: curobo::trajectory::bspline::bspline_backward_kernel<3, float, (curobo::trajectory::bspline::BasisBackend)2>
2026-09-12T21:35:23.470 DEBUG   :curobo                                  :Cache hit: curobo::optimization::line_search::kernel_line_search<float, 4>
2026-09-12T21:35:23.470 DEBUG   :curobo                                  :Cache hit: curobo::optimization::kernel_lbfgs_step_shared_memory<float, false, 27>
2026-09-12T21:35:23.471 DEBUG   :curobo                                  :Cache hit: curobo::trajectory::bspline::interpolate_bspline_kernel<float, 3, (curobo::trajectory::bspline::BasisBackend)2>
2026-09-12T21:35:23.471 DEBUG   :curobo                                  :Cache hit: curobo::kinematics::kinematics_forward_spheres_kernel<15, 32>
2026-09-12T21:35:23.472 DEBUG   :curobo                                  :Cache hit: curobo::geometry::self_collision::self_collision_max_distance_kernel<false>
2026-09-12T21:35:23.473 DEBUG   :curobo                                  :Cache hit: curobo::kinematics::kinematics_backward_kernel<float, float, 16, true, false, false>
2026-09-12T21:35:23.474 DEBUG   :curobo                                  :Cache hit: curobo::trajectory::bspline::bspline_backward_kernel<3, float, (curobo::trajectory::bspline::BasisBackend)2>
2026-09-12T21:35:23.474 DEBUG   :curobo                                  :Cache hit: curobo::optimization::line_search::kernel_line_search<float, 4>
2026-09-12T21:35:23.474 DEBUG   :curobo                                  :Cache hit: curobo::optimization::kernel_lbfgs_step_shared_memory<float, false, 27>
2026-09-12T21:35:23.475 DEBUG   :curobo                                  :Cache hit: curobo::trajectory::bspline::interpolate_bspline_kernel<float, 3, (curobo::trajectory::bspline::BasisBackend)2>
2026-09-12T21:35:23.475 DEBUG   :curobo                                  :Cache hit: curobo::kinematics::kinematics_forward_spheres_kernel<15, 32>
2026-09-12T21:35:23.476 DEBUG   :curobo                                  :Cache hit: curobo::geometry::self_collision::self_collision_max_distance_kernel<false>
2026-09-12T21:35:23.477 DEBUG   :curobo                                  :Cache hit: curobo::kinematics::kinematics_backward_kernel<float, float, 16, true, false, false>
2026-09-12T21:35:23.478 DEBUG   :curobo                                  :Cache hit: curobo::trajectory::bspline::bspline_backward_kernel<3, float, (curobo::trajectory::bspline::BasisBackend)2>
2026-09-12T21:35:23.478 DEBUG   :curobo                                  :Cache hit: curobo::optimization::line_search::kernel_line_search<float, 4>
2026-09-12T21:35:23.478 DEBUG   :curobo                                  :Cache hit: curobo::optimization::kernel_lbfgs_step_shared_memory<float, false, 27>
2026-09-12T21:35:23.479 DEBUG   :curobo                                  :Cache hit: curobo::trajectory::bspline::interpolate_bspline_kernel<float, 3, (curobo::trajectory::bspline::BasisBackend)2>
2026-09-12T21:35:23.479 DEBUG   :curobo                                  :Cache hit: curobo::kinematics::kinematics_forward_spheres_kernel<15, 32>
2026-09-12T21:35:23.480 DEBUG   :curobo                                  :Cache hit: curobo::geometry::self_collision::self_collision_max_distance_kernel<false>
2026-09-12T21:35:23.481 DEBUG   :curobo                                  :Cache hit: curobo::kinematics::kinematics_backward_kernel<float, float, 16, true, false, false>
2026-09-12T21:35:23.481 DEBUG   :curobo                                  :Cache hit: curobo::trajectory::bspline::bspline_backward_kernel<3, float, (curobo::trajectory::bspline::BasisBackend)2>
2026-09-12T21:35:23.481 DEBUG   :curobo                                  :Cache hit: curobo::optimization::line_search::kernel_line_search<float, 4>
2026-09-12T21:35:23.482 DEBUG   :curobo                                  :Cache hit: curobo::optimization::kernel_lbfgs_step_shared_memory<float, false, 27>
2026-09-12T21:35:23.482 DEBUG   :curobo                                  :Cache hit: curobo::trajectory::bspline::interpolate_bspline_kernel<float, 3, (curobo::trajectory::bspline::BasisBackend)2>
2026-09-12T21:35:23.482 DEBUG   :curobo                                  :Cache hit: curobo::kinematics::kinematics_forward_spheres_kernel<15, 32>
2026-09-12T21:35:23.483 DEBUG   :curobo                                  :Cache hit: curobo::geometry::self_collision::self_collision_max_distance_kernel<false>
2026-09-12T21:35:23.485 DEBUG   :curobo                                  :Cache hit: curobo::kinematics::kinematics_backward_kernel<float, float, 16, true, false, false>
2026-09-12T21:35:23.485 DEBUG   :curobo                                  :Cache hit: curobo::trajectory::bspline::bspline_backward_kernel<3, float, (curobo::trajectory::bspline::BasisBackend)2>
2026-09-12T21:35:23.485 DEBUG   :curobo                                  :Cache hit: curobo::optimization::line_search::kernel_line_search<float, 4>
2026-09-12T21:35:23.486 DEBUG   :curobo                                  :Cache hit: curobo::optimization::kernel_lbfgs_step_shared_memory<float, false, 27>
2026-09-12T21:35:23.486 DEBUG   :curobo                                  :Cache hit: curobo::trajectory::bspline::interpolate_bspline_kernel<float, 3, (curobo::trajectory::bspline::BasisBackend)2>
2026-09-12T21:35:23.486 DEBUG   :curobo                                  :Cache hit: curobo::kinematics::kinematics_forward_spheres_kernel<15, 32>
2026-09-12T21:35:23.487 DEBUG   :curobo                                  :Cache hit: curobo::geometry::self_collision::self_collision_max_distance_kernel<false>
2026-09-12T21:35:23.489 DEBUG   :curobo                                  :Cache hit: curobo::kinematics::kinematics_backward_kernel<float, float, 16, true, false, false>
2026-09-12T21:35:23.489 DEBUG   :curobo                                  :Cache hit: curobo::trajectory::bspline::bspline_backward_kernel<3, float, (curobo::trajectory::bspline::BasisBackend)2>
2026-09-12T21:35:23.490 DEBUG   :curobo                                  :Cache hit: curobo::optimization::line_search::kernel_line_search<float, 4>
2026-09-12T21:35:23.490 DEBUG   :curobo                                  :Cache hit: curobo::optimization::kernel_lbfgs_step_shared_memory<float, false, 27>
2026-09-12T21:35:23.491 DEBUG   :curobo                                  :Cache hit: curobo::trajectory::bspline::interpolate_bspline_kernel<float, 3, (curobo::trajectory::bspline::BasisBackend)2>
2026-09-12T21:35:23.491 DEBUG   :curobo                                  :Cache hit: curobo::kinematics::kinematics_forward_spheres_kernel<15, 32>
2026-09-12T21:35:23.493 DEBUG   :curobo                                  :Cache hit: curobo::geometry::self_collision::self_collision_max_distance_kernel<false>
2026-09-12T21:35:23.494 DEBUG   :curobo                                  :Cache hit: curobo::kinematics::kinematics_backward_kernel<float, float, 16, true, false, false>
2026-09-12T21:35:23.494 DEBUG   :curobo                                  :Cache hit: curobo::trajectory::bspline::bspline_backward_kernel<3, float, (curobo::trajectory::bspline::BasisBackend)2>
2026-09-12T21:35:23.494 DEBUG   :curobo                                  :Cache hit: curobo::optimization::line_search::kernel_line_search<float, 4>
2026-09-12T21:35:23.495 DEBUG   :curobo                                  :Cache hit: curobo::optimization::kernel_lbfgs_step_shared_memory<float, false, 27>
2026-09-12T21:35:23.495 DEBUG   :curobo                                  :Cache hit: curobo::trajectory::bspline::interpolate_bspline_kernel<float, 3, (curobo::trajectory::bspline::BasisBackend)2>
2026-09-12T21:35:23.496 DEBUG   :curobo                                  :Cache hit: curobo::kinematics::kinematics_forward_spheres_kernel<15, 32>
2026-09-12T21:35:23.497 DEBUG   :curobo                                  :Cache hit: curobo::geometry::self_collision::self_collision_max_distance_kernel<false>
2026-09-12T21:35:23.498 DEBUG   :curobo                                  :Cache hit: curobo::kinematics::kinematics_backward_kernel<float, float, 16, true, false, false>
2026-09-12T21:35:23.498 DEBUG   :curobo                                  :Cache hit: curobo::trajectory::bspline::bspline_backward_kernel<3, float, (curobo::trajectory::bspline::BasisBackend)2>
2026-09-12T21:35:23.498 DEBUG   :curobo                                  :Cache hit: curobo::optimization::line_search::kernel_line_search<float, 4>
2026-09-12T21:35:23.499 DEBUG   :curobo                                  :Cache hit: curobo::optimization::kernel_lbfgs_step_shared_memory<float, false, 27>
2026-09-12T21:35:23.499 DEBUG   :curobo                                  :Cache hit: curobo::trajectory::bspline::interpolate_bspline_kernel<float, 3, (curobo::trajectory::bspline::BasisBackend)2>
2026-09-12T21:35:23.500 DEBUG   :curobo                                  :Cache hit: curobo::kinematics::kinematics_forward_spheres_kernel<15, 32>
2026-09-12T21:35:23.501 DEBUG   :curobo                                  :Cache hit: curobo::geometry::self_collision::self_collision_max_distance_kernel<false>
2026-09-12T21:35:23.502 DEBUG   :curobo                                  :Cache hit: curobo::kinematics::kinematics_backward_kernel<float, float, 16, true, false, false>
2026-09-12T21:35:23.502 DEBUG   :curobo                                  :Cache hit: curobo::trajectory::bspline::bspline_backward_kernel<3, float, (curobo::trajectory::bspline::BasisBackend)2>
2026-09-12T21:35:23.503 DEBUG   :curobo                                  :Cache hit: curobo::optimization::line_search::kernel_line_search<float, 4>
2026-09-12T21:35:23.503 DEBUG   :curobo                                  :Cache hit: curobo::optimization::kernel_lbfgs_step_shared_memory<float, false, 27>
2026-09-12T21:35:23.504 DEBUG   :curobo                                  :Cache hit: curobo::trajectory::bspline::interpolate_bspline_kernel<float, 3, (curobo::trajectory::bspline::BasisBackend)2>
2026-09-12T21:35:23.504 DEBUG   :curobo                                  :Cache hit: curobo::kinematics::kinematics_forward_spheres_kernel<15, 32>
2026-09-12T21:35:23.505 DEBUG   :curobo                                  :Cache hit: curobo::geometry::self_collision::self_collision_max_distance_kernel<false>
2026-09-12T21:35:23.506 DEBUG   :curobo                                  :Cache hit: curobo::kinematics::kinematics_backward_kernel<float, float, 16, true, false, false>
2026-09-12T21:35:23.507 DEBUG   :curobo                                  :Cache hit: curobo::trajectory::bspline::bspline_backward_kernel<3, float, (curobo::trajectory::bspline::BasisBackend)2>
2026-09-12T21:35:23.507 DEBUG   :curobo                                  :Cache hit: curobo::optimization::line_search::kernel_line_search<float, 4>
2026-09-12T21:35:23.508 DEBUG   :curobo                                  :Cache hit: curobo::optimization::kernel_lbfgs_step_shared_memory<float, false, 27>
2026-09-12T21:35:23.511 DEBUG   :curobo                                  :Cache hit: curobo::trajectory::bspline::interpolate_bspline_kernel<float, 3, (curobo::trajectory::bspline::BasisBackend)2>
2026-09-12T21:35:23.512 DEBUG   :curobo                                  :Cache hit: curobo::kinematics::kinematics_forward_spheres_kernel<15, 32>
2026-09-12T21:35:23.513 DEBUG   :curobo                                  :Cache hit: curobo::geometry::self_collision::self_collision_max_distance_kernel<false>
2026-09-12T21:35:23.514 DEBUG   :curobo                                  :Cache hit: curobo::kinematics::kinematics_backward_kernel<float, float, 16, true, false, false>
2026-09-12T21:35:23.515 DEBUG   :curobo                                  :Cache hit: curobo::trajectory::bspline::bspline_backward_kernel<3, float, (curobo::trajectory::bspline::BasisBackend)2>
2026-09-12T21:35:23.515 DEBUG   :curobo                                  :Cache hit: curobo::optimization::line_search::kernel_line_search<float, 4>
2026-09-12T21:35:23.516 DEBUG   :curobo                                  :Cache hit: curobo::optimization::kernel_lbfgs_step_shared_memory<float, false, 27>
2026-09-12T21:35:23.516 DEBUG   :curobo                                  :Cache hit: curobo::trajectory::bspline::interpolate_bspline_kernel<float, 3, (curobo::trajectory::bspline::BasisBackend)2>
2026-09-12T21:35:23.516 DEBUG   :curobo                                  :Cache hit: curobo::kinematics::kinematics_forward_spheres_kernel<15, 32>
2026-09-12T21:35:23.518 DEBUG   :curobo                                  :Cache hit: curobo::geometry::self_collision::self_collision_max_distance_kernel<false>
2026-09-12T21:35:23.519 DEBUG   :curobo                                  :Cache hit: curobo::kinematics::kinematics_backward_kernel<float, float, 16, true, false, false>
2026-09-12T21:35:23.519 DEBUG   :curobo                                  :Cache hit: curobo::trajectory::bspline::bspline_backward_kernel<3, float, (curobo::trajectory::bspline::BasisBackend)2>
2026-09-12T21:35:23.519 DEBUG   :curobo                                  :Cache hit: curobo::optimization::line_search::kernel_line_search<float, 4>
2026-09-12T21:35:23.520 DEBUG   :curobo                                  :Cache hit: curobo::optimization::kernel_lbfgs_step_shared_memory<float, false, 27>
2026-09-12T21:35:23.520 DEBUG   :curobo                                  :Cache hit: curobo::trajectory::bspline::interpolate_bspline_kernel<float, 3, (curobo::trajectory::bspline::BasisBackend)2>
2026-09-12T21:35:23.520 DEBUG   :curobo                                  :Cache hit: curobo::kinematics::kinematics_forward_spheres_kernel<15, 32>
2026-09-12T21:35:23.522 DEBUG   :curobo                                  :Cache hit: curobo::geometry::self_collision::self_collision_max_distance_kernel<false>
2026-09-12T21:35:23.523 DEBUG   :curobo                                  :Cache hit: curobo::kinematics::kinematics_backward_kernel<float, float, 16, true, false, false>
2026-09-12T21:35:23.523 DEBUG   :curobo                                  :Cache hit: curobo::trajectory::bspline::bspline_backward_kernel<3, float, (curobo::trajectory::bspline::BasisBackend)2>
2026-09-12T21:35:23.523 DEBUG   :curobo                                  :Cache hit: curobo::optimization::line_search::kernel_line_search<float, 4>
2026-09-12T21:35:23.524 DEBUG   :curobo                                  :Cache hit: curobo::optimization::kernel_lbfgs_step_shared_memory<float, false, 27>
2026-09-12T21:35:23.524 DEBUG   :curobo                                  :Cache hit: curobo::trajectory::bspline::interpolate_bspline_kernel<float, 3, (curobo::trajectory::bspline::BasisBackend)2>
2026-09-12T21:35:23.525 DEBUG   :curobo                                  :Cache hit: curobo::kinematics::kinematics_forward_spheres_kernel<15, 32>
2026-09-12T21:35:23.526 DEBUG   :curobo                                  :Cache hit: curobo::geometry::self_collision::self_collision_max_distance_kernel<false>
2026-09-12T21:35:23.527 DEBUG   :curobo                                  :Cache hit: curobo::kinematics::kinematics_backward_kernel<float, float, 16, true, false, false>
2026-09-12T21:35:23.527 DEBUG   :curobo                                  :Cache hit: curobo::trajectory::bspline::bspline_backward_kernel<3, float, (curobo::trajectory::bspline::BasisBackend)2>
2026-09-12T21:35:23.528 DEBUG   :curobo                                  :Cache hit: curobo::optimization::line_search::kernel_line_search<float, 4>
2026-09-12T21:35:23.528 DEBUG   :curobo                                  :Cache hit: curobo::optimization::kernel_lbfgs_step_shared_memory<float, false, 27>
2026-09-12T21:35:23.529 DEBUG   :curobo                                  :Cache hit: curobo::trajectory::bspline::interpolate_bspline_kernel<float, 3, (curobo::trajectory::bspline::BasisBackend)2>
2026-09-12T21:35:23.529 DEBUG   :curobo                                  :Cache hit: curobo::kinematics::kinematics_forward_spheres_kernel<15, 32>
2026-09-12T21:35:23.531 DEBUG   :curobo                                  :Cache hit: curobo::geometry::self_collision::self_collision_max_distance_kernel<false>
2026-09-12T21:35:23.532 DEBUG   :curobo                                  :Cache hit: curobo::kinematics::kinematics_backward_kernel<float, float, 16, true, false, false>
2026-09-12T21:35:23.532 DEBUG   :curobo                                  :Cache hit: curobo::trajectory::bspline::bspline_backward_kernel<3, float, (curobo::trajectory::bspline::BasisBackend)2>
2026-09-12T21:35:23.533 DEBUG   :curobo                                  :Cache hit: curobo::optimization::line_search::kernel_line_search<float, 4>
2026-09-12T21:35:23.533 DEBUG   :curobo                                  :Cache hit: curobo::optimization::kernel_lbfgs_step_shared_memory<float, false, 27>
2026-09-12T21:35:23.533 DEBUG   :curobo                                  :Cache hit: curobo::trajectory::bspline::interpolate_bspline_kernel<float, 3, (curobo::trajectory::bspline::BasisBackend)2>
2026-09-12T21:35:23.534 DEBUG   :curobo                                  :Cache hit: curobo::kinematics::kinematics_forward_spheres_kernel<15, 32>
2026-09-12T21:35:23.535 DEBUG   :curobo                                  :Cache hit: curobo::geometry::self_collision::self_collision_max_distance_kernel<false>
2026-09-12T21:35:23.536 DEBUG   :curobo                                  :Cache hit: curobo::kinematics::kinematics_backward_kernel<float, float, 16, true, false, false>
2026-09-12T21:35:23.537 DEBUG   :curobo                                  :Cache hit: curobo::trajectory::bspline::bspline_backward_kernel<3, float, (curobo::trajectory::bspline::BasisBackend)2>
2026-09-12T21:35:23.537 DEBUG   :curobo                                  :Cache hit: curobo::optimization::line_search::kernel_line_search<float, 4>
2026-09-12T21:35:23.537 DEBUG   :curobo                                  :Cache hit: curobo::optimization::kernel_lbfgs_step_shared_memory<float, false, 27>
2026-09-12T21:35:23.538 DEBUG   :curobo                                  :Cache hit: curobo::trajectory::bspline::interpolate_bspline_kernel<float, 3, (curobo::trajectory::bspline::BasisBackend)2>
2026-09-12T21:35:23.538 DEBUG   :curobo                                  :Cache hit: curobo::kinematics::kinematics_forward_spheres_kernel<15, 32>
2026-09-12T21:35:23.540 DEBUG   :curobo                                  :Cache hit: curobo::geometry::self_collision::self_collision_max_distance_kernel<false>
2026-09-12T21:35:23.541 DEBUG   :curobo                                  :Cache hit: curobo::kinematics::kinematics_backward_kernel<float, float, 16, true, false, false>
2026-09-12T21:35:23.541 DEBUG   :curobo                                  :Cache hit: curobo::trajectory::bspline::bspline_backward_kernel<3, float, (curobo::trajectory::bspline::BasisBackend)2>
2026-09-12T21:35:23.541 DEBUG   :curobo                                  :Cache hit: curobo::optimization::line_search::kernel_line_search<float, 4>
2026-09-12T21:35:23.542 DEBUG   :curobo                                  :Cache hit: curobo::optimization::kernel_lbfgs_step_shared_memory<float, false, 27>
2026-09-12T21:35:23.542 DEBUG   :curobo                                  :Cache hit: curobo::trajectory::bspline::interpolate_bspline_kernel<float, 3, (curobo::trajectory::bspline::BasisBackend)2>
2026-09-12T21:35:23.543 DEBUG   :curobo                                  :Cache hit: curobo::kinematics::kinematics_forward_spheres_kernel<15, 32>
2026-09-12T21:35:23.544 DEBUG   :curobo                                  :Cache hit: curobo::geometry::self_collision::self_collision_max_distance_kernel<false>
2026-09-12T21:35:23.545 DEBUG   :curobo                                  :Cache hit: curobo::kinematics::kinematics_backward_kernel<float, float, 16, true, false, false>
2026-09-12T21:35:23.546 DEBUG   :curobo                                  :Cache hit: curobo::trajectory::bspline::bspline_backward_kernel<3, float, (curobo::trajectory::bspline::BasisBackend)2>
2026-09-12T21:35:23.546 DEBUG   :curobo                                  :Cache hit: curobo::optimization::line_search::kernel_line_search<float, 4>
2026-09-12T21:35:23.546 DEBUG   :curobo                                  :Cache hit: curobo::optimization::kernel_lbfgs_step_shared_memory<float, false, 27>
2026-09-12T21:35:23.547 DEBUG   :curobo                                  :Cache hit: curobo::trajectory::bspline::interpolate_bspline_kernel<float, 3, (curobo::trajectory::bspline::BasisBackend)2>
2026-09-12T21:35:23.547 DEBUG   :curobo                                  :Cache hit: curobo::kinematics::kinematics_forward_spheres_kernel<15, 32>
2026-09-12T21:35:23.549 DEBUG   :curobo                                  :Cache hit: curobo::geometry::self_collision::self_collision_max_distance_kernel<false>
2026-09-12T21:35:23.550 DEBUG   :curobo                                  :Cache hit: curobo::kinematics::kinematics_backward_kernel<float, float, 16, true, false, false>
2026-09-12T21:35:23.550 DEBUG   :curobo                                  :Cache hit: curobo::trajectory::bspline::bspline_backward_kernel<3, float, (curobo::trajectory::bspline::BasisBackend)2>
2026-09-12T21:35:23.550 DEBUG   :curobo                                  :Cache hit: curobo::optimization::line_search::kernel_line_search<float, 4>
2026-09-12T21:35:23.551 DEBUG   :curobo                                  :Cache hit: curobo::optimization::kernel_lbfgs_step_shared_memory<float, false, 27>
2026-09-12T21:35:23.551 DEBUG   :curobo                                  :Cache hit: curobo::trajectory::bspline::interpolate_bspline_kernel<float, 3, (curobo::trajectory::bspline::BasisBackend)2>
2026-09-12T21:35:23.551 DEBUG   :curobo                                  :Cache hit: curobo::kinematics::kinematics_forward_spheres_kernel<15, 32>
2026-09-12T21:35:23.553 DEBUG   :curobo                                  :Cache hit: curobo::geometry::self_collision::self_collision_max_distance_kernel<false>
2026-09-12T21:35:23.554 DEBUG   :curobo                                  :Cache hit: curobo::kinematics::kinematics_backward_kernel<float, float, 16, true, false, false>
2026-09-12T21:35:23.554 DEBUG   :curobo                                  :Cache hit: curobo::trajectory::bspline::bspline_backward_kernel<3, float, (curobo::trajectory::bspline::BasisBackend)2>
2026-09-12T21:35:23.554 DEBUG   :curobo                                  :Cache hit: curobo::optimization::line_search::kernel_line_search<float, 4>
2026-09-12T21:35:23.555 DEBUG   :curobo                                  :Cache hit: curobo::optimization::kernel_lbfgs_step_shared_memory<float, false, 27>
2026-09-12T21:35:23.555 DEBUG   :curobo                                  :Cache hit: curobo::trajectory::bspline::interpolate_bspline_kernel<float, 3, (curobo::trajectory::bspline::BasisBackend)2>
2026-09-12T21:35:23.556 DEBUG   :curobo                                  :Cache hit: curobo::kinematics::kinematics_forward_spheres_kernel<15, 32>
2026-09-12T21:35:23.558 DEBUG   :curobo                                  :Cache hit: curobo::geometry::self_collision::self_collision_max_distance_kernel<false>
2026-09-12T21:35:23.559 DEBUG   :curobo                                  :Cache hit: curobo::kinematics::kinematics_backward_kernel<float, float, 16, true, false, false>
2026-09-12T21:35:23.559 DEBUG   :curobo                                  :Cache hit: curobo::trajectory::bspline::bspline_backward_kernel<3, float, (curobo::trajectory::bspline::BasisBackend)2>
2026-09-12T21:35:23.560 DEBUG   :curobo                                  :Cache hit: curobo::optimization::line_search::kernel_line_search<float, 4>
2026-09-12T21:35:23.560 DEBUG   :curobo                                  :Cache hit: curobo::optimization::kernel_lbfgs_step_shared_memory<float, false, 27>
2026-09-12T21:35:23.561 DEBUG   :curobo                                  :Cache hit: curobo::trajectory::bspline::interpolate_bspline_kernel<float, 3, (curobo::trajectory::bspline::BasisBackend)2>
2026-09-12T21:35:23.561 DEBUG   :curobo                                  :Cache hit: curobo::kinematics::kinematics_forward_spheres_kernel<15, 32>
2026-09-12T21:35:23.563 DEBUG   :curobo                                  :Cache hit: curobo::geometry::self_collision::self_collision_max_distance_kernel<false>
2026-09-12T21:35:23.564 DEBUG   :curobo                                  :Cache hit: curobo::kinematics::kinematics_backward_kernel<float, float, 16, true, false, false>
2026-09-12T21:35:23.565 DEBUG   :curobo                                  :Cache hit: curobo::trajectory::bspline::bspline_backward_kernel<3, float, (curobo::trajectory::bspline::BasisBackend)2>
2026-09-12T21:35:23.565 DEBUG   :curobo                                  :Cache hit: curobo::optimization::line_search::kernel_line_search<float, 4>
2026-09-12T21:35:23.565 DEBUG   :curobo                                  :Cache hit: curobo::optimization::kernel_lbfgs_step_shared_memory<float, false, 27>
2026-09-12T21:35:23.566 DEBUG   :curobo                                  :Cache hit: curobo::trajectory::bspline::interpolate_bspline_kernel<float, 3, (curobo::trajectory::bspline::BasisBackend)2>
2026-09-12T21:35:23.567 DEBUG   :curobo                                  :Cache hit: curobo::kinematics::kinematics_forward_spheres_kernel<15, 32>
2026-09-12T21:35:23.568 DEBUG   :curobo                                  :Cache hit: curobo::geometry::self_collision::self_collision_max_distance_kernel<false>
2026-09-12T21:35:23.569 DEBUG   :curobo                                  :Cache hit: curobo::kinematics::kinematics_backward_kernel<float, float, 16, true, false, false>
2026-09-12T21:35:23.569 DEBUG   :curobo                                  :Cache hit: curobo::trajectory::bspline::bspline_backward_kernel<3, float, (curobo::trajectory::bspline::BasisBackend)2>
2026-09-12T21:35:23.570 DEBUG   :curobo                                  :Cache hit: curobo::optimization::line_search::kernel_line_search<float, 4>
2026-09-12T21:35:23.570 DEBUG   :curobo                                  :Cache hit: curobo::optimization::kernel_lbfgs_step_shared_memory<float, false, 27>
2026-09-12T21:35:23.570 DEBUG   :curobo                                  :Cache hit: curobo::trajectory::bspline::interpolate_bspline_kernel<float, 3, (curobo::trajectory::bspline::BasisBackend)2>
2026-09-12T21:35:23.571 DEBUG   :curobo                                  :Cache hit: curobo::kinematics::kinematics_forward_spheres_kernel<15, 32>
2026-09-12T21:35:23.572 DEBUG   :curobo                                  :Cache hit: curobo::geometry::self_collision::self_collision_max_distance_kernel<false>
2026-09-12T21:35:23.576 DEBUG   :curobo                                  :Cache hit: curobo::kinematics::kinematics_backward_kernel<float, float, 16, true, false, false>
2026-09-12T21:35:23.577 DEBUG   :curobo                                  :Cache hit: curobo::trajectory::bspline::bspline_backward_kernel<3, float, (curobo::trajectory::bspline::BasisBackend)2>
2026-09-12T21:35:23.577 DEBUG   :curobo                                  :Cache hit: curobo::optimization::line_search::kernel_line_search<float, 4>
2026-09-12T21:35:23.577 DEBUG   :curobo                                  :Cache hit: curobo::optimization::kernel_lbfgs_step_shared_memory<float, false, 27>
2026-09-12T21:35:23.578 DEBUG   :curobo                                  :Cache hit: curobo::trajectory::bspline::interpolate_bspline_kernel<float, 3, (curobo::trajectory::bspline::BasisBackend)2>
2026-09-12T21:35:23.578 DEBUG   :curobo                                  :Cache hit: curobo::kinematics::kinematics_forward_spheres_kernel<15, 32>
2026-09-12T21:35:23.580 DEBUG   :curobo                                  :Cache hit: curobo::geometry::self_collision::self_collision_max_distance_kernel<false>
2026-09-12T21:35:23.581 DEBUG   :curobo                                  :Cache hit: curobo::kinematics::kinematics_backward_kernel<float, float, 16, true, false, false>
2026-09-12T21:35:23.581 DEBUG   :curobo                                  :Cache hit: curobo::trajectory::bspline::bspline_backward_kernel<3, float, (curobo::trajectory::bspline::BasisBackend)2>
2026-09-12T21:35:23.581 DEBUG   :curobo                                  :Cache hit: curobo::optimization::line_search::kernel_line_search<float, 4>
2026-09-12T21:35:23.582 DEBUG   :curobo                                  :Cache hit: curobo::optimization::kernel_lbfgs_step_shared_memory<float, false, 27>
2026-09-12T21:35:23.582 DEBUG   :curobo                                  :Cache hit: curobo::trajectory::bspline::interpolate_bspline_kernel<float, 3, (curobo::trajectory::bspline::BasisBackend)2>
2026-09-12T21:35:23.583 DEBUG   :curobo                                  :Cache hit: curobo::kinematics::kinematics_forward_spheres_kernel<15, 32>
2026-09-12T21:35:23.584 DEBUG   :curobo                                  :Cache hit: curobo::geometry::self_collision::self_collision_max_distance_kernel<false>
2026-09-12T21:35:23.585 DEBUG   :curobo                                  :Cache hit: curobo::kinematics::kinematics_backward_kernel<float, float, 16, true, false, false>
2026-09-12T21:35:23.586 DEBUG   :curobo                                  :Cache hit: curobo::trajectory::bspline::bspline_backward_kernel<3, float, (curobo::trajectory::bspline::BasisBackend)2>
2026-09-12T21:35:23.586 DEBUG   :curobo                                  :Cache hit: curobo::optimization::line_search::kernel_line_search<float, 4>
2026-09-12T21:35:23.586 DEBUG   :curobo                                  :Cache hit: curobo::optimization::kernel_lbfgs_step_shared_memory<float, false, 27>
2026-09-12T21:35:23.587 DEBUG   :curobo                                  :Cache hit: curobo::trajectory::bspline::interpolate_bspline_kernel<float, 3, (curobo::trajectory::bspline::BasisBackend)2>
2026-09-12T21:35:23.587 DEBUG   :curobo                                  :Cache hit: curobo::kinematics::kinematics_forward_spheres_kernel<15, 32>
2026-09-12T21:35:23.589 DEBUG   :curobo                                  :Cache hit: curobo::geometry::self_collision::self_collision_max_distance_kernel<false>
2026-09-12T21:35:23.590 DEBUG   :curobo                                  :Cache hit: curobo::kinematics::kinematics_backward_kernel<float, float, 16, true, false, false>
2026-09-12T21:35:23.590 DEBUG   :curobo                                  :Cache hit: curobo::trajectory::bspline::bspline_backward_kernel<3, float, (curobo::trajectory::bspline::BasisBackend)2>
2026-09-12T21:35:23.591 DEBUG   :curobo                                  :Cache hit: curobo::optimization::line_search::kernel_line_search<float, 4>
2026-09-12T21:35:23.591 DEBUG   :curobo                                  :Cache hit: curobo::optimization::kernel_lbfgs_step_shared_memory<float, false, 27>
2026-09-12T21:35:23.592 DEBUG   :curobo                                  :Cache hit: curobo::trajectory::bspline::interpolate_bspline_kernel<float, 3, (curobo::trajectory::bspline::BasisBackend)2>
2026-09-12T21:35:23.592 DEBUG   :curobo                                  :Cache hit: curobo::kinematics::kinematics_forward_spheres_kernel<15, 32>
2026-09-12T21:35:23.593 DEBUG   :curobo                                  :Cache hit: curobo::geometry::self_collision::self_collision_max_distance_kernel<false>
2026-09-12T21:35:23.594 DEBUG   :curobo                                  :Cache hit: curobo::kinematics::kinematics_backward_kernel<float, float, 16, true, false, false>
2026-09-12T21:35:23.595 DEBUG   :curobo                                  :Cache hit: curobo::trajectory::bspline::bspline_backward_kernel<3, float, (curobo::trajectory::bspline::BasisBackend)2>
2026-09-12T21:35:23.595 DEBUG   :curobo                                  :Cache hit: curobo::optimization::line_search::kernel_line_search<float, 4>
2026-09-12T21:35:23.595 DEBUG   :curobo                                  :Cache hit: curobo::optimization::kernel_lbfgs_step_shared_memory<float, false, 27>
2026-09-12T21:35:23.596 DEBUG   :curobo                                  :Cache hit: curobo::trajectory::bspline::interpolate_bspline_kernel<float, 3, (curobo::trajectory::bspline::BasisBackend)2>
2026-09-12T21:35:23.596 DEBUG   :curobo                                  :Cache hit: curobo::kinematics::kinematics_forward_spheres_kernel<15, 32>
2026-09-12T21:35:23.598 DEBUG   :curobo                                  :Cache hit: curobo::geometry::self_collision::self_collision_max_distance_kernel<false>
2026-09-12T21:35:23.599 DEBUG   :curobo                                  :Cache hit: curobo::kinematics::kinematics_backward_kernel<float, float, 16, true, false, false>
2026-09-12T21:35:23.599 DEBUG   :curobo                                  :Cache hit: curobo::trajectory::bspline::bspline_backward_kernel<3, float, (curobo::trajectory::bspline::BasisBackend)2>
2026-09-12T21:35:23.599 DEBUG   :curobo                                  :Cache hit: curobo::optimization::line_search::kernel_line_search<float, 4>
2026-09-12T21:35:23.600 DEBUG   :curobo                                  :Cache hit: curobo::optimization::kernel_lbfgs_step_shared_memory<float, false, 27>
2026-09-12T21:35:23.600 DEBUG   :curobo                                  :Cache hit: curobo::trajectory::bspline::interpolate_bspline_kernel<float, 3, (curobo::trajectory::bspline::BasisBackend)2>
2026-09-12T21:35:23.600 DEBUG   :curobo                                  :Cache hit: curobo::kinematics::kinematics_forward_spheres_kernel<15, 32>
2026-09-12T21:35:23.602 DEBUG   :curobo                                  :Cache hit: curobo::geometry::self_collision::self_collision_max_distance_kernel<false>
2026-09-12T21:35:23.603 DEBUG   :curobo                                  :Cache hit: curobo::kinematics::kinematics_backward_kernel<float, float, 16, true, false, false>
2026-09-12T21:35:23.603 DEBUG   :curobo                                  :Cache hit: curobo::trajectory::bspline::bspline_backward_kernel<3, float, (curobo::trajectory::bspline::BasisBackend)2>
2026-09-12T21:35:23.603 DEBUG   :curobo                                  :Cache hit: curobo::optimization::line_search::kernel_line_search<float, 4>
2026-09-12T21:35:23.604 DEBUG   :curobo                                  :Cache hit: curobo::optimization::kernel_lbfgs_step_shared_memory<float, false, 27>
2026-09-12T21:35:23.604 DEBUG   :curobo                                  :Cache hit: curobo::trajectory::bspline::interpolate_bspline_kernel<float, 3, (curobo::trajectory::bspline::BasisBackend)2>
2026-09-12T21:35:23.604 DEBUG   :curobo                                  :Cache hit: curobo::kinematics::kinematics_forward_spheres_kernel<15, 32>
2026-09-12T21:35:23.606 DEBUG   :curobo                                  :Cache hit: curobo::geometry::self_collision::self_collision_max_distance_kernel<false>
2026-09-12T21:35:23.607 DEBUG   :curobo                                  :Cache hit: curobo::kinematics::kinematics_backward_kernel<float, float, 16, true, false, false>
2026-09-12T21:35:23.607 DEBUG   :curobo                                  :Cache hit: curobo::trajectory::bspline::bspline_backward_kernel<3, float, (curobo::trajectory::bspline::BasisBackend)2>
2026-09-12T21:35:23.608 DEBUG   :curobo                                  :Cache hit: curobo::optimization::line_search::kernel_line_search<float, 4>
2026-09-12T21:35:23.608 DEBUG   :curobo                                  :Cache hit: curobo::optimization::kernel_lbfgs_step_shared_memory<float, false, 27>
2026-09-12T21:35:23.609 DEBUG   :curobo                                  :Cache hit: curobo::trajectory::bspline::interpolate_bspline_kernel<float, 3, (curobo::trajectory::bspline::BasisBackend)2>
2026-09-12T21:35:23.609 DEBUG   :curobo                                  :Cache hit: curobo::kinematics::kinematics_forward_spheres_kernel<15, 32>
2026-09-12T21:35:23.610 DEBUG   :curobo                                  :Cache hit: curobo::geometry::self_collision::self_collision_max_distance_kernel<false>
2026-09-12T21:35:23.612 DEBUG   :curobo                                  :Cache hit: curobo::kinematics::kinematics_backward_kernel<float, float, 16, true, false, false>
2026-09-12T21:35:23.612 DEBUG   :curobo                                  :Cache hit: curobo::trajectory::bspline::bspline_backward_kernel<3, float, (curobo::trajectory::bspline::BasisBackend)2>
2026-09-12T21:35:23.612 DEBUG   :curobo                                  :Cache hit: curobo::optimization::line_search::kernel_line_search<float, 4>
2026-09-12T21:35:23.613 DEBUG   :curobo                                  :Cache hit: curobo::optimization::kernel_lbfgs_step_shared_memory<float, false, 27>
2026-09-12T21:35:23.613 DEBUG   :curobo                                  :Cache hit: curobo::trajectory::bspline::interpolate_bspline_kernel<float, 3, (curobo::trajectory::bspline::BasisBackend)2>
2026-09-12T21:35:23.614 DEBUG   :curobo                                  :Cache hit: curobo::kinematics::kinematics_forward_spheres_kernel<15, 32>
2026-09-12T21:35:23.615 DEBUG   :curobo                                  :Cache hit: curobo::geometry::self_collision::self_collision_max_distance_kernel<false>
2026-09-12T21:35:23.616 DEBUG   :curobo                                  :Cache hit: curobo::kinematics::kinematics_backward_kernel<float, float, 16, true, false, false>
2026-09-12T21:35:23.616 DEBUG   :curobo                                  :Cache hit: curobo::trajectory::bspline::bspline_backward_kernel<3, float, (curobo::trajectory::bspline::BasisBackend)2>
2026-09-12T21:35:23.617 DEBUG   :curobo                                  :Cache hit: curobo::optimization::line_search::kernel_line_search<float, 4>
2026-09-12T21:35:23.617 DEBUG   :curobo                                  :Cache hit: curobo::optimization::kernel_lbfgs_step_shared_memory<float, false, 27>
2026-09-12T21:35:23.618 DEBUG   :curobo                                  :Cache hit: curobo::trajectory::bspline::interpolate_bspline_kernel<float, 3, (curobo::trajectory::bspline::BasisBackend)2>
2026-09-12T21:35:23.618 DEBUG   :curobo                                  :Cache hit: curobo::kinematics::kinematics_forward_spheres_kernel<15, 32>
2026-09-12T21:35:23.619 DEBUG   :curobo                                  :Cache hit: curobo::geometry::self_collision::self_collision_max_distance_kernel<false>
2026-09-12T21:35:23.621 DEBUG   :curobo                                  :Cache hit: curobo::kinematics::kinematics_backward_kernel<float, float, 16, true, false, false>
2026-09-12T21:35:23.621 DEBUG   :curobo                                  :Cache hit: curobo::trajectory::bspline::bspline_backward_kernel<3, float, (curobo::trajectory::bspline::BasisBackend)2>
2026-09-12T21:35:23.621 DEBUG   :curobo                                  :Cache hit: curobo::optimization::line_search::kernel_line_search<float, 4>
2026-09-12T21:35:23.621 DEBUG   :curobo                                  :Cache hit: curobo::optimization::kernel_lbfgs_step_shared_memory<float, false, 27>
2026-09-12T21:35:23.622 DEBUG   :curobo                                  :Cache hit: curobo::trajectory::bspline::interpolate_bspline_kernel<float, 3, (curobo::trajectory::bspline::BasisBackend)2>
2026-09-12T21:35:23.622 DEBUG   :curobo                                  :Cache hit: curobo::kinematics::kinematics_forward_spheres_kernel<15, 32>
2026-09-12T21:35:23.624 DEBUG   :curobo                                  :Cache hit: curobo::geometry::self_collision::self_collision_max_distance_kernel<false>
2026-09-12T21:35:23.625 DEBUG   :curobo                                  :Cache hit: curobo::kinematics::kinematics_backward_kernel<float, float, 16, true, false, false>
2026-09-12T21:35:23.625 DEBUG   :curobo                                  :Cache hit: curobo::trajectory::bspline::bspline_backward_kernel<3, float, (curobo::trajectory::bspline::BasisBackend)2>
2026-09-12T21:35:23.625 DEBUG   :curobo                                  :Cache hit: curobo::optimization::line_search::kernel_line_search<float, 4>
2026-09-12T21:35:23.626 DEBUG   :curobo                                  :Cache hit: curobo::optimization::kernel_lbfgs_step_shared_memory<float, false, 27>
2026-09-12T21:35:23.669 DEBUG   :curobo                                  :Cache hit: curobo::trajectory::bspline::interpolate_bspline_kernel<float, 3, (curobo::trajectory::bspline::BasisBackend)2>
2026-09-12T21:35:23.669 DEBUG   :curobo                                  :Cache hit: curobo::kinematics::kinematics_forward_spheres_kernel<15, 32>
2026-09-12T21:35:23.670 INFO    :curobo                                  :Recording CUDA Graph for _compute_metrics_from_action_impl
2026-09-12T21:35:23.823 INFO    :curobo                                  :Updating state_seq buffer reference (created new tensor)
2026-09-12T21:35:23.823 DEBUG   :curobo                                  :Cache hit: curobo::trajectory::bspline::interpolate_bspline_kernel<float, 3, (curobo::trajectory::bspline::BasisBackend)2>
2026-09-12T21:35:23.824 DEBUG   :curobo                                  :Cache hit: curobo::kinematics::kinematics_forward_spheres_kernel<15, 32>
2026-09-12T21:35:23.825 DEBUG   :curobo                                  :Cache hit: curobo::geometry::self_collision::self_collision_max_distance_kernel<false>
2026-09-12T21:35:23.835 DEBUG   :curobo                                  :Cache hit: curobo::trajectory::bspline::interpolate_bspline_kernel<float, 3, (curobo::trajectory::bspline::BasisBackend)2>
2026-09-12T21:35:23.836 DEBUG   :curobo                                  :Cache hit: curobo::kinematics::kinematics_forward_spheres_kernel<15, 32>
2026-09-12T21:35:23.837 DEBUG   :curobo                                  :Cache hit: curobo::geometry::self_collision::self_collision_max_distance_kernel<false>
2026-09-12T21:35:23.839 DEBUG   :curobo                                  :Cache hit: curobo::trajectory::bspline::interpolate_bspline_kernel<float, 3, (curobo::trajectory::bspline::BasisBackend)2>
2026-09-12T21:35:23.839 DEBUG   :curobo                                  :Cache hit: curobo::kinematics::kinematics_forward_spheres_kernel<15, 32>
2026-09-12T21:35:23.840 DEBUG   :curobo                                  :Cache hit: curobo::geometry::self_collision::self_collision_max_distance_kernel<false>
2026-09-12T21:35:23.842 DEBUG   :curobo                                  :Cache hit: curobo::trajectory::bspline::interpolate_bspline_kernel<float, 3, (curobo::trajectory::bspline::BasisBackend)2>
2026-09-12T21:35:23.843 DEBUG   :curobo                                  :Cache hit: curobo::kinematics::kinematics_forward_spheres_kernel<15, 32>
2026-09-12T21:35:23.844 DEBUG   :curobo                                  :Cache hit: curobo::geometry::self_collision::self_collision_max_distance_kernel<false>
2026-09-12T21:35:23.846 DEBUG   :curobo                                  :Cache hit: curobo::trajectory::bspline::interpolate_bspline_single_dt_kernel<float, 3, (curobo::trajectory::bspline::BasisBackend)2>
2026-09-12T21:35:23.847 DEBUG   :curobo                                  :Cache hit: curobo::kinematics::kinematics_forward_spheres_kernel<15, 32>
2026-09-12T21:35:23.847 INFO    :curobo                                  :Recording CUDA Graph for _compute_metrics_from_state_impl
2026-09-12T21:35:23.957 DEBUG   :curobo                                  :Cache hit: curobo::geometry::self_collision::self_collision_max_distance_kernel<false>
2026-09-12T21:35:23.962 DEBUG   :curobo                                  :Cache hit: curobo::geometry::self_collision::self_collision_max_distance_kernel<false>
2026-09-12T21:35:23.965 DEBUG   :curobo                                  :Cache hit: curobo::geometry::self_collision::self_collision_max_distance_kernel<false>
2026-09-12T21:35:23.967 DEBUG   :curobo                                  :Cache hit: curobo::geometry::self_collision::self_collision_max_distance_kernel<false>
2026-09-12T21:35:23.976 INFO    :curobo                                  :Updating state_seq buffer reference (created new tensor)
2026-09-12T21:35:23.977 INFO    :curobo                                  :Recording CUDA Graph for _compute_metrics_from_action_impl
2026-09-12T21:35:24.065 INFO    :curobo                                  :Updating state_seq buffer reference (created new tensor)
2026-09-12T21:35:24.066 DEBUG   :curobo                                  :Cache hit: curobo::kinematics::kinematics_forward_spheres_kernel<15, 32>
2026-09-12T21:35:24.068 DEBUG   :curobo                                  :Cache hit: curobo::geometry::self_collision::self_collision_max_distance_kernel<false>
2026-09-12T21:35:24.069 DEBUG   :curobo                                  :Cache hit: curobo::kinematics::kinematics_forward_spheres_kernel<15, 32>
2026-09-12T21:35:24.070 DEBUG   :curobo                                  :Cache hit: curobo::geometry::self_collision::self_collision_max_distance_kernel<false>
2026-09-12T21:35:24.071 DEBUG   :curobo                                  :Cache hit: curobo::kinematics::kinematics_forward_spheres_kernel<15, 32>
2026-09-12T21:35:24.072 DEBUG   :curobo                                  :Cache hit: curobo::geometry::self_collision::self_collision_max_distance_kernel<false>
2026-09-12T21:35:24.074 DEBUG   :curobo                                  :Cache hit: curobo::kinematics::kinematics_forward_spheres_kernel<15, 32>
2026-09-12T21:35:24.075 DEBUG   :curobo                                  :Cache hit: curobo::geometry::self_collision::self_collision_max_distance_kernel<false>
2026-09-12T21:35:24.303 DEBUG   :curobo                                  :Cache hit: curobo::kinematics::kinematics_forward_spheres_kernel<15, 32>
2026-09-12T21:35:24.304 DEBUG   :curobo                                  :Cache hit: curobo::trajectory::bspline::interpolate_bspline_kernel<float, 3, (curobo::trajectory::bspline::BasisBackend)2>
2026-09-12T21:35:24.304 DEBUG   :curobo                                  :Cache hit: curobo::kinematics::kinematics_forward_spheres_kernel<15, 32>
2026-09-12T21:35:24.305 DEBUG   :curobo                                  :Cache hit: curobo::trajectory::bspline::interpolate_bspline_kernel<float, 3, (curobo::trajectory::bspline::BasisBackend)2>
2026-09-12T21:35:24.306 DEBUG   :curobo                                  :Cache hit: curobo::kinematics::kinematics_forward_spheres_kernel<15, 32>
2026-09-12T21:35:24.307 DEBUG   :curobo                                  :Cache hit: curobo::geometry::self_collision::self_collision_max_distance_kernel<false>
2026-09-12T21:35:24.309 DEBUG   :curobo                                  :Cache hit: curobo::kinematics::kinematics_backward_kernel<float, float, 16, true, false, false>
2026-09-12T21:35:24.309 DEBUG   :curobo                                  :Cache hit: curobo::trajectory::bspline::bspline_backward_kernel<3, float, (curobo::trajectory::bspline::BasisBackend)2>
2026-09-12T21:35:24.312 DEBUG   :curobo                                  :Cache hit: curobo::optimization::line_search::kernel_line_search<float, 4>
2026-09-12T21:35:24.313 INFO    :curobo                                  :Running optimizer 1/1: LBFGSOpt
2026-09-12T21:35:24.353 DEBUG   :curobo                                  :Cache hit: curobo::trajectory::bspline::interpolate_bspline_kernel<float, 3, (curobo::trajectory::bspline::BasisBackend)2>
2026-09-12T21:35:24.354 DEBUG   :curobo                                  :Cache hit: curobo::kinematics::kinematics_forward_spheres_kernel<15, 32>
2026-09-12T21:35:24.355 DEBUG   :curobo                                  :Cache hit: curobo::trajectory::bspline::interpolate_bspline_single_dt_kernel<float, 3, (curobo::trajectory::bspline::BasisBackend)2>
2026-09-12T21:35:24.355 DEBUG   :curobo                                  :Cache hit: curobo::kinematics::kinematics_forward_spheres_kernel<15, 32>
2026-09-12T21:35:24.439 DEBUG   :curobo                                  :Cache hit: curobo::kinematics::kinematics_forward_spheres_kernel<15, 32>
2026-09-12T21:35:24.440 DEBUG   :curobo                                  :Cache hit: curobo::trajectory::bspline::interpolate_bspline_kernel<float, 3, (curobo::trajectory::bspline::BasisBackend)2>
2026-09-12T21:35:24.441 DEBUG   :curobo                                  :Cache hit: curobo::kinematics::kinematics_forward_spheres_kernel<15, 32>
2026-09-12T21:35:24.442 DEBUG   :curobo                                  :Cache hit: curobo::trajectory::bspline::interpolate_bspline_kernel<float, 3, (curobo::trajectory::bspline::BasisBackend)2>
2026-09-12T21:35:24.442 DEBUG   :curobo                                  :Cache hit: curobo::kinematics::kinematics_forward_spheres_kernel<15, 32>
2026-09-12T21:35:24.443 DEBUG   :curobo                                  :Cache hit: curobo::geometry::self_collision::self_collision_max_distance_kernel<false>
2026-09-12T21:35:24.444 DEBUG   :curobo                                  :Cache hit: curobo::kinematics::kinematics_backward_kernel<float, float, 16, true, false, false>
2026-09-12T21:35:24.445 DEBUG   :curobo                                  :Cache hit: curobo::trajectory::bspline::bspline_backward_kernel<3, float, (curobo::trajectory::bspline::BasisBackend)2>
2026-09-12T21:35:24.445 DEBUG   :curobo                                  :Cache hit: curobo::optimization::line_search::kernel_line_search<float, 4>
2026-09-12T21:35:24.445 INFO    :curobo                                  :Running optimizer 1/1: LBFGSOpt
2026-09-12T21:35:24.484 DEBUG   :curobo                                  :Cache hit: curobo::trajectory::bspline::interpolate_bspline_kernel<float, 3, (curobo::trajectory::bspline::BasisBackend)2>
2026-09-12T21:35:24.485 DEBUG   :curobo                                  :Cache hit: curobo::kinematics::kinematics_forward_spheres_kernel<15, 32>
2026-09-12T21:35:24.486 DEBUG   :curobo                                  :Cache hit: curobo::trajectory::bspline::interpolate_bspline_single_dt_kernel<float, 3, (curobo::trajectory::bspline::BasisBackend)2>
2026-09-12T21:35:24.486 DEBUG   :curobo                                  :Cache hit: curobo::kinematics::kinematics_forward_spheres_kernel<15, 32>
