2026-09-12T21:39:31.795 DEBUG   :curobo                                  :Self Collision skipped %: 57.805605247465714
2026-09-12T21:39:31.796 DEBUG   :curobo                                  :Self Collision count: 3538
2026-09-12T21:39:31.796 DEBUG   :curobo                                  :Self Collision per thread: 7
2026-09-12T21:39:31.873 DEBUG   :curobo                                  :Warp initialized - Version: 1.17.0
2026-09-12T21:39:31.873 DEBUG   :curobo                                  :Warp Devices: ['cpu', 'cuda:0']
2026-09-12T21:39:31.873 INFO    :curobo                                  :Initialized 2 costs for robot rollout
2026-09-12T21:39:31.874 DEBUG   :curobo                                  :Warp initialized - Version: 1.17.0
2026-09-12T21:39:31.874 DEBUG   :curobo                                  :Warp Devices: ['cpu', 'cuda:0']
2026-09-12T21:39:31.874 INFO    :curobo                                  :Initialized 2 costs for robot rollout
2026-09-12T21:39:31.874 DEBUG   :curobo                                  :Warp initialized - Version: 1.17.0
2026-09-12T21:39:31.874 DEBUG   :curobo                                  :Warp Devices: ['cpu', 'cuda:0']
2026-09-12T21:39:31.874 DEBUG   :curobo                                  :Warp initialized - Version: 1.17.0
2026-09-12T21:39:31.874 DEBUG   :curobo                                  :Warp Devices: ['cpu', 'cuda:0']
2026-09-12T21:39:31.874 INFO    :curobo                                  :Initialized 3 costs for robot rollout
2026-09-12T21:39:31.877 DEBUG   :curobo                                  :Warp initialized - Version: 1.17.0
2026-09-12T21:39:31.877 DEBUG   :curobo                                  :Warp Devices: ['cpu', 'cuda:0']
2026-09-12T21:39:31.877 INFO    :curobo                                  :Initialized 2 costs for robot rollout
2026-09-12T21:39:31.877 DEBUG   :curobo                                  :Warp initialized - Version: 1.17.0
2026-09-12T21:39:31.877 DEBUG   :curobo                                  :Warp Devices: ['cpu', 'cuda:0']
2026-09-12T21:39:31.877 INFO    :curobo                                  :Initialized 2 costs for robot rollout
2026-09-12T21:39:31.878 DEBUG   :curobo                                  :Warp initialized - Version: 1.17.0
2026-09-12T21:39:31.878 DEBUG   :curobo                                  :Warp Devices: ['cpu', 'cuda:0']
2026-09-12T21:39:31.878 DEBUG   :curobo                                  :Warp initialized - Version: 1.17.0
2026-09-12T21:39:31.878 DEBUG   :curobo                                  :Warp Devices: ['cpu', 'cuda:0']
2026-09-12T21:39:31.878 INFO    :curobo                                  :Initialized 3 costs for robot rollout
2026-09-12T21:39:31.880 DEBUG   :curobo                                  :Warp initialized - Version: 1.17.0
2026-09-12T21:39:31.880 DEBUG   :curobo                                  :Warp Devices: ['cpu', 'cuda:0']
2026-09-12T21:39:31.880 INFO    :curobo                                  :Initialized 2 costs for robot rollout
2026-09-12T21:39:31.881 DEBUG   :curobo                                  :Warp initialized - Version: 1.17.0
2026-09-12T21:39:31.881 DEBUG   :curobo                                  :Warp Devices: ['cpu', 'cuda:0']
2026-09-12T21:39:31.881 INFO    :curobo                                  :Initialized 2 costs for robot rollout
2026-09-12T21:39:31.881 INFO    :curobo                                  :Initialized 1 costs for robot rollout
2026-09-12T21:39:31.881 INFO    :curobo                                  :Initialized 1 costs for robot rollout
2026-09-12T21:39:31.883 DEBUG   :curobo                                  :Warp initialized - Version: 1.17.0
2026-09-12T21:39:31.883 DEBUG   :curobo                                  :Warp Devices: ['cpu', 'cuda:0']
2026-09-12T21:39:31.883 INFO    :curobo                                  :Initialized 2 costs for robot rollout
2026-09-12T21:39:31.884 DEBUG   :curobo                                  :Warp initialized - Version: 1.17.0
2026-09-12T21:39:31.884 DEBUG   :curobo                                  :Warp Devices: ['cpu', 'cuda:0']
2026-09-12T21:39:31.884 INFO    :curobo                                  :Initialized 2 costs for robot rollout
2026-09-12T21:39:31.884 INFO    :curobo                                  :Initialized 1 costs for robot rollout
2026-09-12T21:39:31.884 INFO    :curobo                                  :Initialized 1 costs for robot rollout
2026-09-12T21:39:31.884 INFO    :curobo                                  :LBFGS: history >= opt_dim, reducing history to opt_dim-1
2026-09-12T21:39:31.889 INFO    :curobo                                  :Updating state_seq buffer reference (created new tensor)
2026-09-12T21:39:31.890 INFO    :curobo                                  :Updating state_seq buffer reference (created new tensor)
2026-09-12T21:39:31.893 DEBUG   :curobo                                  :Warp initialized - Version: 1.17.0
2026-09-12T21:39:31.893 DEBUG   :curobo                                  :Warp Devices: ['cpu', 'cuda:0']
2026-09-12T21:39:31.895 INFO    :curobo                                  :Seed IK Solver initialized for robot with 6 DOF
2026-09-12T21:39:31.895 INFO    :curobo                                  :Controlled links: ['tcp']
2026-09-12T21:39:31.909 DEBUG   :curobo                                  :Warp initialized - Version: 1.17.0
2026-09-12T21:39:31.909 DEBUG   :curobo                                  :Warp Devices: ['cpu', 'cuda:0']
2026-09-12T21:39:31.909 INFO    :curobo                                  :Initialized 2 costs for robot rollout
2026-09-12T21:39:31.910 DEBUG   :curobo                                  :Warp initialized - Version: 1.17.0
2026-09-12T21:39:31.910 DEBUG   :curobo                                  :Warp Devices: ['cpu', 'cuda:0']
2026-09-12T21:39:31.910 INFO    :curobo                                  :Initialized 2 costs for robot rollout
2026-09-12T21:39:31.910 DEBUG   :curobo                                  :Warp initialized - Version: 1.17.0
2026-09-12T21:39:31.910 DEBUG   :curobo                                  :Warp Devices: ['cpu', 'cuda:0']
2026-09-12T21:39:31.910 DEBUG   :curobo                                  :Warp initialized - Version: 1.17.0
2026-09-12T21:39:31.910 DEBUG   :curobo                                  :Warp Devices: ['cpu', 'cuda:0']
2026-09-12T21:39:31.910 INFO    :curobo                                  :Initialized 3 costs for robot rollout
2026-09-12T21:39:31.913 DEBUG   :curobo                                  :Warp initialized - Version: 1.17.0
2026-09-12T21:39:31.913 DEBUG   :curobo                                  :Warp Devices: ['cpu', 'cuda:0']
2026-09-12T21:39:31.913 INFO    :curobo                                  :Initialized 2 costs for robot rollout
2026-09-12T21:39:31.913 DEBUG   :curobo                                  :Warp initialized - Version: 1.17.0
2026-09-12T21:39:31.913 DEBUG   :curobo                                  :Warp Devices: ['cpu', 'cuda:0']
2026-09-12T21:39:31.913 INFO    :curobo                                  :Initialized 2 costs for robot rollout
2026-09-12T21:39:31.913 DEBUG   :curobo                                  :Warp initialized - Version: 1.17.0
2026-09-12T21:39:31.913 DEBUG   :curobo                                  :Warp Devices: ['cpu', 'cuda:0']
2026-09-12T21:39:31.914 DEBUG   :curobo                                  :Warp initialized - Version: 1.17.0
2026-09-12T21:39:31.914 DEBUG   :curobo                                  :Warp Devices: ['cpu', 'cuda:0']
2026-09-12T21:39:31.914 INFO    :curobo                                  :Initialized 3 costs for robot rollout
2026-09-12T21:39:31.916 DEBUG   :curobo                                  :Warp initialized - Version: 1.17.0
2026-09-12T21:39:31.916 DEBUG   :curobo                                  :Warp Devices: ['cpu', 'cuda:0']
2026-09-12T21:39:31.916 INFO    :curobo                                  :Initialized 2 costs for robot rollout
2026-09-12T21:39:31.917 DEBUG   :curobo                                  :Warp initialized - Version: 1.17.0
2026-09-12T21:39:31.917 DEBUG   :curobo                                  :Warp Devices: ['cpu', 'cuda:0']
2026-09-12T21:39:31.917 INFO    :curobo                                  :Initialized 2 costs for robot rollout
2026-09-12T21:39:31.917 INFO    :curobo                                  :Initialized 1 costs for robot rollout
2026-09-12T21:39:31.917 INFO    :curobo                                  :Initialized 1 costs for robot rollout
2026-09-12T21:39:31.920 DEBUG   :curobo                                  :Warp initialized - Version: 1.17.0
2026-09-12T21:39:31.920 DEBUG   :curobo                                  :Warp Devices: ['cpu', 'cuda:0']
2026-09-12T21:39:31.920 INFO    :curobo                                  :Initialized 2 costs for robot rollout
2026-09-12T21:39:31.920 DEBUG   :curobo                                  :Warp initialized - Version: 1.17.0
2026-09-12T21:39:31.920 DEBUG   :curobo                                  :Warp Devices: ['cpu', 'cuda:0']
2026-09-12T21:39:31.920 INFO    :curobo                                  :Initialized 2 costs for robot rollout
2026-09-12T21:39:31.921 INFO    :curobo                                  :Initialized 1 costs for robot rollout
2026-09-12T21:39:31.921 INFO    :curobo                                  :Initialized 1 costs for robot rollout
2026-09-12T21:39:31.921 INFO    :curobo                                  :Updating state_seq buffer reference (created new tensor)
2026-09-12T21:39:31.929 INFO    :curobo                                  :Updating state_seq buffer reference (created new tensor)
2026-09-12T21:39:31.937 DEBUG   :curobo                                  :Warp initialized - Version: 1.17.0
2026-09-12T21:39:31.937 DEBUG   :curobo                                  :Warp Devices: ['cpu', 'cuda:0']
2026-09-12T21:39:31.937 INFO    :curobo                                  :Initialized 2 costs for robot rollout
2026-09-12T21:39:31.938 DEBUG   :curobo                                  :Warp initialized - Version: 1.17.0
2026-09-12T21:39:31.938 DEBUG   :curobo                                  :Warp Devices: ['cpu', 'cuda:0']
2026-09-12T21:39:31.938 INFO    :curobo                                  :Initialized 2 costs for robot rollout
2026-09-12T21:39:31.938 DEBUG   :curobo                                  :Warp initialized - Version: 1.17.0
2026-09-12T21:39:31.938 DEBUG   :curobo                                  :Warp Devices: ['cpu', 'cuda:0']
2026-09-12T21:39:31.938 DEBUG   :curobo                                  :Warp initialized - Version: 1.17.0
2026-09-12T21:39:31.938 DEBUG   :curobo                                  :Warp Devices: ['cpu', 'cuda:0']
2026-09-12T21:39:31.938 INFO    :curobo                                  :Initialized 3 costs for robot rollout
2026-09-12T21:39:31.940 DEBUG   :curobo                                  :Warp initialized - Version: 1.17.0
2026-09-12T21:39:31.941 DEBUG   :curobo                                  :Warp Devices: ['cpu', 'cuda:0']
2026-09-12T21:39:31.941 INFO    :curobo                                  :Initialized 2 costs for robot rollout
2026-09-12T21:39:31.941 DEBUG   :curobo                                  :Warp initialized - Version: 1.17.0
2026-09-12T21:39:31.941 DEBUG   :curobo                                  :Warp Devices: ['cpu', 'cuda:0']
2026-09-12T21:39:31.941 INFO    :curobo                                  :Initialized 2 costs for robot rollout
2026-09-12T21:39:31.941 DEBUG   :curobo                                  :Warp initialized - Version: 1.17.0
2026-09-12T21:39:31.941 DEBUG   :curobo                                  :Warp Devices: ['cpu', 'cuda:0']
2026-09-12T21:39:31.941 DEBUG   :curobo                                  :Warp initialized - Version: 1.17.0
2026-09-12T21:39:31.941 DEBUG   :curobo                                  :Warp Devices: ['cpu', 'cuda:0']
2026-09-12T21:39:31.941 INFO    :curobo                                  :Initialized 3 costs for robot rollout
2026-09-12T21:39:31.944 DEBUG   :curobo                                  :Warp initialized - Version: 1.17.0
2026-09-12T21:39:31.944 DEBUG   :curobo                                  :Warp Devices: ['cpu', 'cuda:0']
2026-09-12T21:39:31.944 INFO    :curobo                                  :Initialized 2 costs for robot rollout
2026-09-12T21:39:31.944 DEBUG   :curobo                                  :Warp initialized - Version: 1.17.0
2026-09-12T21:39:31.944 DEBUG   :curobo                                  :Warp Devices: ['cpu', 'cuda:0']
2026-09-12T21:39:31.944 INFO    :curobo                                  :Initialized 2 costs for robot rollout
2026-09-12T21:39:31.944 DEBUG   :curobo                                  :Warp initialized - Version: 1.17.0
2026-09-12T21:39:31.944 DEBUG   :curobo                                  :Warp Devices: ['cpu', 'cuda:0']
2026-09-12T21:39:31.944 DEBUG   :curobo                                  :Warp initialized - Version: 1.17.0
2026-09-12T21:39:31.944 DEBUG   :curobo                                  :Warp Devices: ['cpu', 'cuda:0']
2026-09-12T21:39:31.945 INFO    :curobo                                  :Initialized 3 costs for robot rollout
2026-09-12T21:39:32.012 INFO    :curobo                                  :CuRobo kernel backend: 'cuda_core'
2026-09-12T21:39:32.013 INFO    :curobo                                  :cuda.core backend initialized: sm_89
2026-09-12T21:39:32.013 INFO    :curobo                                  :Compiling kernel: curobo::kinematics::kinematics_forward_spheres_kernel<15, 32>
2026-09-12T21:39:32.151 INFO    :curobo                                  :Successfully compiled kernel: curobo::kinematics::kinematics_forward_spheres_kernel<15, 32>
2026-09-12T21:39:32.153 DEBUG   :curobo                                  :Cache hit: curobo::kinematics::kinematics_forward_spheres_kernel<15, 32>
2026-09-12T21:39:32.155 DEBUG   :curobo                                  :Cache hit: curobo::kinematics::kinematics_forward_spheres_kernel<15, 32>
2026-09-12T21:39:32.156 INFO    :curobo                                  :exploration_idx.shape != (num_problems, n_linesearch): torch.Size([1, 4]) != (4, 4)
2026-09-12T21:39:32.156 INFO    :curobo                                  :selected_idx.shape != (num_problems, n_linesearch): torch.Size([1, 4]) != (4, 4)
2026-09-12T21:39:32.156 INFO    :curobo                                  :exploration_idx.shape != (num_problems, n_linesearch): torch.Size([1, 4]) != (4, 4)
2026-09-12T21:39:32.156 INFO    :curobo                                  :selected_idx.shape != (num_problems, n_linesearch): torch.Size([1, 4]) != (4, 4)
2026-09-12T21:39:32.156 INFO    :curobo                                  :Updating state_seq buffer reference (created new tensor)
2026-09-12T21:39:32.157 INFO    :curobo                                  :Updating state_seq buffer reference (created new tensor)
2026-09-12T21:39:32.157 INFO    :curobo                                  :Updating state_seq buffer reference (created new tensor)
2026-09-12T21:39:32.158 INFO    :curobo                                  :Updating state_seq buffer reference (created new tensor)
2026-09-12T21:39:32.159 INFO    :curobo                                  :Compiling kernel: curobo::trajectory::bspline::interpolate_bspline_kernel<float, 3, (curobo::trajectory::bspline::BasisBackend)2>
2026-09-12T21:39:32.251 INFO    :curobo                                  :Successfully compiled kernel: curobo::trajectory::bspline::interpolate_bspline_kernel<float, 3, (curobo::trajectory::bspline::BasisBackend)2>
2026-09-12T21:39:32.252 DEBUG   :curobo                                  :Cache hit: curobo::kinematics::kinematics_forward_spheres_kernel<15, 32>
2026-09-12T21:39:32.292 DEBUG   :curobo                                  :Cache hit: curobo::trajectory::bspline::interpolate_bspline_kernel<float, 3, (curobo::trajectory::bspline::BasisBackend)2>
2026-09-12T21:39:32.292 DEBUG   :curobo                                  :Cache hit: curobo::kinematics::kinematics_forward_spheres_kernel<15, 32>
2026-09-12T21:39:32.487 INFO    :curobo                                  :Compiling kernel: curobo::kinematics::kinematics_backward_kernel<float, float, 16, true, false, false>
2026-09-12T21:39:32.658 INFO    :curobo                                  :Successfully compiled kernel: curobo::kinematics::kinematics_backward_kernel<float, float, 16, true, false, false>
2026-09-12T21:39:32.659 INFO    :curobo                                  :Compiling kernel: curobo::trajectory::bspline::bspline_backward_kernel<3, float, (curobo::trajectory::bspline::BasisBackend)2>
2026-09-12T21:39:32.753 INFO    :curobo                                  :Successfully compiled kernel: curobo::trajectory::bspline::bspline_backward_kernel<3, float, (curobo::trajectory::bspline::BasisBackend)2>
2026-09-12T21:39:32.754 INFO    :curobo                                  :Compiling kernel: curobo::optimization::line_search::kernel_line_search<float, 4>
2026-09-12T21:39:32.824 INFO    :curobo                                  :Successfully compiled kernel: curobo::optimization::line_search::kernel_line_search<float, 4>
2026-09-12T21:39:32.825 INFO    :curobo                                  :Running optimizer 1/1: LBFGSOpt
2026-09-12T21:39:32.825 INFO    :curobo                                  :Recording CUDA Graph for _opt_iters
2026-09-12T21:39:32.905 DEBUG   :curobo                                  :Cache hit: curobo::trajectory::bspline::interpolate_bspline_kernel<float, 3, (curobo::trajectory::bspline::BasisBackend)2>
2026-09-12T21:39:32.906 DEBUG   :curobo                                  :Cache hit: curobo::kinematics::kinematics_forward_spheres_kernel<15, 32>
2026-09-12T21:39:32.910 DEBUG   :curobo                                  :Cache hit: curobo::kinematics::kinematics_backward_kernel<float, float, 16, true, false, false>
2026-09-12T21:39:32.910 DEBUG   :curobo                                  :Cache hit: curobo::trajectory::bspline::bspline_backward_kernel<3, float, (curobo::trajectory::bspline::BasisBackend)2>
2026-09-12T21:39:32.910 DEBUG   :curobo                                  :Cache hit: curobo::optimization::line_search::kernel_line_search<float, 4>
2026-09-12T21:39:32.911 INFO    :curobo                                  :Compiling kernel: curobo::optimization::kernel_lbfgs_step_shared_memory<float, false, 27>
2026-09-12T21:39:33.078 INFO    :curobo                                  :Successfully compiled kernel: curobo::optimization::kernel_lbfgs_step_shared_memory<float, false, 27>
2026-09-12T21:39:33.079 DEBUG   :curobo                                  :Cache hit: curobo::trajectory::bspline::interpolate_bspline_kernel<float, 3, (curobo::trajectory::bspline::BasisBackend)2>
2026-09-12T21:39:33.080 DEBUG   :curobo                                  :Cache hit: curobo::kinematics::kinematics_forward_spheres_kernel<15, 32>
2026-09-12T21:39:33.082 DEBUG   :curobo                                  :Cache hit: curobo::kinematics::kinematics_backward_kernel<float, float, 16, true, false, false>
2026-09-12T21:39:33.082 DEBUG   :curobo                                  :Cache hit: curobo::trajectory::bspline::bspline_backward_kernel<3, float, (curobo::trajectory::bspline::BasisBackend)2>
2026-09-12T21:39:33.083 DEBUG   :curobo                                  :Cache hit: curobo::optimization::line_search::kernel_line_search<float, 4>
2026-09-12T21:39:33.083 DEBUG   :curobo                                  :Cache hit: curobo::optimization::kernel_lbfgs_step_shared_memory<float, false, 27>
2026-09-12T21:39:33.084 DEBUG   :curobo                                  :Cache hit: curobo::trajectory::bspline::interpolate_bspline_kernel<float, 3, (curobo::trajectory::bspline::BasisBackend)2>
2026-09-12T21:39:33.084 DEBUG   :curobo                                  :Cache hit: curobo::kinematics::kinematics_forward_spheres_kernel<15, 32>
2026-09-12T21:39:33.086 DEBUG   :curobo                                  :Cache hit: curobo::kinematics::kinematics_backward_kernel<float, float, 16, true, false, false>
2026-09-12T21:39:33.086 DEBUG   :curobo                                  :Cache hit: curobo::trajectory::bspline::bspline_backward_kernel<3, float, (curobo::trajectory::bspline::BasisBackend)2>
2026-09-12T21:39:33.087 DEBUG   :curobo                                  :Cache hit: curobo::optimization::line_search::kernel_line_search<float, 4>
2026-09-12T21:39:33.088 DEBUG   :curobo                                  :Cache hit: curobo::optimization::kernel_lbfgs_step_shared_memory<float, false, 27>
2026-09-12T21:39:33.088 DEBUG   :curobo                                  :Cache hit: curobo::trajectory::bspline::interpolate_bspline_kernel<float, 3, (curobo::trajectory::bspline::BasisBackend)2>
2026-09-12T21:39:33.089 DEBUG   :curobo                                  :Cache hit: curobo::kinematics::kinematics_forward_spheres_kernel<15, 32>
2026-09-12T21:39:33.091 DEBUG   :curobo                                  :Cache hit: curobo::kinematics::kinematics_backward_kernel<float, float, 16, true, false, false>
2026-09-12T21:39:33.091 DEBUG   :curobo                                  :Cache hit: curobo::trajectory::bspline::bspline_backward_kernel<3, float, (curobo::trajectory::bspline::BasisBackend)2>
2026-09-12T21:39:33.092 DEBUG   :curobo                                  :Cache hit: curobo::optimization::line_search::kernel_line_search<float, 4>
2026-09-12T21:39:33.092 DEBUG   :curobo                                  :Cache hit: curobo::optimization::kernel_lbfgs_step_shared_memory<float, false, 27>
2026-09-12T21:39:33.093 DEBUG   :curobo                                  :Cache hit: curobo::trajectory::bspline::interpolate_bspline_kernel<float, 3, (curobo::trajectory::bspline::BasisBackend)2>
2026-09-12T21:39:33.093 DEBUG   :curobo                                  :Cache hit: curobo::kinematics::kinematics_forward_spheres_kernel<15, 32>
2026-09-12T21:39:33.095 DEBUG   :curobo                                  :Cache hit: curobo::kinematics::kinematics_backward_kernel<float, float, 16, true, false, false>
2026-09-12T21:39:33.095 DEBUG   :curobo                                  :Cache hit: curobo::trajectory::bspline::bspline_backward_kernel<3, float, (curobo::trajectory::bspline::BasisBackend)2>
2026-09-12T21:39:33.095 DEBUG   :curobo                                  :Cache hit: curobo::optimization::line_search::kernel_line_search<float, 4>
2026-09-12T21:39:33.096 DEBUG   :curobo                                  :Cache hit: curobo::optimization::kernel_lbfgs_step_shared_memory<float, false, 27>
2026-09-12T21:39:33.096 DEBUG   :curobo                                  :Cache hit: curobo::trajectory::bspline::interpolate_bspline_kernel<float, 3, (curobo::trajectory::bspline::BasisBackend)2>
2026-09-12T21:39:33.097 DEBUG   :curobo                                  :Cache hit: curobo::kinematics::kinematics_forward_spheres_kernel<15, 32>
2026-09-12T21:39:33.098 DEBUG   :curobo                                  :Cache hit: curobo::kinematics::kinematics_backward_kernel<float, float, 16, true, false, false>
2026-09-12T21:39:33.098 DEBUG   :curobo                                  :Cache hit: curobo::trajectory::bspline::bspline_backward_kernel<3, float, (curobo::trajectory::bspline::BasisBackend)2>
2026-09-12T21:39:33.099 DEBUG   :curobo                                  :Cache hit: curobo::optimization::line_search::kernel_line_search<float, 4>
2026-09-12T21:39:33.099 DEBUG   :curobo                                  :Cache hit: curobo::optimization::kernel_lbfgs_step_shared_memory<float, false, 27>
2026-09-12T21:39:33.100 DEBUG   :curobo                                  :Cache hit: curobo::trajectory::bspline::interpolate_bspline_kernel<float, 3, (curobo::trajectory::bspline::BasisBackend)2>
2026-09-12T21:39:33.100 DEBUG   :curobo                                  :Cache hit: curobo::kinematics::kinematics_forward_spheres_kernel<15, 32>
2026-09-12T21:39:33.101 DEBUG   :curobo                                  :Cache hit: curobo::kinematics::kinematics_backward_kernel<float, float, 16, true, false, false>
2026-09-12T21:39:33.101 DEBUG   :curobo                                  :Cache hit: curobo::trajectory::bspline::bspline_backward_kernel<3, float, (curobo::trajectory::bspline::BasisBackend)2>
2026-09-12T21:39:33.102 DEBUG   :curobo                                  :Cache hit: curobo::optimization::line_search::kernel_line_search<float, 4>
2026-09-12T21:39:33.102 DEBUG   :curobo                                  :Cache hit: curobo::optimization::kernel_lbfgs_step_shared_memory<float, false, 27>
2026-09-12T21:39:33.102 DEBUG   :curobo                                  :Cache hit: curobo::trajectory::bspline::interpolate_bspline_kernel<float, 3, (curobo::trajectory::bspline::BasisBackend)2>
2026-09-12T21:39:33.103 DEBUG   :curobo                                  :Cache hit: curobo::kinematics::kinematics_forward_spheres_kernel<15, 32>
2026-09-12T21:39:33.104 DEBUG   :curobo                                  :Cache hit: curobo::kinematics::kinematics_backward_kernel<float, float, 16, true, false, false>
2026-09-12T21:39:33.104 DEBUG   :curobo                                  :Cache hit: curobo::trajectory::bspline::bspline_backward_kernel<3, float, (curobo::trajectory::bspline::BasisBackend)2>
2026-09-12T21:39:33.104 DEBUG   :curobo                                  :Cache hit: curobo::optimization::line_search::kernel_line_search<float, 4>
2026-09-12T21:39:33.105 DEBUG   :curobo                                  :Cache hit: curobo::optimization::kernel_lbfgs_step_shared_memory<float, false, 27>
2026-09-12T21:39:33.105 DEBUG   :curobo                                  :Cache hit: curobo::trajectory::bspline::interpolate_bspline_kernel<float, 3, (curobo::trajectory::bspline::BasisBackend)2>
2026-09-12T21:39:33.105 DEBUG   :curobo                                  :Cache hit: curobo::kinematics::kinematics_forward_spheres_kernel<15, 32>
2026-09-12T21:39:33.106 DEBUG   :curobo                                  :Cache hit: curobo::kinematics::kinematics_backward_kernel<float, float, 16, true, false, false>
2026-09-12T21:39:33.107 DEBUG   :curobo                                  :Cache hit: curobo::trajectory::bspline::bspline_backward_kernel<3, float, (curobo::trajectory::bspline::BasisBackend)2>
2026-09-12T21:39:33.107 DEBUG   :curobo                                  :Cache hit: curobo::optimization::line_search::kernel_line_search<float, 4>
2026-09-12T21:39:33.107 DEBUG   :curobo                                  :Cache hit: curobo::optimization::kernel_lbfgs_step_shared_memory<float, false, 27>
2026-09-12T21:39:33.108 DEBUG   :curobo                                  :Cache hit: curobo::trajectory::bspline::interpolate_bspline_kernel<float, 3, (curobo::trajectory::bspline::BasisBackend)2>
2026-09-12T21:39:33.108 DEBUG   :curobo                                  :Cache hit: curobo::kinematics::kinematics_forward_spheres_kernel<15, 32>
2026-09-12T21:39:33.109 DEBUG   :curobo                                  :Cache hit: curobo::kinematics::kinematics_backward_kernel<float, float, 16, true, false, false>
2026-09-12T21:39:33.109 DEBUG   :curobo                                  :Cache hit: curobo::trajectory::bspline::bspline_backward_kernel<3, float, (curobo::trajectory::bspline::BasisBackend)2>
2026-09-12T21:39:33.110 DEBUG   :curobo                                  :Cache hit: curobo::optimization::line_search::kernel_line_search<float, 4>
2026-09-12T21:39:33.110 DEBUG   :curobo                                  :Cache hit: curobo::optimization::kernel_lbfgs_step_shared_memory<float, false, 27>
2026-09-12T21:39:33.111 DEBUG   :curobo                                  :Cache hit: curobo::trajectory::bspline::interpolate_bspline_kernel<float, 3, (curobo::trajectory::bspline::BasisBackend)2>
2026-09-12T21:39:33.111 DEBUG   :curobo                                  :Cache hit: curobo::kinematics::kinematics_forward_spheres_kernel<15, 32>
2026-09-12T21:39:33.113 DEBUG   :curobo                                  :Cache hit: curobo::kinematics::kinematics_backward_kernel<float, float, 16, true, false, false>
2026-09-12T21:39:33.113 DEBUG   :curobo                                  :Cache hit: curobo::trajectory::bspline::bspline_backward_kernel<3, float, (curobo::trajectory::bspline::BasisBackend)2>
2026-09-12T21:39:33.113 DEBUG   :curobo                                  :Cache hit: curobo::optimization::line_search::kernel_line_search<float, 4>
2026-09-12T21:39:33.114 DEBUG   :curobo                                  :Cache hit: curobo::optimization::kernel_lbfgs_step_shared_memory<float, false, 27>
2026-09-12T21:39:33.114 DEBUG   :curobo                                  :Cache hit: curobo::trajectory::bspline::interpolate_bspline_kernel<float, 3, (curobo::trajectory::bspline::BasisBackend)2>
2026-09-12T21:39:33.114 DEBUG   :curobo                                  :Cache hit: curobo::kinematics::kinematics_forward_spheres_kernel<15, 32>
2026-09-12T21:39:33.116 DEBUG   :curobo                                  :Cache hit: curobo::kinematics::kinematics_backward_kernel<float, float, 16, true, false, false>
2026-09-12T21:39:33.116 DEBUG   :curobo                                  :Cache hit: curobo::trajectory::bspline::bspline_backward_kernel<3, float, (curobo::trajectory::bspline::BasisBackend)2>
2026-09-12T21:39:33.116 DEBUG   :curobo                                  :Cache hit: curobo::optimization::line_search::kernel_line_search<float, 4>
2026-09-12T21:39:33.117 DEBUG   :curobo                                  :Cache hit: curobo::optimization::kernel_lbfgs_step_shared_memory<float, false, 27>
2026-09-12T21:39:33.117 DEBUG   :curobo                                  :Cache hit: curobo::trajectory::bspline::interpolate_bspline_kernel<float, 3, (curobo::trajectory::bspline::BasisBackend)2>
2026-09-12T21:39:33.117 DEBUG   :curobo                                  :Cache hit: curobo::kinematics::kinematics_forward_spheres_kernel<15, 32>
2026-09-12T21:39:33.118 DEBUG   :curobo                                  :Cache hit: curobo::kinematics::kinematics_backward_kernel<float, float, 16, true, false, false>
2026-09-12T21:39:33.119 DEBUG   :curobo                                  :Cache hit: curobo::trajectory::bspline::bspline_backward_kernel<3, float, (curobo::trajectory::bspline::BasisBackend)2>
2026-09-12T21:39:33.119 DEBUG   :curobo                                  :Cache hit: curobo::optimization::line_search::kernel_line_search<float, 4>
2026-09-12T21:39:33.119 DEBUG   :curobo                                  :Cache hit: curobo::optimization::kernel_lbfgs_step_shared_memory<float, false, 27>
2026-09-12T21:39:33.120 DEBUG   :curobo                                  :Cache hit: curobo::trajectory::bspline::interpolate_bspline_kernel<float, 3, (curobo::trajectory::bspline::BasisBackend)2>
2026-09-12T21:39:33.120 DEBUG   :curobo                                  :Cache hit: curobo::kinematics::kinematics_forward_spheres_kernel<15, 32>
2026-09-12T21:39:33.121 DEBUG   :curobo                                  :Cache hit: curobo::kinematics::kinematics_backward_kernel<float, float, 16, true, false, false>
2026-09-12T21:39:33.121 DEBUG   :curobo                                  :Cache hit: curobo::trajectory::bspline::bspline_backward_kernel<3, float, (curobo::trajectory::bspline::BasisBackend)2>
2026-09-12T21:39:33.121 DEBUG   :curobo                                  :Cache hit: curobo::optimization::line_search::kernel_line_search<float, 4>
2026-09-12T21:39:33.122 DEBUG   :curobo                                  :Cache hit: curobo::optimization::kernel_lbfgs_step_shared_memory<float, false, 27>
2026-09-12T21:39:33.122 DEBUG   :curobo                                  :Cache hit: curobo::trajectory::bspline::interpolate_bspline_kernel<float, 3, (curobo::trajectory::bspline::BasisBackend)2>
2026-09-12T21:39:33.122 DEBUG   :curobo                                  :Cache hit: curobo::kinematics::kinematics_forward_spheres_kernel<15, 32>
2026-09-12T21:39:33.123 DEBUG   :curobo                                  :Cache hit: curobo::kinematics::kinematics_backward_kernel<float, float, 16, true, false, false>
2026-09-12T21:39:33.123 DEBUG   :curobo                                  :Cache hit: curobo::trajectory::bspline::bspline_backward_kernel<3, float, (curobo::trajectory::bspline::BasisBackend)2>
2026-09-12T21:39:33.123 DEBUG   :curobo                                  :Cache hit: curobo::optimization::line_search::kernel_line_search<float, 4>
2026-09-12T21:39:33.124 DEBUG   :curobo                                  :Cache hit: curobo::optimization::kernel_lbfgs_step_shared_memory<float, false, 27>
2026-09-12T21:39:33.124 DEBUG   :curobo                                  :Cache hit: curobo::trajectory::bspline::interpolate_bspline_kernel<float, 3, (curobo::trajectory::bspline::BasisBackend)2>
2026-09-12T21:39:33.124 DEBUG   :curobo                                  :Cache hit: curobo::kinematics::kinematics_forward_spheres_kernel<15, 32>
2026-09-12T21:39:33.126 DEBUG   :curobo                                  :Cache hit: curobo::kinematics::kinematics_backward_kernel<float, float, 16, true, false, false>
2026-09-12T21:39:33.126 DEBUG   :curobo                                  :Cache hit: curobo::trajectory::bspline::bspline_backward_kernel<3, float, (curobo::trajectory::bspline::BasisBackend)2>
2026-09-12T21:39:33.126 DEBUG   :curobo                                  :Cache hit: curobo::optimization::line_search::kernel_line_search<float, 4>
2026-09-12T21:39:33.127 DEBUG   :curobo                                  :Cache hit: curobo::optimization::kernel_lbfgs_step_shared_memory<float, false, 27>
2026-09-12T21:39:33.128 DEBUG   :curobo                                  :Cache hit: curobo::trajectory::bspline::interpolate_bspline_kernel<float, 3, (curobo::trajectory::bspline::BasisBackend)2>
2026-09-12T21:39:33.128 DEBUG   :curobo                                  :Cache hit: curobo::kinematics::kinematics_forward_spheres_kernel<15, 32>
2026-09-12T21:39:33.130 DEBUG   :curobo                                  :Cache hit: curobo::kinematics::kinematics_backward_kernel<float, float, 16, true, false, false>
2026-09-12T21:39:33.130 DEBUG   :curobo                                  :Cache hit: curobo::trajectory::bspline::bspline_backward_kernel<3, float, (curobo::trajectory::bspline::BasisBackend)2>
2026-09-12T21:39:33.130 DEBUG   :curobo                                  :Cache hit: curobo::optimization::line_search::kernel_line_search<float, 4>
2026-09-12T21:39:33.131 DEBUG   :curobo                                  :Cache hit: curobo::optimization::kernel_lbfgs_step_shared_memory<float, false, 27>
2026-09-12T21:39:33.131 DEBUG   :curobo                                  :Cache hit: curobo::trajectory::bspline::interpolate_bspline_kernel<float, 3, (curobo::trajectory::bspline::BasisBackend)2>
2026-09-12T21:39:33.131 DEBUG   :curobo                                  :Cache hit: curobo::kinematics::kinematics_forward_spheres_kernel<15, 32>
2026-09-12T21:39:33.133 DEBUG   :curobo                                  :Cache hit: curobo::kinematics::kinematics_backward_kernel<float, float, 16, true, false, false>
2026-09-12T21:39:33.133 DEBUG   :curobo                                  :Cache hit: curobo::trajectory::bspline::bspline_backward_kernel<3, float, (curobo::trajectory::bspline::BasisBackend)2>
2026-09-12T21:39:33.133 DEBUG   :curobo                                  :Cache hit: curobo::optimization::line_search::kernel_line_search<float, 4>
2026-09-12T21:39:33.133 DEBUG   :curobo                                  :Cache hit: curobo::optimization::kernel_lbfgs_step_shared_memory<float, false, 27>
2026-09-12T21:39:33.134 DEBUG   :curobo                                  :Cache hit: curobo::trajectory::bspline::interpolate_bspline_kernel<float, 3, (curobo::trajectory::bspline::BasisBackend)2>
2026-09-12T21:39:33.134 DEBUG   :curobo                                  :Cache hit: curobo::kinematics::kinematics_forward_spheres_kernel<15, 32>
2026-09-12T21:39:33.135 DEBUG   :curobo                                  :Cache hit: curobo::kinematics::kinematics_backward_kernel<float, float, 16, true, false, false>
2026-09-12T21:39:33.135 DEBUG   :curobo                                  :Cache hit: curobo::trajectory::bspline::bspline_backward_kernel<3, float, (curobo::trajectory::bspline::BasisBackend)2>
2026-09-12T21:39:33.136 DEBUG   :curobo                                  :Cache hit: curobo::optimization::line_search::kernel_line_search<float, 4>
2026-09-12T21:39:33.136 DEBUG   :curobo                                  :Cache hit: curobo::optimization::kernel_lbfgs_step_shared_memory<float, false, 27>
2026-09-12T21:39:33.136 DEBUG   :curobo                                  :Cache hit: curobo::trajectory::bspline::interpolate_bspline_kernel<float, 3, (curobo::trajectory::bspline::BasisBackend)2>
2026-09-12T21:39:33.137 DEBUG   :curobo                                  :Cache hit: curobo::kinematics::kinematics_forward_spheres_kernel<15, 32>
2026-09-12T21:39:33.138 DEBUG   :curobo                                  :Cache hit: curobo::kinematics::kinematics_backward_kernel<float, float, 16, true, false, false>
2026-09-12T21:39:33.138 DEBUG   :curobo                                  :Cache hit: curobo::trajectory::bspline::bspline_backward_kernel<3, float, (curobo::trajectory::bspline::BasisBackend)2>
2026-09-12T21:39:33.138 DEBUG   :curobo                                  :Cache hit: curobo::optimization::line_search::kernel_line_search<float, 4>
2026-09-12T21:39:33.139 DEBUG   :curobo                                  :Cache hit: curobo::optimization::kernel_lbfgs_step_shared_memory<float, false, 27>
2026-09-12T21:39:33.139 DEBUG   :curobo                                  :Cache hit: curobo::trajectory::bspline::interpolate_bspline_kernel<float, 3, (curobo::trajectory::bspline::BasisBackend)2>
2026-09-12T21:39:33.139 DEBUG   :curobo                                  :Cache hit: curobo::kinematics::kinematics_forward_spheres_kernel<15, 32>
2026-09-12T21:39:33.140 DEBUG   :curobo                                  :Cache hit: curobo::kinematics::kinematics_backward_kernel<float, float, 16, true, false, false>
2026-09-12T21:39:33.140 DEBUG   :curobo                                  :Cache hit: curobo::trajectory::bspline::bspline_backward_kernel<3, float, (curobo::trajectory::bspline::BasisBackend)2>
2026-09-12T21:39:33.141 DEBUG   :curobo                                  :Cache hit: curobo::optimization::line_search::kernel_line_search<float, 4>
2026-09-12T21:39:33.141 DEBUG   :curobo                                  :Cache hit: curobo::optimization::kernel_lbfgs_step_shared_memory<float, false, 27>
2026-09-12T21:39:33.141 DEBUG   :curobo                                  :Cache hit: curobo::trajectory::bspline::interpolate_bspline_kernel<float, 3, (curobo::trajectory::bspline::BasisBackend)2>
2026-09-12T21:39:33.142 DEBUG   :curobo                                  :Cache hit: curobo::kinematics::kinematics_forward_spheres_kernel<15, 32>
2026-09-12T21:39:33.143 DEBUG   :curobo                                  :Cache hit: curobo::kinematics::kinematics_backward_kernel<float, float, 16, true, false, false>
2026-09-12T21:39:33.143 DEBUG   :curobo                                  :Cache hit: curobo::trajectory::bspline::bspline_backward_kernel<3, float, (curobo::trajectory::bspline::BasisBackend)2>
2026-09-12T21:39:33.143 DEBUG   :curobo                                  :Cache hit: curobo::optimization::line_search::kernel_line_search<float, 4>
2026-09-12T21:39:33.143 DEBUG   :curobo                                  :Cache hit: curobo::optimization::kernel_lbfgs_step_shared_memory<float, false, 27>
2026-09-12T21:39:33.144 DEBUG   :curobo                                  :Cache hit: curobo::trajectory::bspline::interpolate_bspline_kernel<float, 3, (curobo::trajectory::bspline::BasisBackend)2>
2026-09-12T21:39:33.144 DEBUG   :curobo                                  :Cache hit: curobo::kinematics::kinematics_forward_spheres_kernel<15, 32>
2026-09-12T21:39:33.145 DEBUG   :curobo                                  :Cache hit: curobo::kinematics::kinematics_backward_kernel<float, float, 16, true, false, false>
2026-09-12T21:39:33.145 DEBUG   :curobo                                  :Cache hit: curobo::trajectory::bspline::bspline_backward_kernel<3, float, (curobo::trajectory::bspline::BasisBackend)2>
2026-09-12T21:39:33.146 DEBUG   :curobo                                  :Cache hit: curobo::optimization::line_search::kernel_line_search<float, 4>
2026-09-12T21:39:33.146 DEBUG   :curobo                                  :Cache hit: curobo::optimization::kernel_lbfgs_step_shared_memory<float, false, 27>
2026-09-12T21:39:33.147 DEBUG   :curobo                                  :Cache hit: curobo::trajectory::bspline::interpolate_bspline_kernel<float, 3, (curobo::trajectory::bspline::BasisBackend)2>
2026-09-12T21:39:33.148 DEBUG   :curobo                                  :Cache hit: curobo::kinematics::kinematics_forward_spheres_kernel<15, 32>
2026-09-12T21:39:33.149 DEBUG   :curobo                                  :Cache hit: curobo::kinematics::kinematics_backward_kernel<float, float, 16, true, false, false>
2026-09-12T21:39:33.149 DEBUG   :curobo                                  :Cache hit: curobo::trajectory::bspline::bspline_backward_kernel<3, float, (curobo::trajectory::bspline::BasisBackend)2>
2026-09-12T21:39:33.149 DEBUG   :curobo                                  :Cache hit: curobo::optimization::line_search::kernel_line_search<float, 4>
2026-09-12T21:39:33.149 DEBUG   :curobo                                  :Cache hit: curobo::optimization::kernel_lbfgs_step_shared_memory<float, false, 27>
2026-09-12T21:39:33.150 DEBUG   :curobo                                  :Cache hit: curobo::trajectory::bspline::interpolate_bspline_kernel<float, 3, (curobo::trajectory::bspline::BasisBackend)2>
2026-09-12T21:39:33.150 DEBUG   :curobo                                  :Cache hit: curobo::kinematics::kinematics_forward_spheres_kernel<15, 32>
2026-09-12T21:39:33.151 DEBUG   :curobo                                  :Cache hit: curobo::kinematics::kinematics_backward_kernel<float, float, 16, true, false, false>
2026-09-12T21:39:33.151 DEBUG   :curobo                                  :Cache hit: curobo::trajectory::bspline::bspline_backward_kernel<3, float, (curobo::trajectory::bspline::BasisBackend)2>
2026-09-12T21:39:33.151 DEBUG   :curobo                                  :Cache hit: curobo::optimization::line_search::kernel_line_search<float, 4>
2026-09-12T21:39:33.151 DEBUG   :curobo                                  :Cache hit: curobo::optimization::kernel_lbfgs_step_shared_memory<float, false, 27>
2026-09-12T21:39:33.151 DEBUG   :curobo                                  :Cache hit: curobo::trajectory::bspline::interpolate_bspline_kernel<float, 3, (curobo::trajectory::bspline::BasisBackend)2>
2026-09-12T21:39:33.152 DEBUG   :curobo                                  :Cache hit: curobo::kinematics::kinematics_forward_spheres_kernel<15, 32>
2026-09-12T21:39:33.153 DEBUG   :curobo                                  :Cache hit: curobo::kinematics::kinematics_backward_kernel<float, float, 16, true, false, false>
2026-09-12T21:39:33.153 DEBUG   :curobo                                  :Cache hit: curobo::trajectory::bspline::bspline_backward_kernel<3, float, (curobo::trajectory::bspline::BasisBackend)2>
2026-09-12T21:39:33.153 DEBUG   :curobo                                  :Cache hit: curobo::optimization::line_search::kernel_line_search<float, 4>
2026-09-12T21:39:33.153 DEBUG   :curobo                                  :Cache hit: curobo::optimization::kernel_lbfgs_step_shared_memory<float, false, 27>
2026-09-12T21:39:33.154 DEBUG   :curobo                                  :Cache hit: curobo::trajectory::bspline::interpolate_bspline_kernel<float, 3, (curobo::trajectory::bspline::BasisBackend)2>
2026-09-12T21:39:33.154 DEBUG   :curobo                                  :Cache hit: curobo::kinematics::kinematics_forward_spheres_kernel<15, 32>
2026-09-12T21:39:33.155 DEBUG   :curobo                                  :Cache hit: curobo::kinematics::kinematics_backward_kernel<float, float, 16, true, false, false>
2026-09-12T21:39:33.155 DEBUG   :curobo                                  :Cache hit: curobo::trajectory::bspline::bspline_backward_kernel<3, float, (curobo::trajectory::bspline::BasisBackend)2>
2026-09-12T21:39:33.155 DEBUG   :curobo                                  :Cache hit: curobo::optimization::line_search::kernel_line_search<float, 4>
2026-09-12T21:39:33.156 DEBUG   :curobo                                  :Cache hit: curobo::optimization::kernel_lbfgs_step_shared_memory<float, false, 27>
2026-09-12T21:39:33.156 DEBUG   :curobo                                  :Cache hit: curobo::trajectory::bspline::interpolate_bspline_kernel<float, 3, (curobo::trajectory::bspline::BasisBackend)2>
2026-09-12T21:39:33.156 DEBUG   :curobo                                  :Cache hit: curobo::kinematics::kinematics_forward_spheres_kernel<15, 32>
2026-09-12T21:39:33.158 DEBUG   :curobo                                  :Cache hit: curobo::kinematics::kinematics_backward_kernel<float, float, 16, true, false, false>
2026-09-12T21:39:33.158 DEBUG   :curobo                                  :Cache hit: curobo::trajectory::bspline::bspline_backward_kernel<3, float, (curobo::trajectory::bspline::BasisBackend)2>
2026-09-12T21:39:33.158 DEBUG   :curobo                                  :Cache hit: curobo::optimization::line_search::kernel_line_search<float, 4>
2026-09-12T21:39:33.158 DEBUG   :curobo                                  :Cache hit: curobo::optimization::kernel_lbfgs_step_shared_memory<float, false, 27>
2026-09-12T21:39:33.159 DEBUG   :curobo                                  :Cache hit: curobo::trajectory::bspline::interpolate_bspline_kernel<float, 3, (curobo::trajectory::bspline::BasisBackend)2>
2026-09-12T21:39:33.159 DEBUG   :curobo                                  :Cache hit: curobo::kinematics::kinematics_forward_spheres_kernel<15, 32>
2026-09-12T21:39:33.160 DEBUG   :curobo                                  :Cache hit: curobo::kinematics::kinematics_backward_kernel<float, float, 16, true, false, false>
2026-09-12T21:39:33.160 DEBUG   :curobo                                  :Cache hit: curobo::trajectory::bspline::bspline_backward_kernel<3, float, (curobo::trajectory::bspline::BasisBackend)2>
2026-09-12T21:39:33.161 DEBUG   :curobo                                  :Cache hit: curobo::optimization::line_search::kernel_line_search<float, 4>
2026-09-12T21:39:33.161 DEBUG   :curobo                                  :Cache hit: curobo::optimization::kernel_lbfgs_step_shared_memory<float, false, 27>
2026-09-12T21:39:33.161 DEBUG   :curobo                                  :Cache hit: curobo::trajectory::bspline::interpolate_bspline_kernel<float, 3, (curobo::trajectory::bspline::BasisBackend)2>
2026-09-12T21:39:33.162 DEBUG   :curobo                                  :Cache hit: curobo::kinematics::kinematics_forward_spheres_kernel<15, 32>
2026-09-12T21:39:33.163 DEBUG   :curobo                                  :Cache hit: curobo::kinematics::kinematics_backward_kernel<float, float, 16, true, false, false>
2026-09-12T21:39:33.163 DEBUG   :curobo                                  :Cache hit: curobo::trajectory::bspline::bspline_backward_kernel<3, float, (curobo::trajectory::bspline::BasisBackend)2>
2026-09-12T21:39:33.163 DEBUG   :curobo                                  :Cache hit: curobo::optimization::line_search::kernel_line_search<float, 4>
2026-09-12T21:39:33.164 DEBUG   :curobo                                  :Cache hit: curobo::optimization::kernel_lbfgs_step_shared_memory<float, false, 27>
2026-09-12T21:39:33.164 DEBUG   :curobo                                  :Cache hit: curobo::trajectory::bspline::interpolate_bspline_kernel<float, 3, (curobo::trajectory::bspline::BasisBackend)2>
2026-09-12T21:39:33.164 DEBUG   :curobo                                  :Cache hit: curobo::kinematics::kinematics_forward_spheres_kernel<15, 32>
2026-09-12T21:39:33.166 DEBUG   :curobo                                  :Cache hit: curobo::kinematics::kinematics_backward_kernel<float, float, 16, true, false, false>
2026-09-12T21:39:33.166 DEBUG   :curobo                                  :Cache hit: curobo::trajectory::bspline::bspline_backward_kernel<3, float, (curobo::trajectory::bspline::BasisBackend)2>
2026-09-12T21:39:33.166 DEBUG   :curobo                                  :Cache hit: curobo::optimization::line_search::kernel_line_search<float, 4>
2026-09-12T21:39:33.166 DEBUG   :curobo                                  :Cache hit: curobo::optimization::kernel_lbfgs_step_shared_memory<float, false, 27>
2026-09-12T21:39:33.167 DEBUG   :curobo                                  :Cache hit: curobo::trajectory::bspline::interpolate_bspline_kernel<float, 3, (curobo::trajectory::bspline::BasisBackend)2>
2026-09-12T21:39:33.167 DEBUG   :curobo                                  :Cache hit: curobo::kinematics::kinematics_forward_spheres_kernel<15, 32>
2026-09-12T21:39:33.168 DEBUG   :curobo                                  :Cache hit: curobo::kinematics::kinematics_backward_kernel<float, float, 16, true, false, false>
2026-09-12T21:39:33.169 DEBUG   :curobo                                  :Cache hit: curobo::trajectory::bspline::bspline_backward_kernel<3, float, (curobo::trajectory::bspline::BasisBackend)2>
2026-09-12T21:39:33.169 DEBUG   :curobo                                  :Cache hit: curobo::optimization::line_search::kernel_line_search<float, 4>
2026-09-12T21:39:33.169 DEBUG   :curobo                                  :Cache hit: curobo::optimization::kernel_lbfgs_step_shared_memory<float, false, 27>
2026-09-12T21:39:33.170 DEBUG   :curobo                                  :Cache hit: curobo::trajectory::bspline::interpolate_bspline_kernel<float, 3, (curobo::trajectory::bspline::BasisBackend)2>
2026-09-12T21:39:33.170 DEBUG   :curobo                                  :Cache hit: curobo::kinematics::kinematics_forward_spheres_kernel<15, 32>
2026-09-12T21:39:33.171 DEBUG   :curobo                                  :Cache hit: curobo::kinematics::kinematics_backward_kernel<float, float, 16, true, false, false>
2026-09-12T21:39:33.171 DEBUG   :curobo                                  :Cache hit: curobo::trajectory::bspline::bspline_backward_kernel<3, float, (curobo::trajectory::bspline::BasisBackend)2>
2026-09-12T21:39:33.171 DEBUG   :curobo                                  :Cache hit: curobo::optimization::line_search::kernel_line_search<float, 4>
2026-09-12T21:39:33.172 DEBUG   :curobo                                  :Cache hit: curobo::optimization::kernel_lbfgs_step_shared_memory<float, false, 27>
2026-09-12T21:39:33.172 DEBUG   :curobo                                  :Cache hit: curobo::trajectory::bspline::interpolate_bspline_kernel<float, 3, (curobo::trajectory::bspline::BasisBackend)2>
2026-09-12T21:39:33.172 DEBUG   :curobo                                  :Cache hit: curobo::kinematics::kinematics_forward_spheres_kernel<15, 32>
2026-09-12T21:39:33.173 DEBUG   :curobo                                  :Cache hit: curobo::kinematics::kinematics_backward_kernel<float, float, 16, true, false, false>
2026-09-12T21:39:33.174 DEBUG   :curobo                                  :Cache hit: curobo::trajectory::bspline::bspline_backward_kernel<3, float, (curobo::trajectory::bspline::BasisBackend)2>
2026-09-12T21:39:33.174 DEBUG   :curobo                                  :Cache hit: curobo::optimization::line_search::kernel_line_search<float, 4>
2026-09-12T21:39:33.174 DEBUG   :curobo                                  :Cache hit: curobo::optimization::kernel_lbfgs_step_shared_memory<float, false, 27>
2026-09-12T21:39:33.174 DEBUG   :curobo                                  :Cache hit: curobo::trajectory::bspline::interpolate_bspline_kernel<float, 3, (curobo::trajectory::bspline::BasisBackend)2>
2026-09-12T21:39:33.175 DEBUG   :curobo                                  :Cache hit: curobo::kinematics::kinematics_forward_spheres_kernel<15, 32>
2026-09-12T21:39:33.176 DEBUG   :curobo                                  :Cache hit: curobo::kinematics::kinematics_backward_kernel<float, float, 16, true, false, false>
2026-09-12T21:39:33.176 DEBUG   :curobo                                  :Cache hit: curobo::trajectory::bspline::bspline_backward_kernel<3, float, (curobo::trajectory::bspline::BasisBackend)2>
2026-09-12T21:39:33.176 DEBUG   :curobo                                  :Cache hit: curobo::optimization::line_search::kernel_line_search<float, 4>
2026-09-12T21:39:33.177 DEBUG   :curobo                                  :Cache hit: curobo::optimization::kernel_lbfgs_step_shared_memory<float, false, 27>
2026-09-12T21:39:33.177 DEBUG   :curobo                                  :Cache hit: curobo::trajectory::bspline::interpolate_bspline_kernel<float, 3, (curobo::trajectory::bspline::BasisBackend)2>
2026-09-12T21:39:33.177 DEBUG   :curobo                                  :Cache hit: curobo::kinematics::kinematics_forward_spheres_kernel<15, 32>
2026-09-12T21:39:33.178 DEBUG   :curobo                                  :Cache hit: curobo::kinematics::kinematics_backward_kernel<float, float, 16, true, false, false>
2026-09-12T21:39:33.178 DEBUG   :curobo                                  :Cache hit: curobo::trajectory::bspline::bspline_backward_kernel<3, float, (curobo::trajectory::bspline::BasisBackend)2>
2026-09-12T21:39:33.179 DEBUG   :curobo                                  :Cache hit: curobo::optimization::line_search::kernel_line_search<float, 4>
2026-09-12T21:39:33.179 DEBUG   :curobo                                  :Cache hit: curobo::optimization::kernel_lbfgs_step_shared_memory<float, false, 27>
2026-09-12T21:39:33.179 DEBUG   :curobo                                  :Cache hit: curobo::trajectory::bspline::interpolate_bspline_kernel<float, 3, (curobo::trajectory::bspline::BasisBackend)2>
2026-09-12T21:39:33.179 DEBUG   :curobo                                  :Cache hit: curobo::kinematics::kinematics_forward_spheres_kernel<15, 32>
2026-09-12T21:39:33.181 DEBUG   :curobo                                  :Cache hit: curobo::kinematics::kinematics_backward_kernel<float, float, 16, true, false, false>
2026-09-12T21:39:33.181 DEBUG   :curobo                                  :Cache hit: curobo::trajectory::bspline::bspline_backward_kernel<3, float, (curobo::trajectory::bspline::BasisBackend)2>
2026-09-12T21:39:33.181 DEBUG   :curobo                                  :Cache hit: curobo::optimization::line_search::kernel_line_search<float, 4>
2026-09-12T21:39:33.182 DEBUG   :curobo                                  :Cache hit: curobo::optimization::kernel_lbfgs_step_shared_memory<float, false, 27>
2026-09-12T21:39:33.182 DEBUG   :curobo                                  :Cache hit: curobo::trajectory::bspline::interpolate_bspline_kernel<float, 3, (curobo::trajectory::bspline::BasisBackend)2>
2026-09-12T21:39:33.183 DEBUG   :curobo                                  :Cache hit: curobo::kinematics::kinematics_forward_spheres_kernel<15, 32>
2026-09-12T21:39:33.184 DEBUG   :curobo                                  :Cache hit: curobo::kinematics::kinematics_backward_kernel<float, float, 16, true, false, false>
2026-09-12T21:39:33.185 DEBUG   :curobo                                  :Cache hit: curobo::trajectory::bspline::bspline_backward_kernel<3, float, (curobo::trajectory::bspline::BasisBackend)2>
2026-09-12T21:39:33.185 DEBUG   :curobo                                  :Cache hit: curobo::optimization::line_search::kernel_line_search<float, 4>
2026-09-12T21:39:33.186 DEBUG   :curobo                                  :Cache hit: curobo::optimization::kernel_lbfgs_step_shared_memory<float, false, 27>
2026-09-12T21:39:33.186 DEBUG   :curobo                                  :Cache hit: curobo::trajectory::bspline::interpolate_bspline_kernel<float, 3, (curobo::trajectory::bspline::BasisBackend)2>
2026-09-12T21:39:33.187 DEBUG   :curobo                                  :Cache hit: curobo::kinematics::kinematics_forward_spheres_kernel<15, 32>
2026-09-12T21:39:33.189 DEBUG   :curobo                                  :Cache hit: curobo::kinematics::kinematics_backward_kernel<float, float, 16, true, false, false>
2026-09-12T21:39:33.189 DEBUG   :curobo                                  :Cache hit: curobo::trajectory::bspline::bspline_backward_kernel<3, float, (curobo::trajectory::bspline::BasisBackend)2>
2026-09-12T21:39:33.189 DEBUG   :curobo                                  :Cache hit: curobo::optimization::line_search::kernel_line_search<float, 4>
2026-09-12T21:39:33.190 DEBUG   :curobo                                  :Cache hit: curobo::optimization::kernel_lbfgs_step_shared_memory<float, false, 27>
2026-09-12T21:39:33.190 DEBUG   :curobo                                  :Cache hit: curobo::trajectory::bspline::interpolate_bspline_kernel<float, 3, (curobo::trajectory::bspline::BasisBackend)2>
2026-09-12T21:39:33.191 DEBUG   :curobo                                  :Cache hit: curobo::kinematics::kinematics_forward_spheres_kernel<15, 32>
2026-09-12T21:39:33.195 DEBUG   :curobo                                  :Cache hit: curobo::kinematics::kinematics_backward_kernel<float, float, 16, true, false, false>
2026-09-12T21:39:33.195 DEBUG   :curobo                                  :Cache hit: curobo::trajectory::bspline::bspline_backward_kernel<3, float, (curobo::trajectory::bspline::BasisBackend)2>
2026-09-12T21:39:33.195 DEBUG   :curobo                                  :Cache hit: curobo::optimization::line_search::kernel_line_search<float, 4>
2026-09-12T21:39:33.196 DEBUG   :curobo                                  :Cache hit: curobo::optimization::kernel_lbfgs_step_shared_memory<float, false, 27>
2026-09-12T21:39:33.196 DEBUG   :curobo                                  :Cache hit: curobo::trajectory::bspline::interpolate_bspline_kernel<float, 3, (curobo::trajectory::bspline::BasisBackend)2>
2026-09-12T21:39:33.197 DEBUG   :curobo                                  :Cache hit: curobo::kinematics::kinematics_forward_spheres_kernel<15, 32>
2026-09-12T21:39:33.199 DEBUG   :curobo                                  :Cache hit: curobo::kinematics::kinematics_backward_kernel<float, float, 16, true, false, false>
2026-09-12T21:39:33.199 DEBUG   :curobo                                  :Cache hit: curobo::trajectory::bspline::bspline_backward_kernel<3, float, (curobo::trajectory::bspline::BasisBackend)2>
2026-09-12T21:39:33.199 DEBUG   :curobo                                  :Cache hit: curobo::optimization::line_search::kernel_line_search<float, 4>
2026-09-12T21:39:33.200 DEBUG   :curobo                                  :Cache hit: curobo::optimization::kernel_lbfgs_step_shared_memory<float, false, 27>
2026-09-12T21:39:33.200 DEBUG   :curobo                                  :Cache hit: curobo::trajectory::bspline::interpolate_bspline_kernel<float, 3, (curobo::trajectory::bspline::BasisBackend)2>
2026-09-12T21:39:33.200 DEBUG   :curobo                                  :Cache hit: curobo::kinematics::kinematics_forward_spheres_kernel<15, 32>
2026-09-12T21:39:33.202 DEBUG   :curobo                                  :Cache hit: curobo::kinematics::kinematics_backward_kernel<float, float, 16, true, false, false>
2026-09-12T21:39:33.202 DEBUG   :curobo                                  :Cache hit: curobo::trajectory::bspline::bspline_backward_kernel<3, float, (curobo::trajectory::bspline::BasisBackend)2>
2026-09-12T21:39:33.203 DEBUG   :curobo                                  :Cache hit: curobo::optimization::line_search::kernel_line_search<float, 4>
2026-09-12T21:39:33.203 DEBUG   :curobo                                  :Cache hit: curobo::optimization::kernel_lbfgs_step_shared_memory<float, false, 27>
2026-09-12T21:39:33.204 DEBUG   :curobo                                  :Cache hit: curobo::trajectory::bspline::interpolate_bspline_kernel<float, 3, (curobo::trajectory::bspline::BasisBackend)2>
2026-09-12T21:39:33.204 DEBUG   :curobo                                  :Cache hit: curobo::kinematics::kinematics_forward_spheres_kernel<15, 32>
2026-09-12T21:39:33.205 DEBUG   :curobo                                  :Cache hit: curobo::kinematics::kinematics_backward_kernel<float, float, 16, true, false, false>
2026-09-12T21:39:33.206 DEBUG   :curobo                                  :Cache hit: curobo::trajectory::bspline::bspline_backward_kernel<3, float, (curobo::trajectory::bspline::BasisBackend)2>
2026-09-12T21:39:33.206 DEBUG   :curobo                                  :Cache hit: curobo::optimization::line_search::kernel_line_search<float, 4>
2026-09-12T21:39:33.206 DEBUG   :curobo                                  :Cache hit: curobo::optimization::kernel_lbfgs_step_shared_memory<float, false, 27>
2026-09-12T21:39:33.207 DEBUG   :curobo                                  :Cache hit: curobo::trajectory::bspline::interpolate_bspline_kernel<float, 3, (curobo::trajectory::bspline::BasisBackend)2>
2026-09-12T21:39:33.207 DEBUG   :curobo                                  :Cache hit: curobo::kinematics::kinematics_forward_spheres_kernel<15, 32>
2026-09-12T21:39:33.208 DEBUG   :curobo                                  :Cache hit: curobo::kinematics::kinematics_backward_kernel<float, float, 16, true, false, false>
2026-09-12T21:39:33.208 DEBUG   :curobo                                  :Cache hit: curobo::trajectory::bspline::bspline_backward_kernel<3, float, (curobo::trajectory::bspline::BasisBackend)2>
2026-09-12T21:39:33.209 DEBUG   :curobo                                  :Cache hit: curobo::optimization::line_search::kernel_line_search<float, 4>
2026-09-12T21:39:33.209 DEBUG   :curobo                                  :Cache hit: curobo::optimization::kernel_lbfgs_step_shared_memory<float, false, 27>
2026-09-12T21:39:33.210 DEBUG   :curobo                                  :Cache hit: curobo::trajectory::bspline::interpolate_bspline_kernel<float, 3, (curobo::trajectory::bspline::BasisBackend)2>
2026-09-12T21:39:33.210 DEBUG   :curobo                                  :Cache hit: curobo::kinematics::kinematics_forward_spheres_kernel<15, 32>
2026-09-12T21:39:33.212 DEBUG   :curobo                                  :Cache hit: curobo::kinematics::kinematics_backward_kernel<float, float, 16, true, false, false>
2026-09-12T21:39:33.212 DEBUG   :curobo                                  :Cache hit: curobo::trajectory::bspline::bspline_backward_kernel<3, float, (curobo::trajectory::bspline::BasisBackend)2>
2026-09-12T21:39:33.212 DEBUG   :curobo                                  :Cache hit: curobo::optimization::line_search::kernel_line_search<float, 4>
2026-09-12T21:39:33.213 DEBUG   :curobo                                  :Cache hit: curobo::optimization::kernel_lbfgs_step_shared_memory<float, false, 27>
2026-09-12T21:39:33.213 DEBUG   :curobo                                  :Cache hit: curobo::trajectory::bspline::interpolate_bspline_kernel<float, 3, (curobo::trajectory::bspline::BasisBackend)2>
2026-09-12T21:39:33.214 DEBUG   :curobo                                  :Cache hit: curobo::kinematics::kinematics_forward_spheres_kernel<15, 32>
2026-09-12T21:39:33.215 DEBUG   :curobo                                  :Cache hit: curobo::kinematics::kinematics_backward_kernel<float, float, 16, true, false, false>
2026-09-12T21:39:33.216 DEBUG   :curobo                                  :Cache hit: curobo::trajectory::bspline::bspline_backward_kernel<3, float, (curobo::trajectory::bspline::BasisBackend)2>
2026-09-12T21:39:33.216 DEBUG   :curobo                                  :Cache hit: curobo::optimization::line_search::kernel_line_search<float, 4>
2026-09-12T21:39:33.217 DEBUG   :curobo                                  :Cache hit: curobo::optimization::kernel_lbfgs_step_shared_memory<float, false, 27>
2026-09-12T21:39:33.217 DEBUG   :curobo                                  :Cache hit: curobo::trajectory::bspline::interpolate_bspline_kernel<float, 3, (curobo::trajectory::bspline::BasisBackend)2>
2026-09-12T21:39:33.218 DEBUG   :curobo                                  :Cache hit: curobo::kinematics::kinematics_forward_spheres_kernel<15, 32>
2026-09-12T21:39:33.220 DEBUG   :curobo                                  :Cache hit: curobo::kinematics::kinematics_backward_kernel<float, float, 16, true, false, false>
2026-09-12T21:39:33.220 DEBUG   :curobo                                  :Cache hit: curobo::trajectory::bspline::bspline_backward_kernel<3, float, (curobo::trajectory::bspline::BasisBackend)2>
2026-09-12T21:39:33.220 DEBUG   :curobo                                  :Cache hit: curobo::optimization::line_search::kernel_line_search<float, 4>
2026-09-12T21:39:33.221 DEBUG   :curobo                                  :Cache hit: curobo::optimization::kernel_lbfgs_step_shared_memory<float, false, 27>
2026-09-12T21:39:33.221 DEBUG   :curobo                                  :Cache hit: curobo::trajectory::bspline::interpolate_bspline_kernel<float, 3, (curobo::trajectory::bspline::BasisBackend)2>
2026-09-12T21:39:33.222 DEBUG   :curobo                                  :Cache hit: curobo::kinematics::kinematics_forward_spheres_kernel<15, 32>
2026-09-12T21:39:33.224 DEBUG   :curobo                                  :Cache hit: curobo::kinematics::kinematics_backward_kernel<float, float, 16, true, false, false>
2026-09-12T21:39:33.224 DEBUG   :curobo                                  :Cache hit: curobo::trajectory::bspline::bspline_backward_kernel<3, float, (curobo::trajectory::bspline::BasisBackend)2>
2026-09-12T21:39:33.224 DEBUG   :curobo                                  :Cache hit: curobo::optimization::line_search::kernel_line_search<float, 4>
2026-09-12T21:39:33.225 DEBUG   :curobo                                  :Cache hit: curobo::optimization::kernel_lbfgs_step_shared_memory<float, false, 27>
2026-09-12T21:39:33.226 DEBUG   :curobo                                  :Cache hit: curobo::trajectory::bspline::interpolate_bspline_kernel<float, 3, (curobo::trajectory::bspline::BasisBackend)2>
2026-09-12T21:39:33.226 DEBUG   :curobo                                  :Cache hit: curobo::kinematics::kinematics_forward_spheres_kernel<15, 32>
2026-09-12T21:39:33.228 DEBUG   :curobo                                  :Cache hit: curobo::kinematics::kinematics_backward_kernel<float, float, 16, true, false, false>
2026-09-12T21:39:33.228 DEBUG   :curobo                                  :Cache hit: curobo::trajectory::bspline::bspline_backward_kernel<3, float, (curobo::trajectory::bspline::BasisBackend)2>
2026-09-12T21:39:33.228 DEBUG   :curobo                                  :Cache hit: curobo::optimization::line_search::kernel_line_search<float, 4>
2026-09-12T21:39:33.229 DEBUG   :curobo                                  :Cache hit: curobo::optimization::kernel_lbfgs_step_shared_memory<float, false, 27>
2026-09-12T21:39:33.229 DEBUG   :curobo                                  :Cache hit: curobo::trajectory::bspline::interpolate_bspline_kernel<float, 3, (curobo::trajectory::bspline::BasisBackend)2>
2026-09-12T21:39:33.229 DEBUG   :curobo                                  :Cache hit: curobo::kinematics::kinematics_forward_spheres_kernel<15, 32>
2026-09-12T21:39:33.231 DEBUG   :curobo                                  :Cache hit: curobo::kinematics::kinematics_backward_kernel<float, float, 16, true, false, false>
2026-09-12T21:39:33.231 DEBUG   :curobo                                  :Cache hit: curobo::trajectory::bspline::bspline_backward_kernel<3, float, (curobo::trajectory::bspline::BasisBackend)2>
2026-09-12T21:39:33.231 DEBUG   :curobo                                  :Cache hit: curobo::optimization::line_search::kernel_line_search<float, 4>
2026-09-12T21:39:33.232 DEBUG   :curobo                                  :Cache hit: curobo::optimization::kernel_lbfgs_step_shared_memory<float, false, 27>
2026-09-12T21:39:33.232 DEBUG   :curobo                                  :Cache hit: curobo::trajectory::bspline::interpolate_bspline_kernel<float, 3, (curobo::trajectory::bspline::BasisBackend)2>
2026-09-12T21:39:33.233 DEBUG   :curobo                                  :Cache hit: curobo::kinematics::kinematics_forward_spheres_kernel<15, 32>
2026-09-12T21:39:33.234 DEBUG   :curobo                                  :Cache hit: curobo::kinematics::kinematics_backward_kernel<float, float, 16, true, false, false>
2026-09-12T21:39:33.235 DEBUG   :curobo                                  :Cache hit: curobo::trajectory::bspline::bspline_backward_kernel<3, float, (curobo::trajectory::bspline::BasisBackend)2>
2026-09-12T21:39:33.235 DEBUG   :curobo                                  :Cache hit: curobo::optimization::line_search::kernel_line_search<float, 4>
2026-09-12T21:39:33.235 DEBUG   :curobo                                  :Cache hit: curobo::optimization::kernel_lbfgs_step_shared_memory<float, false, 27>
2026-09-12T21:39:33.236 DEBUG   :curobo                                  :Cache hit: curobo::trajectory::bspline::interpolate_bspline_kernel<float, 3, (curobo::trajectory::bspline::BasisBackend)2>
2026-09-12T21:39:33.236 DEBUG   :curobo                                  :Cache hit: curobo::kinematics::kinematics_forward_spheres_kernel<15, 32>
2026-09-12T21:39:33.238 DEBUG   :curobo                                  :Cache hit: curobo::kinematics::kinematics_backward_kernel<float, float, 16, true, false, false>
2026-09-12T21:39:33.238 DEBUG   :curobo                                  :Cache hit: curobo::trajectory::bspline::bspline_backward_kernel<3, float, (curobo::trajectory::bspline::BasisBackend)2>
2026-09-12T21:39:33.239 DEBUG   :curobo                                  :Cache hit: curobo::optimization::line_search::kernel_line_search<float, 4>
2026-09-12T21:39:33.239 DEBUG   :curobo                                  :Cache hit: curobo::optimization::kernel_lbfgs_step_shared_memory<float, false, 27>
2026-09-12T21:39:33.240 DEBUG   :curobo                                  :Cache hit: curobo::trajectory::bspline::interpolate_bspline_kernel<float, 3, (curobo::trajectory::bspline::BasisBackend)2>
2026-09-12T21:39:33.240 DEBUG   :curobo                                  :Cache hit: curobo::kinematics::kinematics_forward_spheres_kernel<15, 32>
2026-09-12T21:39:33.243 DEBUG   :curobo                                  :Cache hit: curobo::kinematics::kinematics_backward_kernel<float, float, 16, true, false, false>
2026-09-12T21:39:33.243 DEBUG   :curobo                                  :Cache hit: curobo::trajectory::bspline::bspline_backward_kernel<3, float, (curobo::trajectory::bspline::BasisBackend)2>
2026-09-12T21:39:33.244 DEBUG   :curobo                                  :Cache hit: curobo::optimization::line_search::kernel_line_search<float, 4>
2026-09-12T21:39:33.244 DEBUG   :curobo                                  :Cache hit: curobo::optimization::kernel_lbfgs_step_shared_memory<float, false, 27>
2026-09-12T21:39:33.245 DEBUG   :curobo                                  :Cache hit: curobo::trajectory::bspline::interpolate_bspline_kernel<float, 3, (curobo::trajectory::bspline::BasisBackend)2>
2026-09-12T21:39:33.245 DEBUG   :curobo                                  :Cache hit: curobo::kinematics::kinematics_forward_spheres_kernel<15, 32>
2026-09-12T21:39:33.247 DEBUG   :curobo                                  :Cache hit: curobo::kinematics::kinematics_backward_kernel<float, float, 16, true, false, false>
2026-09-12T21:39:33.247 DEBUG   :curobo                                  :Cache hit: curobo::trajectory::bspline::bspline_backward_kernel<3, float, (curobo::trajectory::bspline::BasisBackend)2>
2026-09-12T21:39:33.248 DEBUG   :curobo                                  :Cache hit: curobo::optimization::line_search::kernel_line_search<float, 4>
2026-09-12T21:39:33.248 DEBUG   :curobo                                  :Cache hit: curobo::optimization::kernel_lbfgs_step_shared_memory<float, false, 27>
2026-09-12T21:39:33.249 DEBUG   :curobo                                  :Cache hit: curobo::trajectory::bspline::interpolate_bspline_kernel<float, 3, (curobo::trajectory::bspline::BasisBackend)2>
2026-09-12T21:39:33.249 DEBUG   :curobo                                  :Cache hit: curobo::kinematics::kinematics_forward_spheres_kernel<15, 32>
2026-09-12T21:39:33.251 DEBUG   :curobo                                  :Cache hit: curobo::kinematics::kinematics_backward_kernel<float, float, 16, true, false, false>
2026-09-12T21:39:33.251 DEBUG   :curobo                                  :Cache hit: curobo::trajectory::bspline::bspline_backward_kernel<3, float, (curobo::trajectory::bspline::BasisBackend)2>
2026-09-12T21:39:33.252 DEBUG   :curobo                                  :Cache hit: curobo::optimization::line_search::kernel_line_search<float, 4>
2026-09-12T21:39:33.252 DEBUG   :curobo                                  :Cache hit: curobo::optimization::kernel_lbfgs_step_shared_memory<float, false, 27>
2026-09-12T21:39:33.253 DEBUG   :curobo                                  :Cache hit: curobo::trajectory::bspline::interpolate_bspline_kernel<float, 3, (curobo::trajectory::bspline::BasisBackend)2>
2026-09-12T21:39:33.253 DEBUG   :curobo                                  :Cache hit: curobo::kinematics::kinematics_forward_spheres_kernel<15, 32>
2026-09-12T21:39:33.255 DEBUG   :curobo                                  :Cache hit: curobo::kinematics::kinematics_backward_kernel<float, float, 16, true, false, false>
2026-09-12T21:39:33.255 DEBUG   :curobo                                  :Cache hit: curobo::trajectory::bspline::bspline_backward_kernel<3, float, (curobo::trajectory::bspline::BasisBackend)2>
2026-09-12T21:39:33.256 DEBUG   :curobo                                  :Cache hit: curobo::optimization::line_search::kernel_line_search<float, 4>
2026-09-12T21:39:33.257 DEBUG   :curobo                                  :Cache hit: curobo::optimization::kernel_lbfgs_step_shared_memory<float, false, 27>
2026-09-12T21:39:33.258 DEBUG   :curobo                                  :Cache hit: curobo::trajectory::bspline::interpolate_bspline_kernel<float, 3, (curobo::trajectory::bspline::BasisBackend)2>
2026-09-12T21:39:33.259 DEBUG   :curobo                                  :Cache hit: curobo::kinematics::kinematics_forward_spheres_kernel<15, 32>
2026-09-12T21:39:33.260 DEBUG   :curobo                                  :Cache hit: curobo::kinematics::kinematics_backward_kernel<float, float, 16, true, false, false>
2026-09-12T21:39:33.261 DEBUG   :curobo                                  :Cache hit: curobo::trajectory::bspline::bspline_backward_kernel<3, float, (curobo::trajectory::bspline::BasisBackend)2>
2026-09-12T21:39:33.261 DEBUG   :curobo                                  :Cache hit: curobo::optimization::line_search::kernel_line_search<float, 4>
2026-09-12T21:39:33.261 DEBUG   :curobo                                  :Cache hit: curobo::optimization::kernel_lbfgs_step_shared_memory<float, false, 27>
2026-09-12T21:39:33.262 DEBUG   :curobo                                  :Cache hit: curobo::trajectory::bspline::interpolate_bspline_kernel<float, 3, (curobo::trajectory::bspline::BasisBackend)2>
2026-09-12T21:39:33.262 DEBUG   :curobo                                  :Cache hit: curobo::kinematics::kinematics_forward_spheres_kernel<15, 32>
2026-09-12T21:39:33.264 DEBUG   :curobo                                  :Cache hit: curobo::kinematics::kinematics_backward_kernel<float, float, 16, true, false, false>
2026-09-12T21:39:33.264 DEBUG   :curobo                                  :Cache hit: curobo::trajectory::bspline::bspline_backward_kernel<3, float, (curobo::trajectory::bspline::BasisBackend)2>
2026-09-12T21:39:33.264 DEBUG   :curobo                                  :Cache hit: curobo::optimization::line_search::kernel_line_search<float, 4>
2026-09-12T21:39:33.265 DEBUG   :curobo                                  :Cache hit: curobo::optimization::kernel_lbfgs_step_shared_memory<float, false, 27>
2026-09-12T21:39:33.265 DEBUG   :curobo                                  :Cache hit: curobo::trajectory::bspline::interpolate_bspline_kernel<float, 3, (curobo::trajectory::bspline::BasisBackend)2>
2026-09-12T21:39:33.266 DEBUG   :curobo                                  :Cache hit: curobo::kinematics::kinematics_forward_spheres_kernel<15, 32>
2026-09-12T21:39:33.268 DEBUG   :curobo                                  :Cache hit: curobo::kinematics::kinematics_backward_kernel<float, float, 16, true, false, false>
2026-09-12T21:39:33.268 DEBUG   :curobo                                  :Cache hit: curobo::trajectory::bspline::bspline_backward_kernel<3, float, (curobo::trajectory::bspline::BasisBackend)2>
2026-09-12T21:39:33.268 DEBUG   :curobo                                  :Cache hit: curobo::optimization::line_search::kernel_line_search<float, 4>
2026-09-12T21:39:33.269 DEBUG   :curobo                                  :Cache hit: curobo::optimization::kernel_lbfgs_step_shared_memory<float, false, 27>
2026-09-12T21:39:33.269 DEBUG   :curobo                                  :Cache hit: curobo::trajectory::bspline::interpolate_bspline_kernel<float, 3, (curobo::trajectory::bspline::BasisBackend)2>
2026-09-12T21:39:33.269 DEBUG   :curobo                                  :Cache hit: curobo::kinematics::kinematics_forward_spheres_kernel<15, 32>
2026-09-12T21:39:33.271 DEBUG   :curobo                                  :Cache hit: curobo::kinematics::kinematics_backward_kernel<float, float, 16, true, false, false>
2026-09-12T21:39:33.271 DEBUG   :curobo                                  :Cache hit: curobo::trajectory::bspline::bspline_backward_kernel<3, float, (curobo::trajectory::bspline::BasisBackend)2>
2026-09-12T21:39:33.272 DEBUG   :curobo                                  :Cache hit: curobo::optimization::line_search::kernel_line_search<float, 4>
2026-09-12T21:39:33.273 DEBUG   :curobo                                  :Cache hit: curobo::optimization::kernel_lbfgs_step_shared_memory<float, false, 27>
2026-09-12T21:39:33.275 DEBUG   :curobo                                  :Cache hit: curobo::trajectory::bspline::interpolate_bspline_kernel<float, 3, (curobo::trajectory::bspline::BasisBackend)2>
2026-09-12T21:39:33.275 DEBUG   :curobo                                  :Cache hit: curobo::kinematics::kinematics_forward_spheres_kernel<15, 32>
2026-09-12T21:39:33.277 DEBUG   :curobo                                  :Cache hit: curobo::kinematics::kinematics_backward_kernel<float, float, 16, true, false, false>
2026-09-12T21:39:33.278 DEBUG   :curobo                                  :Cache hit: curobo::trajectory::bspline::bspline_backward_kernel<3, float, (curobo::trajectory::bspline::BasisBackend)2>
2026-09-12T21:39:33.278 DEBUG   :curobo                                  :Cache hit: curobo::optimization::line_search::kernel_line_search<float, 4>
2026-09-12T21:39:33.278 DEBUG   :curobo                                  :Cache hit: curobo::optimization::kernel_lbfgs_step_shared_memory<float, false, 27>
2026-09-12T21:39:33.279 DEBUG   :curobo                                  :Cache hit: curobo::trajectory::bspline::interpolate_bspline_kernel<float, 3, (curobo::trajectory::bspline::BasisBackend)2>
2026-09-12T21:39:33.279 DEBUG   :curobo                                  :Cache hit: curobo::kinematics::kinematics_forward_spheres_kernel<15, 32>
2026-09-12T21:39:33.281 DEBUG   :curobo                                  :Cache hit: curobo::kinematics::kinematics_backward_kernel<float, float, 16, true, false, false>
2026-09-12T21:39:33.281 DEBUG   :curobo                                  :Cache hit: curobo::trajectory::bspline::bspline_backward_kernel<3, float, (curobo::trajectory::bspline::BasisBackend)2>
2026-09-12T21:39:33.281 DEBUG   :curobo                                  :Cache hit: curobo::optimization::line_search::kernel_line_search<float, 4>
2026-09-12T21:39:33.282 DEBUG   :curobo                                  :Cache hit: curobo::optimization::kernel_lbfgs_step_shared_memory<float, false, 27>
2026-09-12T21:39:33.282 DEBUG   :curobo                                  :Cache hit: curobo::trajectory::bspline::interpolate_bspline_kernel<float, 3, (curobo::trajectory::bspline::BasisBackend)2>
2026-09-12T21:39:33.283 DEBUG   :curobo                                  :Cache hit: curobo::kinematics::kinematics_forward_spheres_kernel<15, 32>
2026-09-12T21:39:33.284 DEBUG   :curobo                                  :Cache hit: curobo::kinematics::kinematics_backward_kernel<float, float, 16, true, false, false>
2026-09-12T21:39:33.284 DEBUG   :curobo                                  :Cache hit: curobo::trajectory::bspline::bspline_backward_kernel<3, float, (curobo::trajectory::bspline::BasisBackend)2>
2026-09-12T21:39:33.285 DEBUG   :curobo                                  :Cache hit: curobo::optimization::line_search::kernel_line_search<float, 4>
2026-09-12T21:39:33.285 DEBUG   :curobo                                  :Cache hit: curobo::optimization::kernel_lbfgs_step_shared_memory<float, false, 27>
2026-09-12T21:39:33.286 DEBUG   :curobo                                  :Cache hit: curobo::trajectory::bspline::interpolate_bspline_kernel<float, 3, (curobo::trajectory::bspline::BasisBackend)2>
2026-09-12T21:39:33.286 DEBUG   :curobo                                  :Cache hit: curobo::kinematics::kinematics_forward_spheres_kernel<15, 32>
2026-09-12T21:39:33.288 DEBUG   :curobo                                  :Cache hit: curobo::kinematics::kinematics_backward_kernel<float, float, 16, true, false, false>
2026-09-12T21:39:33.288 DEBUG   :curobo                                  :Cache hit: curobo::trajectory::bspline::bspline_backward_kernel<3, float, (curobo::trajectory::bspline::BasisBackend)2>
2026-09-12T21:39:33.288 DEBUG   :curobo                                  :Cache hit: curobo::optimization::line_search::kernel_line_search<float, 4>
2026-09-12T21:39:33.288 DEBUG   :curobo                                  :Cache hit: curobo::optimization::kernel_lbfgs_step_shared_memory<float, false, 27>
2026-09-12T21:39:33.289 DEBUG   :curobo                                  :Cache hit: curobo::trajectory::bspline::interpolate_bspline_kernel<float, 3, (curobo::trajectory::bspline::BasisBackend)2>
2026-09-12T21:39:33.289 DEBUG   :curobo                                  :Cache hit: curobo::kinematics::kinematics_forward_spheres_kernel<15, 32>
2026-09-12T21:39:33.291 DEBUG   :curobo                                  :Cache hit: curobo::kinematics::kinematics_backward_kernel<float, float, 16, true, false, false>
2026-09-12T21:39:33.291 DEBUG   :curobo                                  :Cache hit: curobo::trajectory::bspline::bspline_backward_kernel<3, float, (curobo::trajectory::bspline::BasisBackend)2>
2026-09-12T21:39:33.292 DEBUG   :curobo                                  :Cache hit: curobo::optimization::line_search::kernel_line_search<float, 4>
2026-09-12T21:39:33.292 DEBUG   :curobo                                  :Cache hit: curobo::optimization::kernel_lbfgs_step_shared_memory<float, false, 27>
2026-09-12T21:39:33.293 DEBUG   :curobo                                  :Cache hit: curobo::trajectory::bspline::interpolate_bspline_kernel<float, 3, (curobo::trajectory::bspline::BasisBackend)2>
2026-09-12T21:39:33.293 DEBUG   :curobo                                  :Cache hit: curobo::kinematics::kinematics_forward_spheres_kernel<15, 32>
2026-09-12T21:39:33.295 DEBUG   :curobo                                  :Cache hit: curobo::kinematics::kinematics_backward_kernel<float, float, 16, true, false, false>
2026-09-12T21:39:33.295 DEBUG   :curobo                                  :Cache hit: curobo::trajectory::bspline::bspline_backward_kernel<3, float, (curobo::trajectory::bspline::BasisBackend)2>
2026-09-12T21:39:33.295 DEBUG   :curobo                                  :Cache hit: curobo::optimization::line_search::kernel_line_search<float, 4>
2026-09-12T21:39:33.296 DEBUG   :curobo                                  :Cache hit: curobo::optimization::kernel_lbfgs_step_shared_memory<float, false, 27>
2026-09-12T21:39:33.296 DEBUG   :curobo                                  :Cache hit: curobo::trajectory::bspline::interpolate_bspline_kernel<float, 3, (curobo::trajectory::bspline::BasisBackend)2>
2026-09-12T21:39:33.297 DEBUG   :curobo                                  :Cache hit: curobo::kinematics::kinematics_forward_spheres_kernel<15, 32>
2026-09-12T21:39:33.299 DEBUG   :curobo                                  :Cache hit: curobo::kinematics::kinematics_backward_kernel<float, float, 16, true, false, false>
2026-09-12T21:39:33.299 DEBUG   :curobo                                  :Cache hit: curobo::trajectory::bspline::bspline_backward_kernel<3, float, (curobo::trajectory::bspline::BasisBackend)2>
2026-09-12T21:39:33.299 DEBUG   :curobo                                  :Cache hit: curobo::optimization::line_search::kernel_line_search<float, 4>
2026-09-12T21:39:33.300 DEBUG   :curobo                                  :Cache hit: curobo::optimization::kernel_lbfgs_step_shared_memory<float, false, 27>
2026-09-12T21:39:33.300 DEBUG   :curobo                                  :Cache hit: curobo::trajectory::bspline::interpolate_bspline_kernel<float, 3, (curobo::trajectory::bspline::BasisBackend)2>
2026-09-12T21:39:33.301 DEBUG   :curobo                                  :Cache hit: curobo::kinematics::kinematics_forward_spheres_kernel<15, 32>
2026-09-12T21:39:33.302 DEBUG   :curobo                                  :Cache hit: curobo::kinematics::kinematics_backward_kernel<float, float, 16, true, false, false>
2026-09-12T21:39:33.303 DEBUG   :curobo                                  :Cache hit: curobo::trajectory::bspline::bspline_backward_kernel<3, float, (curobo::trajectory::bspline::BasisBackend)2>
2026-09-12T21:39:33.303 DEBUG   :curobo                                  :Cache hit: curobo::optimization::line_search::kernel_line_search<float, 4>
2026-09-12T21:39:33.303 DEBUG   :curobo                                  :Cache hit: curobo::optimization::kernel_lbfgs_step_shared_memory<float, false, 27>
2026-09-12T21:39:33.304 DEBUG   :curobo                                  :Cache hit: curobo::trajectory::bspline::interpolate_bspline_kernel<float, 3, (curobo::trajectory::bspline::BasisBackend)2>
2026-09-12T21:39:33.304 DEBUG   :curobo                                  :Cache hit: curobo::kinematics::kinematics_forward_spheres_kernel<15, 32>
2026-09-12T21:39:33.306 DEBUG   :curobo                                  :Cache hit: curobo::kinematics::kinematics_backward_kernel<float, float, 16, true, false, false>
2026-09-12T21:39:33.306 DEBUG   :curobo                                  :Cache hit: curobo::trajectory::bspline::bspline_backward_kernel<3, float, (curobo::trajectory::bspline::BasisBackend)2>
2026-09-12T21:39:33.307 DEBUG   :curobo                                  :Cache hit: curobo::optimization::line_search::kernel_line_search<float, 4>
2026-09-12T21:39:33.307 DEBUG   :curobo                                  :Cache hit: curobo::optimization::kernel_lbfgs_step_shared_memory<float, false, 27>
2026-09-12T21:39:33.308 DEBUG   :curobo                                  :Cache hit: curobo::trajectory::bspline::interpolate_bspline_kernel<float, 3, (curobo::trajectory::bspline::BasisBackend)2>
2026-09-12T21:39:33.308 DEBUG   :curobo                                  :Cache hit: curobo::kinematics::kinematics_forward_spheres_kernel<15, 32>
2026-09-12T21:39:33.309 DEBUG   :curobo                                  :Cache hit: curobo::kinematics::kinematics_backward_kernel<float, float, 16, true, false, false>
2026-09-12T21:39:33.310 DEBUG   :curobo                                  :Cache hit: curobo::trajectory::bspline::bspline_backward_kernel<3, float, (curobo::trajectory::bspline::BasisBackend)2>
2026-09-12T21:39:33.310 DEBUG   :curobo                                  :Cache hit: curobo::optimization::line_search::kernel_line_search<float, 4>
2026-09-12T21:39:33.310 DEBUG   :curobo                                  :Cache hit: curobo::optimization::kernel_lbfgs_step_shared_memory<float, false, 27>
2026-09-12T21:39:33.311 DEBUG   :curobo                                  :Cache hit: curobo::trajectory::bspline::interpolate_bspline_kernel<float, 3, (curobo::trajectory::bspline::BasisBackend)2>
2026-09-12T21:39:33.311 DEBUG   :curobo                                  :Cache hit: curobo::kinematics::kinematics_forward_spheres_kernel<15, 32>
2026-09-12T21:39:33.313 DEBUG   :curobo                                  :Cache hit: curobo::kinematics::kinematics_backward_kernel<float, float, 16, true, false, false>
2026-09-12T21:39:33.313 DEBUG   :curobo                                  :Cache hit: curobo::trajectory::bspline::bspline_backward_kernel<3, float, (curobo::trajectory::bspline::BasisBackend)2>
2026-09-12T21:39:33.313 DEBUG   :curobo                                  :Cache hit: curobo::optimization::line_search::kernel_line_search<float, 4>
2026-09-12T21:39:33.314 DEBUG   :curobo                                  :Cache hit: curobo::optimization::kernel_lbfgs_step_shared_memory<float, false, 27>
2026-09-12T21:39:33.314 DEBUG   :curobo                                  :Cache hit: curobo::trajectory::bspline::interpolate_bspline_kernel<float, 3, (curobo::trajectory::bspline::BasisBackend)2>
2026-09-12T21:39:33.314 DEBUG   :curobo                                  :Cache hit: curobo::kinematics::kinematics_forward_spheres_kernel<15, 32>
2026-09-12T21:39:33.316 DEBUG   :curobo                                  :Cache hit: curobo::kinematics::kinematics_backward_kernel<float, float, 16, true, false, false>
2026-09-12T21:39:33.316 DEBUG   :curobo                                  :Cache hit: curobo::trajectory::bspline::bspline_backward_kernel<3, float, (curobo::trajectory::bspline::BasisBackend)2>
2026-09-12T21:39:33.316 DEBUG   :curobo                                  :Cache hit: curobo::optimization::line_search::kernel_line_search<float, 4>
2026-09-12T21:39:33.317 DEBUG   :curobo                                  :Cache hit: curobo::optimization::kernel_lbfgs_step_shared_memory<float, false, 27>
2026-09-12T21:39:33.317 DEBUG   :curobo                                  :Cache hit: curobo::trajectory::bspline::interpolate_bspline_kernel<float, 3, (curobo::trajectory::bspline::BasisBackend)2>
2026-09-12T21:39:33.318 DEBUG   :curobo                                  :Cache hit: curobo::kinematics::kinematics_forward_spheres_kernel<15, 32>
2026-09-12T21:39:33.319 DEBUG   :curobo                                  :Cache hit: curobo::kinematics::kinematics_backward_kernel<float, float, 16, true, false, false>
2026-09-12T21:39:33.319 DEBUG   :curobo                                  :Cache hit: curobo::trajectory::bspline::bspline_backward_kernel<3, float, (curobo::trajectory::bspline::BasisBackend)2>
2026-09-12T21:39:33.320 DEBUG   :curobo                                  :Cache hit: curobo::optimization::line_search::kernel_line_search<float, 4>
2026-09-12T21:39:33.320 DEBUG   :curobo                                  :Cache hit: curobo::optimization::kernel_lbfgs_step_shared_memory<float, false, 27>
2026-09-12T21:39:33.321 DEBUG   :curobo                                  :Cache hit: curobo::trajectory::bspline::interpolate_bspline_kernel<float, 3, (curobo::trajectory::bspline::BasisBackend)2>
2026-09-12T21:39:33.321 DEBUG   :curobo                                  :Cache hit: curobo::kinematics::kinematics_forward_spheres_kernel<15, 32>
2026-09-12T21:39:33.323 DEBUG   :curobo                                  :Cache hit: curobo::kinematics::kinematics_backward_kernel<float, float, 16, true, false, false>
2026-09-12T21:39:33.323 DEBUG   :curobo                                  :Cache hit: curobo::trajectory::bspline::bspline_backward_kernel<3, float, (curobo::trajectory::bspline::BasisBackend)2>
2026-09-12T21:39:33.323 DEBUG   :curobo                                  :Cache hit: curobo::optimization::line_search::kernel_line_search<float, 4>
2026-09-12T21:39:33.324 DEBUG   :curobo                                  :Cache hit: curobo::optimization::kernel_lbfgs_step_shared_memory<float, false, 27>
2026-09-12T21:39:33.324 DEBUG   :curobo                                  :Cache hit: curobo::trajectory::bspline::interpolate_bspline_kernel<float, 3, (curobo::trajectory::bspline::BasisBackend)2>
2026-09-12T21:39:33.324 DEBUG   :curobo                                  :Cache hit: curobo::kinematics::kinematics_forward_spheres_kernel<15, 32>
2026-09-12T21:39:33.326 DEBUG   :curobo                                  :Cache hit: curobo::kinematics::kinematics_backward_kernel<float, float, 16, true, false, false>
2026-09-12T21:39:33.326 DEBUG   :curobo                                  :Cache hit: curobo::trajectory::bspline::bspline_backward_kernel<3, float, (curobo::trajectory::bspline::BasisBackend)2>
2026-09-12T21:39:33.327 DEBUG   :curobo                                  :Cache hit: curobo::optimization::line_search::kernel_line_search<float, 4>
2026-09-12T21:39:33.327 DEBUG   :curobo                                  :Cache hit: curobo::optimization::kernel_lbfgs_step_shared_memory<float, false, 27>
2026-09-12T21:39:33.328 DEBUG   :curobo                                  :Cache hit: curobo::trajectory::bspline::interpolate_bspline_kernel<float, 3, (curobo::trajectory::bspline::BasisBackend)2>
2026-09-12T21:39:33.328 DEBUG   :curobo                                  :Cache hit: curobo::kinematics::kinematics_forward_spheres_kernel<15, 32>
2026-09-12T21:39:33.330 DEBUG   :curobo                                  :Cache hit: curobo::kinematics::kinematics_backward_kernel<float, float, 16, true, false, false>
2026-09-12T21:39:33.330 DEBUG   :curobo                                  :Cache hit: curobo::trajectory::bspline::bspline_backward_kernel<3, float, (curobo::trajectory::bspline::BasisBackend)2>
2026-09-12T21:39:33.330 DEBUG   :curobo                                  :Cache hit: curobo::optimization::line_search::kernel_line_search<float, 4>
2026-09-12T21:39:33.331 DEBUG   :curobo                                  :Cache hit: curobo::optimization::kernel_lbfgs_step_shared_memory<float, false, 27>
2026-09-12T21:39:33.331 DEBUG   :curobo                                  :Cache hit: curobo::trajectory::bspline::interpolate_bspline_kernel<float, 3, (curobo::trajectory::bspline::BasisBackend)2>
2026-09-12T21:39:33.331 DEBUG   :curobo                                  :Cache hit: curobo::kinematics::kinematics_forward_spheres_kernel<15, 32>
2026-09-12T21:39:33.333 DEBUG   :curobo                                  :Cache hit: curobo::kinematics::kinematics_backward_kernel<float, float, 16, true, false, false>
2026-09-12T21:39:33.333 DEBUG   :curobo                                  :Cache hit: curobo::trajectory::bspline::bspline_backward_kernel<3, float, (curobo::trajectory::bspline::BasisBackend)2>
2026-09-12T21:39:33.333 DEBUG   :curobo                                  :Cache hit: curobo::optimization::line_search::kernel_line_search<float, 4>
2026-09-12T21:39:33.334 DEBUG   :curobo                                  :Cache hit: curobo::optimization::kernel_lbfgs_step_shared_memory<float, false, 27>
2026-09-12T21:39:33.334 DEBUG   :curobo                                  :Cache hit: curobo::trajectory::bspline::interpolate_bspline_kernel<float, 3, (curobo::trajectory::bspline::BasisBackend)2>
2026-09-12T21:39:33.334 DEBUG   :curobo                                  :Cache hit: curobo::kinematics::kinematics_forward_spheres_kernel<15, 32>
2026-09-12T21:39:33.336 DEBUG   :curobo                                  :Cache hit: curobo::kinematics::kinematics_backward_kernel<float, float, 16, true, false, false>
2026-09-12T21:39:33.336 DEBUG   :curobo                                  :Cache hit: curobo::trajectory::bspline::bspline_backward_kernel<3, float, (curobo::trajectory::bspline::BasisBackend)2>
2026-09-12T21:39:33.336 DEBUG   :curobo                                  :Cache hit: curobo::optimization::line_search::kernel_line_search<float, 4>
2026-09-12T21:39:33.336 DEBUG   :curobo                                  :Cache hit: curobo::optimization::kernel_lbfgs_step_shared_memory<float, false, 27>
2026-09-12T21:39:33.337 DEBUG   :curobo                                  :Cache hit: curobo::trajectory::bspline::interpolate_bspline_kernel<float, 3, (curobo::trajectory::bspline::BasisBackend)2>
2026-09-12T21:39:33.337 DEBUG   :curobo                                  :Cache hit: curobo::kinematics::kinematics_forward_spheres_kernel<15, 32>
2026-09-12T21:39:33.338 DEBUG   :curobo                                  :Cache hit: curobo::kinematics::kinematics_backward_kernel<float, float, 16, true, false, false>
2026-09-12T21:39:33.338 DEBUG   :curobo                                  :Cache hit: curobo::trajectory::bspline::bspline_backward_kernel<3, float, (curobo::trajectory::bspline::BasisBackend)2>
2026-09-12T21:39:33.339 DEBUG   :curobo                                  :Cache hit: curobo::optimization::line_search::kernel_line_search<float, 4>
2026-09-12T21:39:33.339 DEBUG   :curobo                                  :Cache hit: curobo::optimization::kernel_lbfgs_step_shared_memory<float, false, 27>
2026-09-12T21:39:33.339 DEBUG   :curobo                                  :Cache hit: curobo::trajectory::bspline::interpolate_bspline_kernel<float, 3, (curobo::trajectory::bspline::BasisBackend)2>
2026-09-12T21:39:33.340 DEBUG   :curobo                                  :Cache hit: curobo::kinematics::kinematics_forward_spheres_kernel<15, 32>
2026-09-12T21:39:33.341 DEBUG   :curobo                                  :Cache hit: curobo::kinematics::kinematics_backward_kernel<float, float, 16, true, false, false>
2026-09-12T21:39:33.341 DEBUG   :curobo                                  :Cache hit: curobo::trajectory::bspline::bspline_backward_kernel<3, float, (curobo::trajectory::bspline::BasisBackend)2>
2026-09-12T21:39:33.341 DEBUG   :curobo                                  :Cache hit: curobo::optimization::line_search::kernel_line_search<float, 4>
2026-09-12T21:39:33.341 DEBUG   :curobo                                  :Cache hit: curobo::optimization::kernel_lbfgs_step_shared_memory<float, false, 27>
2026-09-12T21:39:33.342 DEBUG   :curobo                                  :Cache hit: curobo::trajectory::bspline::interpolate_bspline_kernel<float, 3, (curobo::trajectory::bspline::BasisBackend)2>
2026-09-12T21:39:33.342 DEBUG   :curobo                                  :Cache hit: curobo::kinematics::kinematics_forward_spheres_kernel<15, 32>
2026-09-12T21:39:33.343 DEBUG   :curobo                                  :Cache hit: curobo::kinematics::kinematics_backward_kernel<float, float, 16, true, false, false>
2026-09-12T21:39:33.343 DEBUG   :curobo                                  :Cache hit: curobo::trajectory::bspline::bspline_backward_kernel<3, float, (curobo::trajectory::bspline::BasisBackend)2>
2026-09-12T21:39:33.344 DEBUG   :curobo                                  :Cache hit: curobo::optimization::line_search::kernel_line_search<float, 4>
2026-09-12T21:39:33.344 DEBUG   :curobo                                  :Cache hit: curobo::optimization::kernel_lbfgs_step_shared_memory<float, false, 27>
2026-09-12T21:39:33.344 DEBUG   :curobo                                  :Cache hit: curobo::trajectory::bspline::interpolate_bspline_kernel<float, 3, (curobo::trajectory::bspline::BasisBackend)2>
2026-09-12T21:39:33.344 DEBUG   :curobo                                  :Cache hit: curobo::kinematics::kinematics_forward_spheres_kernel<15, 32>
2026-09-12T21:39:33.345 DEBUG   :curobo                                  :Cache hit: curobo::kinematics::kinematics_backward_kernel<float, float, 16, true, false, false>
2026-09-12T21:39:33.346 DEBUG   :curobo                                  :Cache hit: curobo::trajectory::bspline::bspline_backward_kernel<3, float, (curobo::trajectory::bspline::BasisBackend)2>
2026-09-12T21:39:33.346 DEBUG   :curobo                                  :Cache hit: curobo::optimization::line_search::kernel_line_search<float, 4>
2026-09-12T21:39:33.346 DEBUG   :curobo                                  :Cache hit: curobo::optimization::kernel_lbfgs_step_shared_memory<float, false, 27>
2026-09-12T21:39:33.346 DEBUG   :curobo                                  :Cache hit: curobo::trajectory::bspline::interpolate_bspline_kernel<float, 3, (curobo::trajectory::bspline::BasisBackend)2>
2026-09-12T21:39:33.347 DEBUG   :curobo                                  :Cache hit: curobo::kinematics::kinematics_forward_spheres_kernel<15, 32>
2026-09-12T21:39:33.348 DEBUG   :curobo                                  :Cache hit: curobo::kinematics::kinematics_backward_kernel<float, float, 16, true, false, false>
2026-09-12T21:39:33.348 DEBUG   :curobo                                  :Cache hit: curobo::trajectory::bspline::bspline_backward_kernel<3, float, (curobo::trajectory::bspline::BasisBackend)2>
2026-09-12T21:39:33.348 DEBUG   :curobo                                  :Cache hit: curobo::optimization::line_search::kernel_line_search<float, 4>
2026-09-12T21:39:33.348 DEBUG   :curobo                                  :Cache hit: curobo::optimization::kernel_lbfgs_step_shared_memory<float, false, 27>
2026-09-12T21:39:33.349 DEBUG   :curobo                                  :Cache hit: curobo::trajectory::bspline::interpolate_bspline_kernel<float, 3, (curobo::trajectory::bspline::BasisBackend)2>
2026-09-12T21:39:33.349 DEBUG   :curobo                                  :Cache hit: curobo::kinematics::kinematics_forward_spheres_kernel<15, 32>
2026-09-12T21:39:33.350 DEBUG   :curobo                                  :Cache hit: curobo::kinematics::kinematics_backward_kernel<float, float, 16, true, false, false>
2026-09-12T21:39:33.350 DEBUG   :curobo                                  :Cache hit: curobo::trajectory::bspline::bspline_backward_kernel<3, float, (curobo::trajectory::bspline::BasisBackend)2>
2026-09-12T21:39:33.350 DEBUG   :curobo                                  :Cache hit: curobo::optimization::line_search::kernel_line_search<float, 4>
2026-09-12T21:39:33.350 DEBUG   :curobo                                  :Cache hit: curobo::optimization::kernel_lbfgs_step_shared_memory<float, false, 27>
2026-09-12T21:39:33.350 DEBUG   :curobo                                  :Cache hit: curobo::trajectory::bspline::interpolate_bspline_kernel<float, 3, (curobo::trajectory::bspline::BasisBackend)2>
2026-09-12T21:39:33.351 DEBUG   :curobo                                  :Cache hit: curobo::kinematics::kinematics_forward_spheres_kernel<15, 32>
2026-09-12T21:39:33.351 DEBUG   :curobo                                  :Cache hit: curobo::kinematics::kinematics_backward_kernel<float, float, 16, true, false, false>
2026-09-12T21:39:33.352 DEBUG   :curobo                                  :Cache hit: curobo::trajectory::bspline::bspline_backward_kernel<3, float, (curobo::trajectory::bspline::BasisBackend)2>
2026-09-12T21:39:33.352 DEBUG   :curobo                                  :Cache hit: curobo::optimization::line_search::kernel_line_search<float, 4>
2026-09-12T21:39:33.352 DEBUG   :curobo                                  :Cache hit: curobo::optimization::kernel_lbfgs_step_shared_memory<float, false, 27>
2026-09-12T21:39:33.353 DEBUG   :curobo                                  :Cache hit: curobo::trajectory::bspline::interpolate_bspline_kernel<float, 3, (curobo::trajectory::bspline::BasisBackend)2>
2026-09-12T21:39:33.353 DEBUG   :curobo                                  :Cache hit: curobo::kinematics::kinematics_forward_spheres_kernel<15, 32>
2026-09-12T21:39:33.354 DEBUG   :curobo                                  :Cache hit: curobo::kinematics::kinematics_backward_kernel<float, float, 16, true, false, false>
2026-09-12T21:39:33.354 DEBUG   :curobo                                  :Cache hit: curobo::trajectory::bspline::bspline_backward_kernel<3, float, (curobo::trajectory::bspline::BasisBackend)2>
2026-09-12T21:39:33.355 DEBUG   :curobo                                  :Cache hit: curobo::optimization::line_search::kernel_line_search<float, 4>
2026-09-12T21:39:33.355 DEBUG   :curobo                                  :Cache hit: curobo::optimization::kernel_lbfgs_step_shared_memory<float, false, 27>
2026-09-12T21:39:33.355 DEBUG   :curobo                                  :Cache hit: curobo::trajectory::bspline::interpolate_bspline_kernel<float, 3, (curobo::trajectory::bspline::BasisBackend)2>
2026-09-12T21:39:33.356 DEBUG   :curobo                                  :Cache hit: curobo::kinematics::kinematics_forward_spheres_kernel<15, 32>
2026-09-12T21:39:33.357 DEBUG   :curobo                                  :Cache hit: curobo::kinematics::kinematics_backward_kernel<float, float, 16, true, false, false>
2026-09-12T21:39:33.357 DEBUG   :curobo                                  :Cache hit: curobo::trajectory::bspline::bspline_backward_kernel<3, float, (curobo::trajectory::bspline::BasisBackend)2>
2026-09-12T21:39:33.357 DEBUG   :curobo                                  :Cache hit: curobo::optimization::line_search::kernel_line_search<float, 4>
2026-09-12T21:39:33.358 DEBUG   :curobo                                  :Cache hit: curobo::optimization::kernel_lbfgs_step_shared_memory<float, false, 27>
2026-09-12T21:39:33.358 DEBUG   :curobo                                  :Cache hit: curobo::trajectory::bspline::interpolate_bspline_kernel<float, 3, (curobo::trajectory::bspline::BasisBackend)2>
2026-09-12T21:39:33.358 DEBUG   :curobo                                  :Cache hit: curobo::kinematics::kinematics_forward_spheres_kernel<15, 32>
2026-09-12T21:39:33.360 DEBUG   :curobo                                  :Cache hit: curobo::kinematics::kinematics_backward_kernel<float, float, 16, true, false, false>
2026-09-12T21:39:33.360 DEBUG   :curobo                                  :Cache hit: curobo::trajectory::bspline::bspline_backward_kernel<3, float, (curobo::trajectory::bspline::BasisBackend)2>
2026-09-12T21:39:33.360 DEBUG   :curobo                                  :Cache hit: curobo::optimization::line_search::kernel_line_search<float, 4>
2026-09-12T21:39:33.360 DEBUG   :curobo                                  :Cache hit: curobo::optimization::kernel_lbfgs_step_shared_memory<float, false, 27>
2026-09-12T21:39:33.361 DEBUG   :curobo                                  :Cache hit: curobo::trajectory::bspline::interpolate_bspline_kernel<float, 3, (curobo::trajectory::bspline::BasisBackend)2>
2026-09-12T21:39:33.361 DEBUG   :curobo                                  :Cache hit: curobo::kinematics::kinematics_forward_spheres_kernel<15, 32>
2026-09-12T21:39:33.362 DEBUG   :curobo                                  :Cache hit: curobo::kinematics::kinematics_backward_kernel<float, float, 16, true, false, false>
2026-09-12T21:39:33.362 DEBUG   :curobo                                  :Cache hit: curobo::trajectory::bspline::bspline_backward_kernel<3, float, (curobo::trajectory::bspline::BasisBackend)2>
2026-09-12T21:39:33.363 DEBUG   :curobo                                  :Cache hit: curobo::optimization::line_search::kernel_line_search<float, 4>
2026-09-12T21:39:33.363 DEBUG   :curobo                                  :Cache hit: curobo::optimization::kernel_lbfgs_step_shared_memory<float, false, 27>
2026-09-12T21:39:33.363 DEBUG   :curobo                                  :Cache hit: curobo::trajectory::bspline::interpolate_bspline_kernel<float, 3, (curobo::trajectory::bspline::BasisBackend)2>
2026-09-12T21:39:33.364 DEBUG   :curobo                                  :Cache hit: curobo::kinematics::kinematics_forward_spheres_kernel<15, 32>
2026-09-12T21:39:33.365 DEBUG   :curobo                                  :Cache hit: curobo::kinematics::kinematics_backward_kernel<float, float, 16, true, false, false>
2026-09-12T21:39:33.365 DEBUG   :curobo                                  :Cache hit: curobo::trajectory::bspline::bspline_backward_kernel<3, float, (curobo::trajectory::bspline::BasisBackend)2>
2026-09-12T21:39:33.365 DEBUG   :curobo                                  :Cache hit: curobo::optimization::line_search::kernel_line_search<float, 4>
2026-09-12T21:39:33.366 DEBUG   :curobo                                  :Cache hit: curobo::optimization::kernel_lbfgs_step_shared_memory<float, false, 27>
2026-09-12T21:39:33.366 DEBUG   :curobo                                  :Cache hit: curobo::trajectory::bspline::interpolate_bspline_kernel<float, 3, (curobo::trajectory::bspline::BasisBackend)2>
2026-09-12T21:39:33.366 DEBUG   :curobo                                  :Cache hit: curobo::kinematics::kinematics_forward_spheres_kernel<15, 32>
2026-09-12T21:39:33.367 DEBUG   :curobo                                  :Cache hit: curobo::kinematics::kinematics_backward_kernel<float, float, 16, true, false, false>
2026-09-12T21:39:33.368 DEBUG   :curobo                                  :Cache hit: curobo::trajectory::bspline::bspline_backward_kernel<3, float, (curobo::trajectory::bspline::BasisBackend)2>
2026-09-12T21:39:33.368 DEBUG   :curobo                                  :Cache hit: curobo::optimization::line_search::kernel_line_search<float, 4>
2026-09-12T21:39:33.368 DEBUG   :curobo                                  :Cache hit: curobo::optimization::kernel_lbfgs_step_shared_memory<float, false, 27>
2026-09-12T21:39:33.369 DEBUG   :curobo                                  :Cache hit: curobo::trajectory::bspline::interpolate_bspline_kernel<float, 3, (curobo::trajectory::bspline::BasisBackend)2>
2026-09-12T21:39:33.369 DEBUG   :curobo                                  :Cache hit: curobo::kinematics::kinematics_forward_spheres_kernel<15, 32>
2026-09-12T21:39:33.370 DEBUG   :curobo                                  :Cache hit: curobo::kinematics::kinematics_backward_kernel<float, float, 16, true, false, false>
2026-09-12T21:39:33.370 DEBUG   :curobo                                  :Cache hit: curobo::trajectory::bspline::bspline_backward_kernel<3, float, (curobo::trajectory::bspline::BasisBackend)2>
2026-09-12T21:39:33.370 DEBUG   :curobo                                  :Cache hit: curobo::optimization::line_search::kernel_line_search<float, 4>
2026-09-12T21:39:33.371 DEBUG   :curobo                                  :Cache hit: curobo::optimization::kernel_lbfgs_step_shared_memory<float, false, 27>
2026-09-12T21:39:33.371 DEBUG   :curobo                                  :Cache hit: curobo::trajectory::bspline::interpolate_bspline_kernel<float, 3, (curobo::trajectory::bspline::BasisBackend)2>
2026-09-12T21:39:33.371 DEBUG   :curobo                                  :Cache hit: curobo::kinematics::kinematics_forward_spheres_kernel<15, 32>
2026-09-12T21:39:33.372 DEBUG   :curobo                                  :Cache hit: curobo::kinematics::kinematics_backward_kernel<float, float, 16, true, false, false>
2026-09-12T21:39:33.372 DEBUG   :curobo                                  :Cache hit: curobo::trajectory::bspline::bspline_backward_kernel<3, float, (curobo::trajectory::bspline::BasisBackend)2>
2026-09-12T21:39:33.373 DEBUG   :curobo                                  :Cache hit: curobo::optimization::line_search::kernel_line_search<float, 4>
2026-09-12T21:39:33.373 DEBUG   :curobo                                  :Cache hit: curobo::optimization::kernel_lbfgs_step_shared_memory<float, false, 27>
2026-09-12T21:39:33.373 DEBUG   :curobo                                  :Cache hit: curobo::trajectory::bspline::interpolate_bspline_kernel<float, 3, (curobo::trajectory::bspline::BasisBackend)2>
2026-09-12T21:39:33.374 DEBUG   :curobo                                  :Cache hit: curobo::kinematics::kinematics_forward_spheres_kernel<15, 32>
2026-09-12T21:39:33.374 DEBUG   :curobo                                  :Cache hit: curobo::kinematics::kinematics_backward_kernel<float, float, 16, true, false, false>
2026-09-12T21:39:33.375 DEBUG   :curobo                                  :Cache hit: curobo::trajectory::bspline::bspline_backward_kernel<3, float, (curobo::trajectory::bspline::BasisBackend)2>
2026-09-12T21:39:33.375 DEBUG   :curobo                                  :Cache hit: curobo::optimization::line_search::kernel_line_search<float, 4>
2026-09-12T21:39:33.375 DEBUG   :curobo                                  :Cache hit: curobo::optimization::kernel_lbfgs_step_shared_memory<float, false, 27>
2026-09-12T21:39:33.375 DEBUG   :curobo                                  :Cache hit: curobo::trajectory::bspline::interpolate_bspline_kernel<float, 3, (curobo::trajectory::bspline::BasisBackend)2>
2026-09-12T21:39:33.375 DEBUG   :curobo                                  :Cache hit: curobo::kinematics::kinematics_forward_spheres_kernel<15, 32>
2026-09-12T21:39:33.376 DEBUG   :curobo                                  :Cache hit: curobo::kinematics::kinematics_backward_kernel<float, float, 16, true, false, false>
2026-09-12T21:39:33.376 DEBUG   :curobo                                  :Cache hit: curobo::trajectory::bspline::bspline_backward_kernel<3, float, (curobo::trajectory::bspline::BasisBackend)2>
2026-09-12T21:39:33.377 DEBUG   :curobo                                  :Cache hit: curobo::optimization::line_search::kernel_line_search<float, 4>
2026-09-12T21:39:33.377 DEBUG   :curobo                                  :Cache hit: curobo::optimization::kernel_lbfgs_step_shared_memory<float, false, 27>
2026-09-12T21:39:33.377 DEBUG   :curobo                                  :Cache hit: curobo::trajectory::bspline::interpolate_bspline_kernel<float, 3, (curobo::trajectory::bspline::BasisBackend)2>
2026-09-12T21:39:33.377 DEBUG   :curobo                                  :Cache hit: curobo::kinematics::kinematics_forward_spheres_kernel<15, 32>
2026-09-12T21:39:33.379 DEBUG   :curobo                                  :Cache hit: curobo::kinematics::kinematics_backward_kernel<float, float, 16, true, false, false>
2026-09-12T21:39:33.379 DEBUG   :curobo                                  :Cache hit: curobo::trajectory::bspline::bspline_backward_kernel<3, float, (curobo::trajectory::bspline::BasisBackend)2>
2026-09-12T21:39:33.379 DEBUG   :curobo                                  :Cache hit: curobo::optimization::line_search::kernel_line_search<float, 4>
2026-09-12T21:39:33.379 DEBUG   :curobo                                  :Cache hit: curobo::optimization::kernel_lbfgs_step_shared_memory<float, false, 27>
2026-09-12T21:39:33.380 DEBUG   :curobo                                  :Cache hit: curobo::trajectory::bspline::interpolate_bspline_kernel<float, 3, (curobo::trajectory::bspline::BasisBackend)2>
2026-09-12T21:39:33.380 DEBUG   :curobo                                  :Cache hit: curobo::kinematics::kinematics_forward_spheres_kernel<15, 32>
2026-09-12T21:39:33.381 DEBUG   :curobo                                  :Cache hit: curobo::kinematics::kinematics_backward_kernel<float, float, 16, true, false, false>
2026-09-12T21:39:33.381 DEBUG   :curobo                                  :Cache hit: curobo::trajectory::bspline::bspline_backward_kernel<3, float, (curobo::trajectory::bspline::BasisBackend)2>
2026-09-12T21:39:33.382 DEBUG   :curobo                                  :Cache hit: curobo::optimization::line_search::kernel_line_search<float, 4>
2026-09-12T21:39:33.382 DEBUG   :curobo                                  :Cache hit: curobo::optimization::kernel_lbfgs_step_shared_memory<float, false, 27>
2026-09-12T21:39:33.382 DEBUG   :curobo                                  :Cache hit: curobo::trajectory::bspline::interpolate_bspline_kernel<float, 3, (curobo::trajectory::bspline::BasisBackend)2>
2026-09-12T21:39:33.383 DEBUG   :curobo                                  :Cache hit: curobo::kinematics::kinematics_forward_spheres_kernel<15, 32>
2026-09-12T21:39:33.384 DEBUG   :curobo                                  :Cache hit: curobo::kinematics::kinematics_backward_kernel<float, float, 16, true, false, false>
2026-09-12T21:39:33.384 DEBUG   :curobo                                  :Cache hit: curobo::trajectory::bspline::bspline_backward_kernel<3, float, (curobo::trajectory::bspline::BasisBackend)2>
2026-09-12T21:39:33.384 DEBUG   :curobo                                  :Cache hit: curobo::optimization::line_search::kernel_line_search<float, 4>
2026-09-12T21:39:33.384 DEBUG   :curobo                                  :Cache hit: curobo::optimization::kernel_lbfgs_step_shared_memory<float, false, 27>
2026-09-12T21:39:33.385 DEBUG   :curobo                                  :Cache hit: curobo::trajectory::bspline::interpolate_bspline_kernel<float, 3, (curobo::trajectory::bspline::BasisBackend)2>
2026-09-12T21:39:33.385 DEBUG   :curobo                                  :Cache hit: curobo::kinematics::kinematics_forward_spheres_kernel<15, 32>
2026-09-12T21:39:33.386 DEBUG   :curobo                                  :Cache hit: curobo::kinematics::kinematics_backward_kernel<float, float, 16, true, false, false>
2026-09-12T21:39:33.387 DEBUG   :curobo                                  :Cache hit: curobo::trajectory::bspline::bspline_backward_kernel<3, float, (curobo::trajectory::bspline::BasisBackend)2>
2026-09-12T21:39:33.387 DEBUG   :curobo                                  :Cache hit: curobo::optimization::line_search::kernel_line_search<float, 4>
2026-09-12T21:39:33.387 DEBUG   :curobo                                  :Cache hit: curobo::optimization::kernel_lbfgs_step_shared_memory<float, false, 27>
2026-09-12T21:39:33.388 DEBUG   :curobo                                  :Cache hit: curobo::trajectory::bspline::interpolate_bspline_kernel<float, 3, (curobo::trajectory::bspline::BasisBackend)2>
2026-09-12T21:39:33.388 DEBUG   :curobo                                  :Cache hit: curobo::kinematics::kinematics_forward_spheres_kernel<15, 32>
2026-09-12T21:39:33.389 DEBUG   :curobo                                  :Cache hit: curobo::kinematics::kinematics_backward_kernel<float, float, 16, true, false, false>
2026-09-12T21:39:33.389 DEBUG   :curobo                                  :Cache hit: curobo::trajectory::bspline::bspline_backward_kernel<3, float, (curobo::trajectory::bspline::BasisBackend)2>
2026-09-12T21:39:33.390 DEBUG   :curobo                                  :Cache hit: curobo::optimization::line_search::kernel_line_search<float, 4>
2026-09-12T21:39:33.390 DEBUG   :curobo                                  :Cache hit: curobo::optimization::kernel_lbfgs_step_shared_memory<float, false, 27>
2026-09-12T21:39:33.397 DEBUG   :curobo                                  :Cache hit: curobo::trajectory::bspline::interpolate_bspline_kernel<float, 3, (curobo::trajectory::bspline::BasisBackend)2>
2026-09-12T21:39:33.398 DEBUG   :curobo                                  :Cache hit: curobo::kinematics::kinematics_forward_spheres_kernel<15, 32>
2026-09-12T21:39:33.398 INFO    :curobo                                  :Recording CUDA Graph for _compute_metrics_from_action_impl
2026-09-12T21:39:33.533 INFO    :curobo                                  :Updating state_seq buffer reference (created new tensor)
2026-09-12T21:39:33.534 DEBUG   :curobo                                  :Cache hit: curobo::trajectory::bspline::interpolate_bspline_kernel<float, 3, (curobo::trajectory::bspline::BasisBackend)2>
2026-09-12T21:39:33.534 DEBUG   :curobo                                  :Cache hit: curobo::kinematics::kinematics_forward_spheres_kernel<15, 32>
2026-09-12T21:39:33.536 INFO    :curobo                                  :Compiling kernel: curobo::geometry::self_collision::self_collision_max_distance_kernel<false>
2026-09-12T21:39:33.734 INFO    :curobo                                  :Successfully compiled kernel: curobo::geometry::self_collision::self_collision_max_distance_kernel<false>
2026-09-12T21:39:33.739 DEBUG   :curobo                                  :Cache hit: curobo::trajectory::bspline::interpolate_bspline_kernel<float, 3, (curobo::trajectory::bspline::BasisBackend)2>
2026-09-12T21:39:33.740 DEBUG   :curobo                                  :Cache hit: curobo::kinematics::kinematics_forward_spheres_kernel<15, 32>
2026-09-12T21:39:33.741 DEBUG   :curobo                                  :Cache hit: curobo::geometry::self_collision::self_collision_max_distance_kernel<false>
2026-09-12T21:39:33.742 DEBUG   :curobo                                  :Cache hit: curobo::trajectory::bspline::interpolate_bspline_kernel<float, 3, (curobo::trajectory::bspline::BasisBackend)2>
2026-09-12T21:39:33.743 DEBUG   :curobo                                  :Cache hit: curobo::kinematics::kinematics_forward_spheres_kernel<15, 32>
2026-09-12T21:39:33.744 DEBUG   :curobo                                  :Cache hit: curobo::geometry::self_collision::self_collision_max_distance_kernel<false>
2026-09-12T21:39:33.745 DEBUG   :curobo                                  :Cache hit: curobo::trajectory::bspline::interpolate_bspline_kernel<float, 3, (curobo::trajectory::bspline::BasisBackend)2>
2026-09-12T21:39:33.745 DEBUG   :curobo                                  :Cache hit: curobo::kinematics::kinematics_forward_spheres_kernel<15, 32>
2026-09-12T21:39:33.746 DEBUG   :curobo                                  :Cache hit: curobo::geometry::self_collision::self_collision_max_distance_kernel<false>
2026-09-12T21:39:33.748 INFO    :curobo                                  :Compiling kernel: curobo::trajectory::bspline::interpolate_bspline_single_dt_kernel<float, 3, (curobo::trajectory::bspline::BasisBackend)2>
2026-09-12T21:39:33.858 INFO    :curobo                                  :Successfully compiled kernel: curobo::trajectory::bspline::interpolate_bspline_single_dt_kernel<float, 3, (curobo::trajectory::bspline::BasisBackend)2>
2026-09-12T21:39:33.859 DEBUG   :curobo                                  :Cache hit: curobo::kinematics::kinematics_forward_spheres_kernel<15, 32>
2026-09-12T21:39:33.859 INFO    :curobo                                  :Recording CUDA Graph for _compute_metrics_from_state_impl
2026-09-12T21:39:33.936 DEBUG   :curobo                                  :Cache hit: curobo::geometry::self_collision::self_collision_max_distance_kernel<false>
2026-09-12T21:39:33.940 DEBUG   :curobo                                  :Cache hit: curobo::geometry::self_collision::self_collision_max_distance_kernel<false>
2026-09-12T21:39:33.941 DEBUG   :curobo                                  :Cache hit: curobo::geometry::self_collision::self_collision_max_distance_kernel<false>
2026-09-12T21:39:33.943 DEBUG   :curobo                                  :Cache hit: curobo::geometry::self_collision::self_collision_max_distance_kernel<false>
2026-09-12T21:39:33.988 DEBUG   :curobo                                  :Cache hit: curobo::trajectory::bspline::interpolate_bspline_kernel<float, 3, (curobo::trajectory::bspline::BasisBackend)2>
2026-09-12T21:39:33.988 DEBUG   :curobo                                  :Cache hit: curobo::kinematics::kinematics_forward_spheres_kernel<15, 32>
2026-09-12T21:39:33.989 DEBUG   :curobo                                  :Cache hit: curobo::kinematics::kinematics_backward_kernel<float, float, 16, true, false, false>
2026-09-12T21:39:33.990 DEBUG   :curobo                                  :Cache hit: curobo::trajectory::bspline::bspline_backward_kernel<3, float, (curobo::trajectory::bspline::BasisBackend)2>
2026-09-12T21:39:33.990 DEBUG   :curobo                                  :Cache hit: curobo::optimization::line_search::kernel_line_search<float, 4>
2026-09-12T21:39:33.990 INFO    :curobo                                  :Running optimizer 1/1: LBFGSOpt
2026-09-12T21:39:34.000 DEBUG   :curobo                                  :Cache hit: curobo::trajectory::bspline::interpolate_bspline_kernel<float, 3, (curobo::trajectory::bspline::BasisBackend)2>
2026-09-12T21:39:34.000 DEBUG   :curobo                                  :Cache hit: curobo::kinematics::kinematics_forward_spheres_kernel<15, 32>
2026-09-12T21:39:34.001 DEBUG   :curobo                                  :Cache hit: curobo::trajectory::bspline::interpolate_bspline_single_dt_kernel<float, 3, (curobo::trajectory::bspline::BasisBackend)2>
2026-09-12T21:39:34.001 DEBUG   :curobo                                  :Cache hit: curobo::kinematics::kinematics_forward_spheres_kernel<15, 32>
2026-09-12T21:39:34.004 DEBUG   :curobo                                  :Cache hit: curobo::trajectory::bspline::interpolate_bspline_kernel<float, 3, (curobo::trajectory::bspline::BasisBackend)2>
2026-09-12T21:39:34.004 DEBUG   :curobo                                  :Cache hit: curobo::kinematics::kinematics_forward_spheres_kernel<15, 32>
2026-09-12T21:39:34.006 DEBUG   :curobo                                  :Cache hit: curobo::kinematics::kinematics_backward_kernel<float, float, 16, true, false, false>
2026-09-12T21:39:34.006 DEBUG   :curobo                                  :Cache hit: curobo::trajectory::bspline::bspline_backward_kernel<3, float, (curobo::trajectory::bspline::BasisBackend)2>
2026-09-12T21:39:34.006 DEBUG   :curobo                                  :Cache hit: curobo::optimization::line_search::kernel_line_search<float, 4>
2026-09-12T21:39:34.007 INFO    :curobo                                  :Running optimizer 1/1: LBFGSOpt
2026-09-12T21:39:34.013 DEBUG   :curobo                                  :Cache hit: curobo::trajectory::bspline::interpolate_bspline_kernel<float, 3, (curobo::trajectory::bspline::BasisBackend)2>
2026-09-12T21:39:34.013 DEBUG   :curobo                                  :Cache hit: curobo::kinematics::kinematics_forward_spheres_kernel<15, 32>
2026-09-12T21:39:34.014 DEBUG   :curobo                                  :Cache hit: curobo::trajectory::bspline::interpolate_bspline_single_dt_kernel<float, 3, (curobo::trajectory::bspline::BasisBackend)2>
2026-09-12T21:39:34.015 DEBUG   :curobo                                  :Cache hit: curobo::kinematics::kinematics_forward_spheres_kernel<15, 32>
2026-09-12T21:39:34.017 DEBUG   :curobo                                  :Cache hit: curobo::trajectory::bspline::interpolate_bspline_kernel<float, 3, (curobo::trajectory::bspline::BasisBackend)2>
2026-09-12T21:39:34.017 DEBUG   :curobo                                  :Cache hit: curobo::kinematics::kinematics_forward_spheres_kernel<15, 32>
2026-09-12T21:39:34.019 DEBUG   :curobo                                  :Cache hit: curobo::kinematics::kinematics_backward_kernel<float, float, 16, true, false, false>
2026-09-12T21:39:34.019 DEBUG   :curobo                                  :Cache hit: curobo::trajectory::bspline::bspline_backward_kernel<3, float, (curobo::trajectory::bspline::BasisBackend)2>
2026-09-12T21:39:34.019 DEBUG   :curobo                                  :Cache hit: curobo::optimization::line_search::kernel_line_search<float, 4>
2026-09-12T21:39:34.019 INFO    :curobo                                  :Running optimizer 1/1: LBFGSOpt
2026-09-12T21:39:34.026 DEBUG   :curobo                                  :Cache hit: curobo::trajectory::bspline::interpolate_bspline_kernel<float, 3, (curobo::trajectory::bspline::BasisBackend)2>
2026-09-12T21:39:34.026 DEBUG   :curobo                                  :Cache hit: curobo::kinematics::kinematics_forward_spheres_kernel<15, 32>
2026-09-12T21:39:34.027 DEBUG   :curobo                                  :Cache hit: curobo::trajectory::bspline::interpolate_bspline_single_dt_kernel<float, 3, (curobo::trajectory::bspline::BasisBackend)2>
2026-09-12T21:39:34.027 DEBUG   :curobo                                  :Cache hit: curobo::kinematics::kinematics_forward_spheres_kernel<15, 32>
2026-09-12T21:39:34.193 DEBUG   :curobo                                  :Self Collision skipped %: 57.805605247465714
2026-09-12T21:39:34.193 DEBUG   :curobo                                  :Self Collision count: 3538
2026-09-12T21:39:34.193 DEBUG   :curobo                                  :Self Collision per thread: 7
2026-09-12T21:39:34.207 DEBUG   :curobo                                  :Warp initialized - Version: 1.17.0
2026-09-12T21:39:34.207 DEBUG   :curobo                                  :Warp Devices: ['cpu', 'cuda:0']
2026-09-12T21:39:34.212 DEBUG   :curobo                                  :Warp initialized - Version: 1.17.0
2026-09-12T21:39:34.212 DEBUG   :curobo                                  :Warp Devices: ['cpu', 'cuda:0']
2026-09-12T21:39:34.212 INFO    :curobo                                  :Initialized 3 costs for robot rollout
2026-09-12T21:39:34.213 DEBUG   :curobo                                  :Warp initialized - Version: 1.17.0
2026-09-12T21:39:34.213 DEBUG   :curobo                                  :Warp Devices: ['cpu', 'cuda:0']
2026-09-12T21:39:34.213 INFO    :curobo                                  :Initialized 3 costs for robot rollout
2026-09-12T21:39:34.213 DEBUG   :curobo                                  :Warp initialized - Version: 1.17.0
2026-09-12T21:39:34.213 DEBUG   :curobo                                  :Warp Devices: ['cpu', 'cuda:0']
2026-09-12T21:39:34.213 DEBUG   :curobo                                  :Warp initialized - Version: 1.17.0
2026-09-12T21:39:34.213 DEBUG   :curobo                                  :Warp Devices: ['cpu', 'cuda:0']
2026-09-12T21:39:34.213 INFO    :curobo                                  :Initialized 3 costs for robot rollout
2026-09-12T21:39:34.218 DEBUG   :curobo                                  :Warp initialized - Version: 1.17.0
2026-09-12T21:39:34.218 DEBUG   :curobo                                  :Warp Devices: ['cpu', 'cuda:0']
2026-09-12T21:39:34.218 INFO    :curobo                                  :Initialized 3 costs for robot rollout
2026-09-12T21:39:34.218 DEBUG   :curobo                                  :Warp initialized - Version: 1.17.0
2026-09-12T21:39:34.218 DEBUG   :curobo                                  :Warp Devices: ['cpu', 'cuda:0']
2026-09-12T21:39:34.218 INFO    :curobo                                  :Initialized 3 costs for robot rollout
2026-09-12T21:39:34.218 DEBUG   :curobo                                  :Warp initialized - Version: 1.17.0
2026-09-12T21:39:34.218 DEBUG   :curobo                                  :Warp Devices: ['cpu', 'cuda:0']
2026-09-12T21:39:34.219 DEBUG   :curobo                                  :Warp initialized - Version: 1.17.0
2026-09-12T21:39:34.219 DEBUG   :curobo                                  :Warp Devices: ['cpu', 'cuda:0']
2026-09-12T21:39:34.219 INFO    :curobo                                  :Initialized 3 costs for robot rollout
2026-09-12T21:39:34.221 DEBUG   :curobo                                  :Warp initialized - Version: 1.17.0
2026-09-12T21:39:34.221 DEBUG   :curobo                                  :Warp Devices: ['cpu', 'cuda:0']
2026-09-12T21:39:34.221 INFO    :curobo                                  :Initialized 2 costs for robot rollout
2026-09-12T21:39:34.221 DEBUG   :curobo                                  :Warp initialized - Version: 1.17.0
2026-09-12T21:39:34.221 DEBUG   :curobo                                  :Warp Devices: ['cpu', 'cuda:0']
2026-09-12T21:39:34.221 INFO    :curobo                                  :Initialized 2 costs for robot rollout
2026-09-12T21:39:34.221 INFO    :curobo                                  :Initialized 2 costs for robot rollout
2026-09-12T21:39:34.222 INFO    :curobo                                  :Initialized 2 costs for robot rollout
2026-09-12T21:39:34.224 DEBUG   :curobo                                  :Warp initialized - Version: 1.17.0
2026-09-12T21:39:34.224 DEBUG   :curobo                                  :Warp Devices: ['cpu', 'cuda:0']
2026-09-12T21:39:34.224 INFO    :curobo                                  :Initialized 2 costs for robot rollout
2026-09-12T21:39:34.224 DEBUG   :curobo                                  :Warp initialized - Version: 1.17.0
2026-09-12T21:39:34.224 DEBUG   :curobo                                  :Warp Devices: ['cpu', 'cuda:0']
2026-09-12T21:39:34.225 INFO    :curobo                                  :Initialized 2 costs for robot rollout
2026-09-12T21:39:34.225 INFO    :curobo                                  :Initialized 2 costs for robot rollout
2026-09-12T21:39:34.225 INFO    :curobo                                  :Initialized 2 costs for robot rollout
2026-09-12T21:39:34.225 INFO    :curobo                                  :LBFGS: history >= opt_dim, reducing history to opt_dim-1
2026-09-12T21:39:34.225 INFO    :curobo                                  :Updating state_seq buffer reference (created new tensor)
2026-09-12T21:39:34.225 INFO    :curobo                                  :Updating state_seq buffer reference (created new tensor)
2026-09-12T21:39:34.227 DEBUG   :curobo                                  :Warp initialized - Version: 1.17.0
2026-09-12T21:39:34.228 DEBUG   :curobo                                  :Warp Devices: ['cpu', 'cuda:0']
2026-09-12T21:39:34.230 INFO    :curobo                                  :Seed IK Solver initialized for robot with 6 DOF
2026-09-12T21:39:34.230 INFO    :curobo                                  :Controlled links: ['tcp']
2026-09-12T21:39:34.232 DEBUG   :curobo                                  :Warp initialized - Version: 1.17.0
2026-09-12T21:39:34.233 DEBUG   :curobo                                  :Warp Devices: ['cpu', 'cuda:0']
2026-09-12T21:39:34.233 INFO    :curobo                                  :Initialized 3 costs for robot rollout
2026-09-12T21:39:34.233 DEBUG   :curobo                                  :Warp initialized - Version: 1.17.0
2026-09-12T21:39:34.233 DEBUG   :curobo                                  :Warp Devices: ['cpu', 'cuda:0']
2026-09-12T21:39:34.233 INFO    :curobo                                  :Initialized 3 costs for robot rollout
2026-09-12T21:39:34.233 DEBUG   :curobo                                  :Warp initialized - Version: 1.17.0
2026-09-12T21:39:34.233 DEBUG   :curobo                                  :Warp Devices: ['cpu', 'cuda:0']
2026-09-12T21:39:34.233 DEBUG   :curobo                                  :Warp initialized - Version: 1.17.0
2026-09-12T21:39:34.233 DEBUG   :curobo                                  :Warp Devices: ['cpu', 'cuda:0']
2026-09-12T21:39:34.233 INFO    :curobo                                  :Initialized 3 costs for robot rollout
2026-09-12T21:39:34.236 DEBUG   :curobo                                  :Warp initialized - Version: 1.17.0
2026-09-12T21:39:34.236 DEBUG   :curobo                                  :Warp Devices: ['cpu', 'cuda:0']
2026-09-12T21:39:34.236 INFO    :curobo                                  :Initialized 3 costs for robot rollout
2026-09-12T21:39:34.237 DEBUG   :curobo                                  :Warp initialized - Version: 1.17.0
2026-09-12T21:39:34.237 DEBUG   :curobo                                  :Warp Devices: ['cpu', 'cuda:0']
2026-09-12T21:39:34.237 INFO    :curobo                                  :Initialized 3 costs for robot rollout
2026-09-12T21:39:34.237 DEBUG   :curobo                                  :Warp initialized - Version: 1.17.0
2026-09-12T21:39:34.237 DEBUG   :curobo                                  :Warp Devices: ['cpu', 'cuda:0']
2026-09-12T21:39:34.237 DEBUG   :curobo                                  :Warp initialized - Version: 1.17.0
2026-09-12T21:39:34.237 DEBUG   :curobo                                  :Warp Devices: ['cpu', 'cuda:0']
2026-09-12T21:39:34.237 INFO    :curobo                                  :Initialized 3 costs for robot rollout
2026-09-12T21:39:34.240 DEBUG   :curobo                                  :Warp initialized - Version: 1.17.0
2026-09-12T21:39:34.240 DEBUG   :curobo                                  :Warp Devices: ['cpu', 'cuda:0']
2026-09-12T21:39:34.240 INFO    :curobo                                  :Initialized 2 costs for robot rollout
2026-09-12T21:39:34.240 DEBUG   :curobo                                  :Warp initialized - Version: 1.17.0
2026-09-12T21:39:34.240 DEBUG   :curobo                                  :Warp Devices: ['cpu', 'cuda:0']
2026-09-12T21:39:34.240 INFO    :curobo                                  :Initialized 2 costs for robot rollout
2026-09-12T21:39:34.241 INFO    :curobo                                  :Initialized 2 costs for robot rollout
2026-09-12T21:39:34.241 INFO    :curobo                                  :Initialized 2 costs for robot rollout
2026-09-12T21:39:34.243 DEBUG   :curobo                                  :Warp initialized - Version: 1.17.0
2026-09-12T21:39:34.243 DEBUG   :curobo                                  :Warp Devices: ['cpu', 'cuda:0']
2026-09-12T21:39:34.243 INFO    :curobo                                  :Initialized 2 costs for robot rollout
2026-09-12T21:39:34.244 DEBUG   :curobo                                  :Warp initialized - Version: 1.17.0
2026-09-12T21:39:34.244 DEBUG   :curobo                                  :Warp Devices: ['cpu', 'cuda:0']
2026-09-12T21:39:34.244 INFO    :curobo                                  :Initialized 2 costs for robot rollout
2026-09-12T21:39:34.244 INFO    :curobo                                  :Initialized 2 costs for robot rollout
2026-09-12T21:39:34.244 INFO    :curobo                                  :Initialized 2 costs for robot rollout
2026-09-12T21:39:34.244 INFO    :curobo                                  :Updating state_seq buffer reference (created new tensor)
2026-09-12T21:39:34.245 INFO    :curobo                                  :Updating state_seq buffer reference (created new tensor)
2026-09-12T21:39:34.250 DEBUG   :curobo                                  :Warp initialized - Version: 1.17.0
2026-09-12T21:39:34.250 DEBUG   :curobo                                  :Warp Devices: ['cpu', 'cuda:0']
2026-09-12T21:39:34.250 INFO    :curobo                                  :Initialized 3 costs for robot rollout
2026-09-12T21:39:34.250 DEBUG   :curobo                                  :Warp initialized - Version: 1.17.0
2026-09-12T21:39:34.250 DEBUG   :curobo                                  :Warp Devices: ['cpu', 'cuda:0']
2026-09-12T21:39:34.250 INFO    :curobo                                  :Initialized 3 costs for robot rollout
2026-09-12T21:39:34.250 DEBUG   :curobo                                  :Warp initialized - Version: 1.17.0
2026-09-12T21:39:34.250 DEBUG   :curobo                                  :Warp Devices: ['cpu', 'cuda:0']
2026-09-12T21:39:34.250 DEBUG   :curobo                                  :Warp initialized - Version: 1.17.0
2026-09-12T21:39:34.250 DEBUG   :curobo                                  :Warp Devices: ['cpu', 'cuda:0']
2026-09-12T21:39:34.250 INFO    :curobo                                  :Initialized 3 costs for robot rollout
2026-09-12T21:39:34.253 DEBUG   :curobo                                  :Warp initialized - Version: 1.17.0
2026-09-12T21:39:34.253 DEBUG   :curobo                                  :Warp Devices: ['cpu', 'cuda:0']
2026-09-12T21:39:34.253 INFO    :curobo                                  :Initialized 3 costs for robot rollout
2026-09-12T21:39:34.253 DEBUG   :curobo                                  :Warp initialized - Version: 1.17.0
2026-09-12T21:39:34.253 DEBUG   :curobo                                  :Warp Devices: ['cpu', 'cuda:0']
2026-09-12T21:39:34.253 INFO    :curobo                                  :Initialized 3 costs for robot rollout
2026-09-12T21:39:34.253 DEBUG   :curobo                                  :Warp initialized - Version: 1.17.0
2026-09-12T21:39:34.253 DEBUG   :curobo                                  :Warp Devices: ['cpu', 'cuda:0']
2026-09-12T21:39:34.253 DEBUG   :curobo                                  :Warp initialized - Version: 1.17.0
2026-09-12T21:39:34.253 DEBUG   :curobo                                  :Warp Devices: ['cpu', 'cuda:0']
2026-09-12T21:39:34.253 INFO    :curobo                                  :Initialized 3 costs for robot rollout
2026-09-12T21:39:34.258 DEBUG   :curobo                                  :Warp initialized - Version: 1.17.0
2026-09-12T21:39:34.258 DEBUG   :curobo                                  :Warp Devices: ['cpu', 'cuda:0']
2026-09-12T21:39:34.258 INFO    :curobo                                  :Initialized 3 costs for robot rollout
2026-09-12T21:39:34.258 DEBUG   :curobo                                  :Warp initialized - Version: 1.17.0
2026-09-12T21:39:34.258 DEBUG   :curobo                                  :Warp Devices: ['cpu', 'cuda:0']
2026-09-12T21:39:34.259 INFO    :curobo                                  :Initialized 3 costs for robot rollout
2026-09-12T21:39:34.259 DEBUG   :curobo                                  :Warp initialized - Version: 1.17.0
2026-09-12T21:39:34.259 DEBUG   :curobo                                  :Warp Devices: ['cpu', 'cuda:0']
2026-09-12T21:39:34.259 DEBUG   :curobo                                  :Warp initialized - Version: 1.17.0
2026-09-12T21:39:34.259 DEBUG   :curobo                                  :Warp Devices: ['cpu', 'cuda:0']
2026-09-12T21:39:34.259 INFO    :curobo                                  :Initialized 3 costs for robot rollout
2026-09-12T21:39:34.263 DEBUG   :curobo                                  :Cache hit: curobo::kinematics::kinematics_forward_spheres_kernel<15, 32>
2026-09-12T21:39:34.263 INFO    :curobo                                  :exploration_idx.shape != (num_problems, n_linesearch): torch.Size([1, 4]) != (4, 4)
2026-09-12T21:39:34.264 INFO    :curobo                                  :selected_idx.shape != (num_problems, n_linesearch): torch.Size([1, 4]) != (4, 4)
2026-09-12T21:39:34.264 INFO    :curobo                                  :exploration_idx.shape != (num_problems, n_linesearch): torch.Size([1, 4]) != (4, 4)
2026-09-12T21:39:34.264 INFO    :curobo                                  :selected_idx.shape != (num_problems, n_linesearch): torch.Size([1, 4]) != (4, 4)
2026-09-12T21:39:34.264 INFO    :curobo                                  :Updating state_seq buffer reference (created new tensor)
2026-09-12T21:39:34.264 INFO    :curobo                                  :Updating state_seq buffer reference (created new tensor)
2026-09-12T21:39:34.265 INFO    :curobo                                  :Updating state_seq buffer reference (created new tensor)
2026-09-12T21:39:34.265 INFO    :curobo                                  :Updating state_seq buffer reference (created new tensor)
2026-09-12T21:39:34.266 DEBUG   :curobo                                  :Cache hit: curobo::trajectory::bspline::interpolate_bspline_kernel<float, 3, (curobo::trajectory::bspline::BasisBackend)2>
2026-09-12T21:39:34.267 DEBUG   :curobo                                  :Cache hit: curobo::kinematics::kinematics_forward_spheres_kernel<15, 32>
2026-09-12T21:39:34.268 DEBUG   :curobo                                  :Cache hit: curobo::trajectory::bspline::interpolate_bspline_kernel<float, 3, (curobo::trajectory::bspline::BasisBackend)2>
2026-09-12T21:39:34.269 DEBUG   :curobo                                  :Cache hit: curobo::kinematics::kinematics_forward_spheres_kernel<15, 32>
2026-09-12T21:39:34.272 DEBUG   :curobo                                  :Cache hit: curobo::geometry::self_collision::self_collision_max_distance_kernel<false>
2026-09-12T21:39:34.278 DEBUG   :curobo                                  :Cache hit: curobo::kinematics::kinematics_backward_kernel<float, float, 16, true, false, false>
2026-09-12T21:39:34.279 DEBUG   :curobo                                  :Cache hit: curobo::trajectory::bspline::bspline_backward_kernel<3, float, (curobo::trajectory::bspline::BasisBackend)2>
2026-09-12T21:39:34.279 DEBUG   :curobo                                  :Cache hit: curobo::optimization::line_search::kernel_line_search<float, 4>
2026-09-12T21:39:34.279 INFO    :curobo                                  :Running optimizer 1/1: LBFGSOpt
2026-09-12T21:39:34.279 INFO    :curobo                                  :Recording CUDA Graph for _opt_iters
2026-09-12T21:39:34.359 DEBUG   :curobo                                  :Cache hit: curobo::trajectory::bspline::interpolate_bspline_kernel<float, 3, (curobo::trajectory::bspline::BasisBackend)2>
2026-09-12T21:39:34.359 DEBUG   :curobo                                  :Cache hit: curobo::kinematics::kinematics_forward_spheres_kernel<15, 32>
2026-09-12T21:39:34.363 DEBUG   :curobo                                  :Cache hit: curobo::geometry::self_collision::self_collision_max_distance_kernel<false>
2026-09-12T21:39:34.364 DEBUG   :curobo                                  :Cache hit: curobo::kinematics::kinematics_backward_kernel<float, float, 16, true, false, false>
2026-09-12T21:39:34.364 DEBUG   :curobo                                  :Cache hit: curobo::trajectory::bspline::bspline_backward_kernel<3, float, (curobo::trajectory::bspline::BasisBackend)2>
2026-09-12T21:39:34.364 DEBUG   :curobo                                  :Cache hit: curobo::optimization::line_search::kernel_line_search<float, 4>
2026-09-12T21:39:34.365 DEBUG   :curobo                                  :Cache hit: curobo::optimization::kernel_lbfgs_step_shared_memory<float, false, 27>
2026-09-12T21:39:34.365 DEBUG   :curobo                                  :Cache hit: curobo::trajectory::bspline::interpolate_bspline_kernel<float, 3, (curobo::trajectory::bspline::BasisBackend)2>
2026-09-12T21:39:34.365 DEBUG   :curobo                                  :Cache hit: curobo::kinematics::kinematics_forward_spheres_kernel<15, 32>
2026-09-12T21:39:34.366 DEBUG   :curobo                                  :Cache hit: curobo::geometry::self_collision::self_collision_max_distance_kernel<false>
2026-09-12T21:39:34.367 DEBUG   :curobo                                  :Cache hit: curobo::kinematics::kinematics_backward_kernel<float, float, 16, true, false, false>
2026-09-12T21:39:34.368 DEBUG   :curobo                                  :Cache hit: curobo::trajectory::bspline::bspline_backward_kernel<3, float, (curobo::trajectory::bspline::BasisBackend)2>
2026-09-12T21:39:34.368 DEBUG   :curobo                                  :Cache hit: curobo::optimization::line_search::kernel_line_search<float, 4>
2026-09-12T21:39:34.368 DEBUG   :curobo                                  :Cache hit: curobo::optimization::kernel_lbfgs_step_shared_memory<float, false, 27>
2026-09-12T21:39:34.369 DEBUG   :curobo                                  :Cache hit: curobo::trajectory::bspline::interpolate_bspline_kernel<float, 3, (curobo::trajectory::bspline::BasisBackend)2>
2026-09-12T21:39:34.369 DEBUG   :curobo                                  :Cache hit: curobo::kinematics::kinematics_forward_spheres_kernel<15, 32>
2026-09-12T21:39:34.370 DEBUG   :curobo                                  :Cache hit: curobo::geometry::self_collision::self_collision_max_distance_kernel<false>
2026-09-12T21:39:34.371 DEBUG   :curobo                                  :Cache hit: curobo::kinematics::kinematics_backward_kernel<float, float, 16, true, false, false>
2026-09-12T21:39:34.371 DEBUG   :curobo                                  :Cache hit: curobo::trajectory::bspline::bspline_backward_kernel<3, float, (curobo::trajectory::bspline::BasisBackend)2>
2026-09-12T21:39:34.371 DEBUG   :curobo                                  :Cache hit: curobo::optimization::line_search::kernel_line_search<float, 4>
2026-09-12T21:39:34.371 DEBUG   :curobo                                  :Cache hit: curobo::optimization::kernel_lbfgs_step_shared_memory<float, false, 27>
2026-09-12T21:39:34.372 DEBUG   :curobo                                  :Cache hit: curobo::trajectory::bspline::interpolate_bspline_kernel<float, 3, (curobo::trajectory::bspline::BasisBackend)2>
2026-09-12T21:39:34.372 DEBUG   :curobo                                  :Cache hit: curobo::kinematics::kinematics_forward_spheres_kernel<15, 32>
2026-09-12T21:39:34.373 DEBUG   :curobo                                  :Cache hit: curobo::geometry::self_collision::self_collision_max_distance_kernel<false>
2026-09-12T21:39:34.374 DEBUG   :curobo                                  :Cache hit: curobo::kinematics::kinematics_backward_kernel<float, float, 16, true, false, false>
2026-09-12T21:39:34.374 DEBUG   :curobo                                  :Cache hit: curobo::trajectory::bspline::bspline_backward_kernel<3, float, (curobo::trajectory::bspline::BasisBackend)2>
2026-09-12T21:39:34.374 DEBUG   :curobo                                  :Cache hit: curobo::optimization::line_search::kernel_line_search<float, 4>
2026-09-12T21:39:34.375 DEBUG   :curobo                                  :Cache hit: curobo::optimization::kernel_lbfgs_step_shared_memory<float, false, 27>
2026-09-12T21:39:34.375 DEBUG   :curobo                                  :Cache hit: curobo::trajectory::bspline::interpolate_bspline_kernel<float, 3, (curobo::trajectory::bspline::BasisBackend)2>
2026-09-12T21:39:34.375 DEBUG   :curobo                                  :Cache hit: curobo::kinematics::kinematics_forward_spheres_kernel<15, 32>
2026-09-12T21:39:34.376 DEBUG   :curobo                                  :Cache hit: curobo::geometry::self_collision::self_collision_max_distance_kernel<false>
2026-09-12T21:39:34.377 DEBUG   :curobo                                  :Cache hit: curobo::kinematics::kinematics_backward_kernel<float, float, 16, true, false, false>
2026-09-12T21:39:34.377 DEBUG   :curobo                                  :Cache hit: curobo::trajectory::bspline::bspline_backward_kernel<3, float, (curobo::trajectory::bspline::BasisBackend)2>
2026-09-12T21:39:34.377 DEBUG   :curobo                                  :Cache hit: curobo::optimization::line_search::kernel_line_search<float, 4>
2026-09-12T21:39:34.378 DEBUG   :curobo                                  :Cache hit: curobo::optimization::kernel_lbfgs_step_shared_memory<float, false, 27>
2026-09-12T21:39:34.378 DEBUG   :curobo                                  :Cache hit: curobo::trajectory::bspline::interpolate_bspline_kernel<float, 3, (curobo::trajectory::bspline::BasisBackend)2>
2026-09-12T21:39:34.378 DEBUG   :curobo                                  :Cache hit: curobo::kinematics::kinematics_forward_spheres_kernel<15, 32>
2026-09-12T21:39:34.379 DEBUG   :curobo                                  :Cache hit: curobo::geometry::self_collision::self_collision_max_distance_kernel<false>
2026-09-12T21:39:34.380 DEBUG   :curobo                                  :Cache hit: curobo::kinematics::kinematics_backward_kernel<float, float, 16, true, false, false>
2026-09-12T21:39:34.380 DEBUG   :curobo                                  :Cache hit: curobo::trajectory::bspline::bspline_backward_kernel<3, float, (curobo::trajectory::bspline::BasisBackend)2>
2026-09-12T21:39:34.381 DEBUG   :curobo                                  :Cache hit: curobo::optimization::line_search::kernel_line_search<float, 4>
2026-09-12T21:39:34.381 DEBUG   :curobo                                  :Cache hit: curobo::optimization::kernel_lbfgs_step_shared_memory<float, false, 27>
2026-09-12T21:39:34.381 DEBUG   :curobo                                  :Cache hit: curobo::trajectory::bspline::interpolate_bspline_kernel<float, 3, (curobo::trajectory::bspline::BasisBackend)2>
2026-09-12T21:39:34.381 DEBUG   :curobo                                  :Cache hit: curobo::kinematics::kinematics_forward_spheres_kernel<15, 32>
2026-09-12T21:39:34.382 DEBUG   :curobo                                  :Cache hit: curobo::geometry::self_collision::self_collision_max_distance_kernel<false>
2026-09-12T21:39:34.383 DEBUG   :curobo                                  :Cache hit: curobo::kinematics::kinematics_backward_kernel<float, float, 16, true, false, false>
2026-09-12T21:39:34.383 DEBUG   :curobo                                  :Cache hit: curobo::trajectory::bspline::bspline_backward_kernel<3, float, (curobo::trajectory::bspline::BasisBackend)2>
2026-09-12T21:39:34.383 DEBUG   :curobo                                  :Cache hit: curobo::optimization::line_search::kernel_line_search<float, 4>
2026-09-12T21:39:34.383 DEBUG   :curobo                                  :Cache hit: curobo::optimization::kernel_lbfgs_step_shared_memory<float, false, 27>
2026-09-12T21:39:34.384 DEBUG   :curobo                                  :Cache hit: curobo::trajectory::bspline::interpolate_bspline_kernel<float, 3, (curobo::trajectory::bspline::BasisBackend)2>
2026-09-12T21:39:34.384 DEBUG   :curobo                                  :Cache hit: curobo::kinematics::kinematics_forward_spheres_kernel<15, 32>
2026-09-12T21:39:34.385 DEBUG   :curobo                                  :Cache hit: curobo::geometry::self_collision::self_collision_max_distance_kernel<false>
2026-09-12T21:39:34.386 DEBUG   :curobo                                  :Cache hit: curobo::kinematics::kinematics_backward_kernel<float, float, 16, true, false, false>
2026-09-12T21:39:34.386 DEBUG   :curobo                                  :Cache hit: curobo::trajectory::bspline::bspline_backward_kernel<3, float, (curobo::trajectory::bspline::BasisBackend)2>
2026-09-12T21:39:34.386 DEBUG   :curobo                                  :Cache hit: curobo::optimization::line_search::kernel_line_search<float, 4>
2026-09-12T21:39:34.386 DEBUG   :curobo                                  :Cache hit: curobo::optimization::kernel_lbfgs_step_shared_memory<float, false, 27>
2026-09-12T21:39:34.387 DEBUG   :curobo                                  :Cache hit: curobo::trajectory::bspline::interpolate_bspline_kernel<float, 3, (curobo::trajectory::bspline::BasisBackend)2>
2026-09-12T21:39:34.387 DEBUG   :curobo                                  :Cache hit: curobo::kinematics::kinematics_forward_spheres_kernel<15, 32>
2026-09-12T21:39:34.388 DEBUG   :curobo                                  :Cache hit: curobo::geometry::self_collision::self_collision_max_distance_kernel<false>
2026-09-12T21:39:34.389 DEBUG   :curobo                                  :Cache hit: curobo::kinematics::kinematics_backward_kernel<float, float, 16, true, false, false>
2026-09-12T21:39:34.390 DEBUG   :curobo                                  :Cache hit: curobo::trajectory::bspline::bspline_backward_kernel<3, float, (curobo::trajectory::bspline::BasisBackend)2>
2026-09-12T21:39:34.390 DEBUG   :curobo                                  :Cache hit: curobo::optimization::line_search::kernel_line_search<float, 4>
2026-09-12T21:39:34.390 DEBUG   :curobo                                  :Cache hit: curobo::optimization::kernel_lbfgs_step_shared_memory<float, false, 27>
2026-09-12T21:39:34.391 DEBUG   :curobo                                  :Cache hit: curobo::trajectory::bspline::interpolate_bspline_kernel<float, 3, (curobo::trajectory::bspline::BasisBackend)2>
2026-09-12T21:39:34.391 DEBUG   :curobo                                  :Cache hit: curobo::kinematics::kinematics_forward_spheres_kernel<15, 32>
2026-09-12T21:39:34.392 DEBUG   :curobo                                  :Cache hit: curobo::geometry::self_collision::self_collision_max_distance_kernel<false>
2026-09-12T21:39:34.393 DEBUG   :curobo                                  :Cache hit: curobo::kinematics::kinematics_backward_kernel<float, float, 16, true, false, false>
2026-09-12T21:39:34.394 DEBUG   :curobo                                  :Cache hit: curobo::trajectory::bspline::bspline_backward_kernel<3, float, (curobo::trajectory::bspline::BasisBackend)2>
2026-09-12T21:39:34.394 DEBUG   :curobo                                  :Cache hit: curobo::optimization::line_search::kernel_line_search<float, 4>
2026-09-12T21:39:34.394 DEBUG   :curobo                                  :Cache hit: curobo::optimization::kernel_lbfgs_step_shared_memory<float, false, 27>
2026-09-12T21:39:34.395 DEBUG   :curobo                                  :Cache hit: curobo::trajectory::bspline::interpolate_bspline_kernel<float, 3, (curobo::trajectory::bspline::BasisBackend)2>
2026-09-12T21:39:34.395 DEBUG   :curobo                                  :Cache hit: curobo::kinematics::kinematics_forward_spheres_kernel<15, 32>
2026-09-12T21:39:34.396 DEBUG   :curobo                                  :Cache hit: curobo::geometry::self_collision::self_collision_max_distance_kernel<false>
2026-09-12T21:39:34.397 DEBUG   :curobo                                  :Cache hit: curobo::kinematics::kinematics_backward_kernel<float, float, 16, true, false, false>
2026-09-12T21:39:34.397 DEBUG   :curobo                                  :Cache hit: curobo::trajectory::bspline::bspline_backward_kernel<3, float, (curobo::trajectory::bspline::BasisBackend)2>
2026-09-12T21:39:34.397 DEBUG   :curobo                                  :Cache hit: curobo::optimization::line_search::kernel_line_search<float, 4>
2026-09-12T21:39:34.398 DEBUG   :curobo                                  :Cache hit: curobo::optimization::kernel_lbfgs_step_shared_memory<float, false, 27>
2026-09-12T21:39:34.398 DEBUG   :curobo                                  :Cache hit: curobo::trajectory::bspline::interpolate_bspline_kernel<float, 3, (curobo::trajectory::bspline::BasisBackend)2>
2026-09-12T21:39:34.398 DEBUG   :curobo                                  :Cache hit: curobo::kinematics::kinematics_forward_spheres_kernel<15, 32>
2026-09-12T21:39:34.399 DEBUG   :curobo                                  :Cache hit: curobo::geometry::self_collision::self_collision_max_distance_kernel<false>
2026-09-12T21:39:34.400 DEBUG   :curobo                                  :Cache hit: curobo::kinematics::kinematics_backward_kernel<float, float, 16, true, false, false>
2026-09-12T21:39:34.400 DEBUG   :curobo                                  :Cache hit: curobo::trajectory::bspline::bspline_backward_kernel<3, float, (curobo::trajectory::bspline::BasisBackend)2>
2026-09-12T21:39:34.401 DEBUG   :curobo                                  :Cache hit: curobo::optimization::line_search::kernel_line_search<float, 4>
2026-09-12T21:39:34.401 DEBUG   :curobo                                  :Cache hit: curobo::optimization::kernel_lbfgs_step_shared_memory<float, false, 27>
2026-09-12T21:39:34.401 DEBUG   :curobo                                  :Cache hit: curobo::trajectory::bspline::interpolate_bspline_kernel<float, 3, (curobo::trajectory::bspline::BasisBackend)2>
2026-09-12T21:39:34.402 DEBUG   :curobo                                  :Cache hit: curobo::kinematics::kinematics_forward_spheres_kernel<15, 32>
2026-09-12T21:39:34.403 DEBUG   :curobo                                  :Cache hit: curobo::geometry::self_collision::self_collision_max_distance_kernel<false>
2026-09-12T21:39:34.403 DEBUG   :curobo                                  :Cache hit: curobo::kinematics::kinematics_backward_kernel<float, float, 16, true, false, false>
2026-09-12T21:39:34.404 DEBUG   :curobo                                  :Cache hit: curobo::trajectory::bspline::bspline_backward_kernel<3, float, (curobo::trajectory::bspline::BasisBackend)2>
2026-09-12T21:39:34.404 DEBUG   :curobo                                  :Cache hit: curobo::optimization::line_search::kernel_line_search<float, 4>
2026-09-12T21:39:34.404 DEBUG   :curobo                                  :Cache hit: curobo::optimization::kernel_lbfgs_step_shared_memory<float, false, 27>
2026-09-12T21:39:34.405 DEBUG   :curobo                                  :Cache hit: curobo::trajectory::bspline::interpolate_bspline_kernel<float, 3, (curobo::trajectory::bspline::BasisBackend)2>
2026-09-12T21:39:34.405 DEBUG   :curobo                                  :Cache hit: curobo::kinematics::kinematics_forward_spheres_kernel<15, 32>
2026-09-12T21:39:34.406 DEBUG   :curobo                                  :Cache hit: curobo::geometry::self_collision::self_collision_max_distance_kernel<false>
2026-09-12T21:39:34.407 DEBUG   :curobo                                  :Cache hit: curobo::kinematics::kinematics_backward_kernel<float, float, 16, true, false, false>
2026-09-12T21:39:34.407 DEBUG   :curobo                                  :Cache hit: curobo::trajectory::bspline::bspline_backward_kernel<3, float, (curobo::trajectory::bspline::BasisBackend)2>
2026-09-12T21:39:34.407 DEBUG   :curobo                                  :Cache hit: curobo::optimization::line_search::kernel_line_search<float, 4>
2026-09-12T21:39:34.407 DEBUG   :curobo                                  :Cache hit: curobo::optimization::kernel_lbfgs_step_shared_memory<float, false, 27>
2026-09-12T21:39:34.408 DEBUG   :curobo                                  :Cache hit: curobo::trajectory::bspline::interpolate_bspline_kernel<float, 3, (curobo::trajectory::bspline::BasisBackend)2>
2026-09-12T21:39:34.408 DEBUG   :curobo                                  :Cache hit: curobo::kinematics::kinematics_forward_spheres_kernel<15, 32>
2026-09-12T21:39:34.409 DEBUG   :curobo                                  :Cache hit: curobo::geometry::self_collision::self_collision_max_distance_kernel<false>
2026-09-12T21:39:34.409 DEBUG   :curobo                                  :Cache hit: curobo::kinematics::kinematics_backward_kernel<float, float, 16, true, false, false>
2026-09-12T21:39:34.409 DEBUG   :curobo                                  :Cache hit: curobo::trajectory::bspline::bspline_backward_kernel<3, float, (curobo::trajectory::bspline::BasisBackend)2>
2026-09-12T21:39:34.410 DEBUG   :curobo                                  :Cache hit: curobo::optimization::line_search::kernel_line_search<float, 4>
2026-09-12T21:39:34.410 DEBUG   :curobo                                  :Cache hit: curobo::optimization::kernel_lbfgs_step_shared_memory<float, false, 27>
2026-09-12T21:39:34.410 DEBUG   :curobo                                  :Cache hit: curobo::trajectory::bspline::interpolate_bspline_kernel<float, 3, (curobo::trajectory::bspline::BasisBackend)2>
2026-09-12T21:39:34.410 DEBUG   :curobo                                  :Cache hit: curobo::kinematics::kinematics_forward_spheres_kernel<15, 32>
2026-09-12T21:39:34.411 DEBUG   :curobo                                  :Cache hit: curobo::geometry::self_collision::self_collision_max_distance_kernel<false>
2026-09-12T21:39:34.411 DEBUG   :curobo                                  :Cache hit: curobo::kinematics::kinematics_backward_kernel<float, float, 16, true, false, false>
2026-09-12T21:39:34.412 DEBUG   :curobo                                  :Cache hit: curobo::trajectory::bspline::bspline_backward_kernel<3, float, (curobo::trajectory::bspline::BasisBackend)2>
2026-09-12T21:39:34.412 DEBUG   :curobo                                  :Cache hit: curobo::optimization::line_search::kernel_line_search<float, 4>
2026-09-12T21:39:34.412 DEBUG   :curobo                                  :Cache hit: curobo::optimization::kernel_lbfgs_step_shared_memory<float, false, 27>
2026-09-12T21:39:34.412 DEBUG   :curobo                                  :Cache hit: curobo::trajectory::bspline::interpolate_bspline_kernel<float, 3, (curobo::trajectory::bspline::BasisBackend)2>
2026-09-12T21:39:34.412 DEBUG   :curobo                                  :Cache hit: curobo::kinematics::kinematics_forward_spheres_kernel<15, 32>
2026-09-12T21:39:34.413 DEBUG   :curobo                                  :Cache hit: curobo::geometry::self_collision::self_collision_max_distance_kernel<false>
2026-09-12T21:39:34.414 DEBUG   :curobo                                  :Cache hit: curobo::kinematics::kinematics_backward_kernel<float, float, 16, true, false, false>
2026-09-12T21:39:34.414 DEBUG   :curobo                                  :Cache hit: curobo::trajectory::bspline::bspline_backward_kernel<3, float, (curobo::trajectory::bspline::BasisBackend)2>
2026-09-12T21:39:34.414 DEBUG   :curobo                                  :Cache hit: curobo::optimization::line_search::kernel_line_search<float, 4>
2026-09-12T21:39:34.414 DEBUG   :curobo                                  :Cache hit: curobo::optimization::kernel_lbfgs_step_shared_memory<float, false, 27>
2026-09-12T21:39:34.415 DEBUG   :curobo                                  :Cache hit: curobo::trajectory::bspline::interpolate_bspline_kernel<float, 3, (curobo::trajectory::bspline::BasisBackend)2>
2026-09-12T21:39:34.415 DEBUG   :curobo                                  :Cache hit: curobo::kinematics::kinematics_forward_spheres_kernel<15, 32>
2026-09-12T21:39:34.415 DEBUG   :curobo                                  :Cache hit: curobo::geometry::self_collision::self_collision_max_distance_kernel<false>
2026-09-12T21:39:34.416 DEBUG   :curobo                                  :Cache hit: curobo::kinematics::kinematics_backward_kernel<float, float, 16, true, false, false>
2026-09-12T21:39:34.416 DEBUG   :curobo                                  :Cache hit: curobo::trajectory::bspline::bspline_backward_kernel<3, float, (curobo::trajectory::bspline::BasisBackend)2>
2026-09-12T21:39:34.417 DEBUG   :curobo                                  :Cache hit: curobo::optimization::line_search::kernel_line_search<float, 4>
2026-09-12T21:39:34.417 DEBUG   :curobo                                  :Cache hit: curobo::optimization::kernel_lbfgs_step_shared_memory<float, false, 27>
2026-09-12T21:39:34.417 DEBUG   :curobo                                  :Cache hit: curobo::trajectory::bspline::interpolate_bspline_kernel<float, 3, (curobo::trajectory::bspline::BasisBackend)2>
2026-09-12T21:39:34.417 DEBUG   :curobo                                  :Cache hit: curobo::kinematics::kinematics_forward_spheres_kernel<15, 32>
2026-09-12T21:39:34.418 DEBUG   :curobo                                  :Cache hit: curobo::geometry::self_collision::self_collision_max_distance_kernel<false>
2026-09-12T21:39:34.419 DEBUG   :curobo                                  :Cache hit: curobo::kinematics::kinematics_backward_kernel<float, float, 16, true, false, false>
2026-09-12T21:39:34.419 DEBUG   :curobo                                  :Cache hit: curobo::trajectory::bspline::bspline_backward_kernel<3, float, (curobo::trajectory::bspline::BasisBackend)2>
2026-09-12T21:39:34.420 DEBUG   :curobo                                  :Cache hit: curobo::optimization::line_search::kernel_line_search<float, 4>
2026-09-12T21:39:34.420 DEBUG   :curobo                                  :Cache hit: curobo::optimization::kernel_lbfgs_step_shared_memory<float, false, 27>
2026-09-12T21:39:34.420 DEBUG   :curobo                                  :Cache hit: curobo::trajectory::bspline::interpolate_bspline_kernel<float, 3, (curobo::trajectory::bspline::BasisBackend)2>
2026-09-12T21:39:34.420 DEBUG   :curobo                                  :Cache hit: curobo::kinematics::kinematics_forward_spheres_kernel<15, 32>
2026-09-12T21:39:34.421 DEBUG   :curobo                                  :Cache hit: curobo::geometry::self_collision::self_collision_max_distance_kernel<false>
2026-09-12T21:39:34.422 DEBUG   :curobo                                  :Cache hit: curobo::kinematics::kinematics_backward_kernel<float, float, 16, true, false, false>
2026-09-12T21:39:34.423 DEBUG   :curobo                                  :Cache hit: curobo::trajectory::bspline::bspline_backward_kernel<3, float, (curobo::trajectory::bspline::BasisBackend)2>
2026-09-12T21:39:34.423 DEBUG   :curobo                                  :Cache hit: curobo::optimization::line_search::kernel_line_search<float, 4>
2026-09-12T21:39:34.423 DEBUG   :curobo                                  :Cache hit: curobo::optimization::kernel_lbfgs_step_shared_memory<float, false, 27>
2026-09-12T21:39:34.425 DEBUG   :curobo                                  :Cache hit: curobo::trajectory::bspline::interpolate_bspline_kernel<float, 3, (curobo::trajectory::bspline::BasisBackend)2>
2026-09-12T21:39:34.426 DEBUG   :curobo                                  :Cache hit: curobo::kinematics::kinematics_forward_spheres_kernel<15, 32>
2026-09-12T21:39:34.427 DEBUG   :curobo                                  :Cache hit: curobo::geometry::self_collision::self_collision_max_distance_kernel<false>
2026-09-12T21:39:34.428 DEBUG   :curobo                                  :Cache hit: curobo::kinematics::kinematics_backward_kernel<float, float, 16, true, false, false>
2026-09-12T21:39:34.428 DEBUG   :curobo                                  :Cache hit: curobo::trajectory::bspline::bspline_backward_kernel<3, float, (curobo::trajectory::bspline::BasisBackend)2>
2026-09-12T21:39:34.428 DEBUG   :curobo                                  :Cache hit: curobo::optimization::line_search::kernel_line_search<float, 4>
2026-09-12T21:39:34.428 DEBUG   :curobo                                  :Cache hit: curobo::optimization::kernel_lbfgs_step_shared_memory<float, false, 27>
2026-09-12T21:39:34.429 DEBUG   :curobo                                  :Cache hit: curobo::trajectory::bspline::interpolate_bspline_kernel<float, 3, (curobo::trajectory::bspline::BasisBackend)2>
2026-09-12T21:39:34.429 DEBUG   :curobo                                  :Cache hit: curobo::kinematics::kinematics_forward_spheres_kernel<15, 32>
2026-09-12T21:39:34.430 DEBUG   :curobo                                  :Cache hit: curobo::geometry::self_collision::self_collision_max_distance_kernel<false>
2026-09-12T21:39:34.431 DEBUG   :curobo                                  :Cache hit: curobo::kinematics::kinematics_backward_kernel<float, float, 16, true, false, false>
2026-09-12T21:39:34.431 DEBUG   :curobo                                  :Cache hit: curobo::trajectory::bspline::bspline_backward_kernel<3, float, (curobo::trajectory::bspline::BasisBackend)2>
2026-09-12T21:39:34.431 DEBUG   :curobo                                  :Cache hit: curobo::optimization::line_search::kernel_line_search<float, 4>
2026-09-12T21:39:34.431 DEBUG   :curobo                                  :Cache hit: curobo::optimization::kernel_lbfgs_step_shared_memory<float, false, 27>
2026-09-12T21:39:34.432 DEBUG   :curobo                                  :Cache hit: curobo::trajectory::bspline::interpolate_bspline_kernel<float, 3, (curobo::trajectory::bspline::BasisBackend)2>
2026-09-12T21:39:34.432 DEBUG   :curobo                                  :Cache hit: curobo::kinematics::kinematics_forward_spheres_kernel<15, 32>
2026-09-12T21:39:34.433 DEBUG   :curobo                                  :Cache hit: curobo::geometry::self_collision::self_collision_max_distance_kernel<false>
2026-09-12T21:39:34.434 DEBUG   :curobo                                  :Cache hit: curobo::kinematics::kinematics_backward_kernel<float, float, 16, true, false, false>
2026-09-12T21:39:34.434 DEBUG   :curobo                                  :Cache hit: curobo::trajectory::bspline::bspline_backward_kernel<3, float, (curobo::trajectory::bspline::BasisBackend)2>
2026-09-12T21:39:34.434 DEBUG   :curobo                                  :Cache hit: curobo::optimization::line_search::kernel_line_search<float, 4>
2026-09-12T21:39:34.434 DEBUG   :curobo                                  :Cache hit: curobo::optimization::kernel_lbfgs_step_shared_memory<float, false, 27>
2026-09-12T21:39:34.435 DEBUG   :curobo                                  :Cache hit: curobo::trajectory::bspline::interpolate_bspline_kernel<float, 3, (curobo::trajectory::bspline::BasisBackend)2>
2026-09-12T21:39:34.435 DEBUG   :curobo                                  :Cache hit: curobo::kinematics::kinematics_forward_spheres_kernel<15, 32>
2026-09-12T21:39:34.436 DEBUG   :curobo                                  :Cache hit: curobo::geometry::self_collision::self_collision_max_distance_kernel<false>
2026-09-12T21:39:34.437 DEBUG   :curobo                                  :Cache hit: curobo::kinematics::kinematics_backward_kernel<float, float, 16, true, false, false>
2026-09-12T21:39:34.437 DEBUG   :curobo                                  :Cache hit: curobo::trajectory::bspline::bspline_backward_kernel<3, float, (curobo::trajectory::bspline::BasisBackend)2>
2026-09-12T21:39:34.438 DEBUG   :curobo                                  :Cache hit: curobo::optimization::line_search::kernel_line_search<float, 4>
2026-09-12T21:39:34.438 DEBUG   :curobo                                  :Cache hit: curobo::optimization::kernel_lbfgs_step_shared_memory<float, false, 27>
2026-09-12T21:39:34.439 DEBUG   :curobo                                  :Cache hit: curobo::trajectory::bspline::interpolate_bspline_kernel<float, 3, (curobo::trajectory::bspline::BasisBackend)2>
2026-09-12T21:39:34.439 DEBUG   :curobo                                  :Cache hit: curobo::kinematics::kinematics_forward_spheres_kernel<15, 32>
2026-09-12T21:39:34.441 DEBUG   :curobo                                  :Cache hit: curobo::geometry::self_collision::self_collision_max_distance_kernel<false>
2026-09-12T21:39:34.442 DEBUG   :curobo                                  :Cache hit: curobo::kinematics::kinematics_backward_kernel<float, float, 16, true, false, false>
2026-09-12T21:39:34.442 DEBUG   :curobo                                  :Cache hit: curobo::trajectory::bspline::bspline_backward_kernel<3, float, (curobo::trajectory::bspline::BasisBackend)2>
2026-09-12T21:39:34.443 DEBUG   :curobo                                  :Cache hit: curobo::optimization::line_search::kernel_line_search<float, 4>
2026-09-12T21:39:34.443 DEBUG   :curobo                                  :Cache hit: curobo::optimization::kernel_lbfgs_step_shared_memory<float, false, 27>
2026-09-12T21:39:34.444 DEBUG   :curobo                                  :Cache hit: curobo::trajectory::bspline::interpolate_bspline_kernel<float, 3, (curobo::trajectory::bspline::BasisBackend)2>
2026-09-12T21:39:34.444 DEBUG   :curobo                                  :Cache hit: curobo::kinematics::kinematics_forward_spheres_kernel<15, 32>
2026-09-12T21:39:34.446 DEBUG   :curobo                                  :Cache hit: curobo::geometry::self_collision::self_collision_max_distance_kernel<false>
2026-09-12T21:39:34.447 DEBUG   :curobo                                  :Cache hit: curobo::kinematics::kinematics_backward_kernel<float, float, 16, true, false, false>
2026-09-12T21:39:34.447 DEBUG   :curobo                                  :Cache hit: curobo::trajectory::bspline::bspline_backward_kernel<3, float, (curobo::trajectory::bspline::BasisBackend)2>
2026-09-12T21:39:34.448 DEBUG   :curobo                                  :Cache hit: curobo::optimization::line_search::kernel_line_search<float, 4>
2026-09-12T21:39:34.448 DEBUG   :curobo                                  :Cache hit: curobo::optimization::kernel_lbfgs_step_shared_memory<float, false, 27>
2026-09-12T21:39:34.449 DEBUG   :curobo                                  :Cache hit: curobo::trajectory::bspline::interpolate_bspline_kernel<float, 3, (curobo::trajectory::bspline::BasisBackend)2>
2026-09-12T21:39:34.449 DEBUG   :curobo                                  :Cache hit: curobo::kinematics::kinematics_forward_spheres_kernel<15, 32>
2026-09-12T21:39:34.451 DEBUG   :curobo                                  :Cache hit: curobo::geometry::self_collision::self_collision_max_distance_kernel<false>
2026-09-12T21:39:34.452 DEBUG   :curobo                                  :Cache hit: curobo::kinematics::kinematics_backward_kernel<float, float, 16, true, false, false>
2026-09-12T21:39:34.452 DEBUG   :curobo                                  :Cache hit: curobo::trajectory::bspline::bspline_backward_kernel<3, float, (curobo::trajectory::bspline::BasisBackend)2>
2026-09-12T21:39:34.453 DEBUG   :curobo                                  :Cache hit: curobo::optimization::line_search::kernel_line_search<float, 4>
2026-09-12T21:39:34.453 DEBUG   :curobo                                  :Cache hit: curobo::optimization::kernel_lbfgs_step_shared_memory<float, false, 27>
2026-09-12T21:39:34.454 DEBUG   :curobo                                  :Cache hit: curobo::trajectory::bspline::interpolate_bspline_kernel<float, 3, (curobo::trajectory::bspline::BasisBackend)2>
2026-09-12T21:39:34.454 DEBUG   :curobo                                  :Cache hit: curobo::kinematics::kinematics_forward_spheres_kernel<15, 32>
2026-09-12T21:39:34.455 DEBUG   :curobo                                  :Cache hit: curobo::geometry::self_collision::self_collision_max_distance_kernel<false>
2026-09-12T21:39:34.457 DEBUG   :curobo                                  :Cache hit: curobo::kinematics::kinematics_backward_kernel<float, float, 16, true, false, false>
2026-09-12T21:39:34.457 DEBUG   :curobo                                  :Cache hit: curobo::trajectory::bspline::bspline_backward_kernel<3, float, (curobo::trajectory::bspline::BasisBackend)2>
2026-09-12T21:39:34.457 DEBUG   :curobo                                  :Cache hit: curobo::optimization::line_search::kernel_line_search<float, 4>
2026-09-12T21:39:34.458 DEBUG   :curobo                                  :Cache hit: curobo::optimization::kernel_lbfgs_step_shared_memory<float, false, 27>
2026-09-12T21:39:34.458 DEBUG   :curobo                                  :Cache hit: curobo::trajectory::bspline::interpolate_bspline_kernel<float, 3, (curobo::trajectory::bspline::BasisBackend)2>
2026-09-12T21:39:34.459 DEBUG   :curobo                                  :Cache hit: curobo::kinematics::kinematics_forward_spheres_kernel<15, 32>
2026-09-12T21:39:34.460 DEBUG   :curobo                                  :Cache hit: curobo::geometry::self_collision::self_collision_max_distance_kernel<false>
2026-09-12T21:39:34.461 DEBUG   :curobo                                  :Cache hit: curobo::kinematics::kinematics_backward_kernel<float, float, 16, true, false, false>
2026-09-12T21:39:34.461 DEBUG   :curobo                                  :Cache hit: curobo::trajectory::bspline::bspline_backward_kernel<3, float, (curobo::trajectory::bspline::BasisBackend)2>
2026-09-12T21:39:34.462 DEBUG   :curobo                                  :Cache hit: curobo::optimization::line_search::kernel_line_search<float, 4>
2026-09-12T21:39:34.462 DEBUG   :curobo                                  :Cache hit: curobo::optimization::kernel_lbfgs_step_shared_memory<float, false, 27>
2026-09-12T21:39:34.463 DEBUG   :curobo                                  :Cache hit: curobo::trajectory::bspline::interpolate_bspline_kernel<float, 3, (curobo::trajectory::bspline::BasisBackend)2>
2026-09-12T21:39:34.463 DEBUG   :curobo                                  :Cache hit: curobo::kinematics::kinematics_forward_spheres_kernel<15, 32>
2026-09-12T21:39:34.464 DEBUG   :curobo                                  :Cache hit: curobo::geometry::self_collision::self_collision_max_distance_kernel<false>
2026-09-12T21:39:34.465 DEBUG   :curobo                                  :Cache hit: curobo::kinematics::kinematics_backward_kernel<float, float, 16, true, false, false>
2026-09-12T21:39:34.466 DEBUG   :curobo                                  :Cache hit: curobo::trajectory::bspline::bspline_backward_kernel<3, float, (curobo::trajectory::bspline::BasisBackend)2>
2026-09-12T21:39:34.466 DEBUG   :curobo                                  :Cache hit: curobo::optimization::line_search::kernel_line_search<float, 4>
2026-09-12T21:39:34.466 DEBUG   :curobo                                  :Cache hit: curobo::optimization::kernel_lbfgs_step_shared_memory<float, false, 27>
2026-09-12T21:39:34.467 DEBUG   :curobo                                  :Cache hit: curobo::trajectory::bspline::interpolate_bspline_kernel<float, 3, (curobo::trajectory::bspline::BasisBackend)2>
2026-09-12T21:39:34.467 DEBUG   :curobo                                  :Cache hit: curobo::kinematics::kinematics_forward_spheres_kernel<15, 32>
2026-09-12T21:39:34.469 DEBUG   :curobo                                  :Cache hit: curobo::geometry::self_collision::self_collision_max_distance_kernel<false>
2026-09-12T21:39:34.470 DEBUG   :curobo                                  :Cache hit: curobo::kinematics::kinematics_backward_kernel<float, float, 16, true, false, false>
2026-09-12T21:39:34.470 DEBUG   :curobo                                  :Cache hit: curobo::trajectory::bspline::bspline_backward_kernel<3, float, (curobo::trajectory::bspline::BasisBackend)2>
2026-09-12T21:39:34.470 DEBUG   :curobo                                  :Cache hit: curobo::optimization::line_search::kernel_line_search<float, 4>
2026-09-12T21:39:34.470 DEBUG   :curobo                                  :Cache hit: curobo::optimization::kernel_lbfgs_step_shared_memory<float, false, 27>
2026-09-12T21:39:34.471 DEBUG   :curobo                                  :Cache hit: curobo::trajectory::bspline::interpolate_bspline_kernel<float, 3, (curobo::trajectory::bspline::BasisBackend)2>
2026-09-12T21:39:34.471 DEBUG   :curobo                                  :Cache hit: curobo::kinematics::kinematics_forward_spheres_kernel<15, 32>
2026-09-12T21:39:34.473 DEBUG   :curobo                                  :Cache hit: curobo::geometry::self_collision::self_collision_max_distance_kernel<false>
2026-09-12T21:39:34.474 DEBUG   :curobo                                  :Cache hit: curobo::kinematics::kinematics_backward_kernel<float, float, 16, true, false, false>
2026-09-12T21:39:34.474 DEBUG   :curobo                                  :Cache hit: curobo::trajectory::bspline::bspline_backward_kernel<3, float, (curobo::trajectory::bspline::BasisBackend)2>
2026-09-12T21:39:34.474 DEBUG   :curobo                                  :Cache hit: curobo::optimization::line_search::kernel_line_search<float, 4>
2026-09-12T21:39:34.475 DEBUG   :curobo                                  :Cache hit: curobo::optimization::kernel_lbfgs_step_shared_memory<float, false, 27>
2026-09-12T21:39:34.475 DEBUG   :curobo                                  :Cache hit: curobo::trajectory::bspline::interpolate_bspline_kernel<float, 3, (curobo::trajectory::bspline::BasisBackend)2>
2026-09-12T21:39:34.476 DEBUG   :curobo                                  :Cache hit: curobo::kinematics::kinematics_forward_spheres_kernel<15, 32>
2026-09-12T21:39:34.477 DEBUG   :curobo                                  :Cache hit: curobo::geometry::self_collision::self_collision_max_distance_kernel<false>
2026-09-12T21:39:34.478 DEBUG   :curobo                                  :Cache hit: curobo::kinematics::kinematics_backward_kernel<float, float, 16, true, false, false>
2026-09-12T21:39:34.479 DEBUG   :curobo                                  :Cache hit: curobo::trajectory::bspline::bspline_backward_kernel<3, float, (curobo::trajectory::bspline::BasisBackend)2>
2026-09-12T21:39:34.479 DEBUG   :curobo                                  :Cache hit: curobo::optimization::line_search::kernel_line_search<float, 4>
2026-09-12T21:39:34.480 DEBUG   :curobo                                  :Cache hit: curobo::optimization::kernel_lbfgs_step_shared_memory<float, false, 27>
2026-09-12T21:39:34.480 DEBUG   :curobo                                  :Cache hit: curobo::trajectory::bspline::interpolate_bspline_kernel<float, 3, (curobo::trajectory::bspline::BasisBackend)2>
2026-09-12T21:39:34.481 DEBUG   :curobo                                  :Cache hit: curobo::kinematics::kinematics_forward_spheres_kernel<15, 32>
2026-09-12T21:39:34.482 DEBUG   :curobo                                  :Cache hit: curobo::geometry::self_collision::self_collision_max_distance_kernel<false>
2026-09-12T21:39:34.483 DEBUG   :curobo                                  :Cache hit: curobo::kinematics::kinematics_backward_kernel<float, float, 16, true, false, false>
2026-09-12T21:39:34.484 DEBUG   :curobo                                  :Cache hit: curobo::trajectory::bspline::bspline_backward_kernel<3, float, (curobo::trajectory::bspline::BasisBackend)2>
2026-09-12T21:39:34.484 DEBUG   :curobo                                  :Cache hit: curobo::optimization::line_search::kernel_line_search<float, 4>
2026-09-12T21:39:34.484 DEBUG   :curobo                                  :Cache hit: curobo::optimization::kernel_lbfgs_step_shared_memory<float, false, 27>
2026-09-12T21:39:34.485 DEBUG   :curobo                                  :Cache hit: curobo::trajectory::bspline::interpolate_bspline_kernel<float, 3, (curobo::trajectory::bspline::BasisBackend)2>
2026-09-12T21:39:34.485 DEBUG   :curobo                                  :Cache hit: curobo::kinematics::kinematics_forward_spheres_kernel<15, 32>
2026-09-12T21:39:34.487 DEBUG   :curobo                                  :Cache hit: curobo::geometry::self_collision::self_collision_max_distance_kernel<false>
2026-09-12T21:39:34.488 DEBUG   :curobo                                  :Cache hit: curobo::kinematics::kinematics_backward_kernel<float, float, 16, true, false, false>
2026-09-12T21:39:34.488 DEBUG   :curobo                                  :Cache hit: curobo::trajectory::bspline::bspline_backward_kernel<3, float, (curobo::trajectory::bspline::BasisBackend)2>
2026-09-12T21:39:34.488 DEBUG   :curobo                                  :Cache hit: curobo::optimization::line_search::kernel_line_search<float, 4>
2026-09-12T21:39:34.489 DEBUG   :curobo                                  :Cache hit: curobo::optimization::kernel_lbfgs_step_shared_memory<float, false, 27>
2026-09-12T21:39:34.489 DEBUG   :curobo                                  :Cache hit: curobo::trajectory::bspline::interpolate_bspline_kernel<float, 3, (curobo::trajectory::bspline::BasisBackend)2>
2026-09-12T21:39:34.490 DEBUG   :curobo                                  :Cache hit: curobo::kinematics::kinematics_forward_spheres_kernel<15, 32>
2026-09-12T21:39:34.491 DEBUG   :curobo                                  :Cache hit: curobo::geometry::self_collision::self_collision_max_distance_kernel<false>
2026-09-12T21:39:34.492 DEBUG   :curobo                                  :Cache hit: curobo::kinematics::kinematics_backward_kernel<float, float, 16, true, false, false>
2026-09-12T21:39:34.493 DEBUG   :curobo                                  :Cache hit: curobo::trajectory::bspline::bspline_backward_kernel<3, float, (curobo::trajectory::bspline::BasisBackend)2>
2026-09-12T21:39:34.493 DEBUG   :curobo                                  :Cache hit: curobo::optimization::line_search::kernel_line_search<float, 4>
2026-09-12T21:39:34.493 DEBUG   :curobo                                  :Cache hit: curobo::optimization::kernel_lbfgs_step_shared_memory<float, false, 27>
2026-09-12T21:39:34.494 DEBUG   :curobo                                  :Cache hit: curobo::trajectory::bspline::interpolate_bspline_kernel<float, 3, (curobo::trajectory::bspline::BasisBackend)2>
2026-09-12T21:39:34.494 DEBUG   :curobo                                  :Cache hit: curobo::kinematics::kinematics_forward_spheres_kernel<15, 32>
2026-09-12T21:39:34.496 DEBUG   :curobo                                  :Cache hit: curobo::geometry::self_collision::self_collision_max_distance_kernel<false>
2026-09-12T21:39:34.497 DEBUG   :curobo                                  :Cache hit: curobo::kinematics::kinematics_backward_kernel<float, float, 16, true, false, false>
2026-09-12T21:39:34.497 DEBUG   :curobo                                  :Cache hit: curobo::trajectory::bspline::bspline_backward_kernel<3, float, (curobo::trajectory::bspline::BasisBackend)2>
2026-09-12T21:39:34.497 DEBUG   :curobo                                  :Cache hit: curobo::optimization::line_search::kernel_line_search<float, 4>
2026-09-12T21:39:34.498 DEBUG   :curobo                                  :Cache hit: curobo::optimization::kernel_lbfgs_step_shared_memory<float, false, 27>
2026-09-12T21:39:34.498 DEBUG   :curobo                                  :Cache hit: curobo::trajectory::bspline::interpolate_bspline_kernel<float, 3, (curobo::trajectory::bspline::BasisBackend)2>
2026-09-12T21:39:34.499 DEBUG   :curobo                                  :Cache hit: curobo::kinematics::kinematics_forward_spheres_kernel<15, 32>
2026-09-12T21:39:34.500 DEBUG   :curobo                                  :Cache hit: curobo::geometry::self_collision::self_collision_max_distance_kernel<false>
2026-09-12T21:39:34.501 DEBUG   :curobo                                  :Cache hit: curobo::kinematics::kinematics_backward_kernel<float, float, 16, true, false, false>
2026-09-12T21:39:34.502 DEBUG   :curobo                                  :Cache hit: curobo::trajectory::bspline::bspline_backward_kernel<3, float, (curobo::trajectory::bspline::BasisBackend)2>
2026-09-12T21:39:34.502 DEBUG   :curobo                                  :Cache hit: curobo::optimization::line_search::kernel_line_search<float, 4>
2026-09-12T21:39:34.502 DEBUG   :curobo                                  :Cache hit: curobo::optimization::kernel_lbfgs_step_shared_memory<float, false, 27>
2026-09-12T21:39:34.503 DEBUG   :curobo                                  :Cache hit: curobo::trajectory::bspline::interpolate_bspline_kernel<float, 3, (curobo::trajectory::bspline::BasisBackend)2>
2026-09-12T21:39:34.503 DEBUG   :curobo                                  :Cache hit: curobo::kinematics::kinematics_forward_spheres_kernel<15, 32>
2026-09-12T21:39:34.504 DEBUG   :curobo                                  :Cache hit: curobo::geometry::self_collision::self_collision_max_distance_kernel<false>
2026-09-12T21:39:34.505 DEBUG   :curobo                                  :Cache hit: curobo::kinematics::kinematics_backward_kernel<float, float, 16, true, false, false>
2026-09-12T21:39:34.505 DEBUG   :curobo                                  :Cache hit: curobo::trajectory::bspline::bspline_backward_kernel<3, float, (curobo::trajectory::bspline::BasisBackend)2>
2026-09-12T21:39:34.506 DEBUG   :curobo                                  :Cache hit: curobo::optimization::line_search::kernel_line_search<float, 4>
2026-09-12T21:39:34.506 DEBUG   :curobo                                  :Cache hit: curobo::optimization::kernel_lbfgs_step_shared_memory<float, false, 27>
2026-09-12T21:39:34.507 DEBUG   :curobo                                  :Cache hit: curobo::trajectory::bspline::interpolate_bspline_kernel<float, 3, (curobo::trajectory::bspline::BasisBackend)2>
2026-09-12T21:39:34.507 DEBUG   :curobo                                  :Cache hit: curobo::kinematics::kinematics_forward_spheres_kernel<15, 32>
2026-09-12T21:39:34.508 DEBUG   :curobo                                  :Cache hit: curobo::geometry::self_collision::self_collision_max_distance_kernel<false>
2026-09-12T21:39:34.509 DEBUG   :curobo                                  :Cache hit: curobo::kinematics::kinematics_backward_kernel<float, float, 16, true, false, false>
2026-09-12T21:39:34.509 DEBUG   :curobo                                  :Cache hit: curobo::trajectory::bspline::bspline_backward_kernel<3, float, (curobo::trajectory::bspline::BasisBackend)2>
2026-09-12T21:39:34.509 DEBUG   :curobo                                  :Cache hit: curobo::optimization::line_search::kernel_line_search<float, 4>
2026-09-12T21:39:34.510 DEBUG   :curobo                                  :Cache hit: curobo::optimization::kernel_lbfgs_step_shared_memory<float, false, 27>
2026-09-12T21:39:34.510 DEBUG   :curobo                                  :Cache hit: curobo::trajectory::bspline::interpolate_bspline_kernel<float, 3, (curobo::trajectory::bspline::BasisBackend)2>
2026-09-12T21:39:34.510 DEBUG   :curobo                                  :Cache hit: curobo::kinematics::kinematics_forward_spheres_kernel<15, 32>
2026-09-12T21:39:34.512 DEBUG   :curobo                                  :Cache hit: curobo::geometry::self_collision::self_collision_max_distance_kernel<false>
2026-09-12T21:39:34.513 DEBUG   :curobo                                  :Cache hit: curobo::kinematics::kinematics_backward_kernel<float, float, 16, true, false, false>
2026-09-12T21:39:34.513 DEBUG   :curobo                                  :Cache hit: curobo::trajectory::bspline::bspline_backward_kernel<3, float, (curobo::trajectory::bspline::BasisBackend)2>
2026-09-12T21:39:34.513 DEBUG   :curobo                                  :Cache hit: curobo::optimization::line_search::kernel_line_search<float, 4>
2026-09-12T21:39:34.513 DEBUG   :curobo                                  :Cache hit: curobo::optimization::kernel_lbfgs_step_shared_memory<float, false, 27>
2026-09-12T21:39:34.514 DEBUG   :curobo                                  :Cache hit: curobo::trajectory::bspline::interpolate_bspline_kernel<float, 3, (curobo::trajectory::bspline::BasisBackend)2>
2026-09-12T21:39:34.514 DEBUG   :curobo                                  :Cache hit: curobo::kinematics::kinematics_forward_spheres_kernel<15, 32>
2026-09-12T21:39:34.515 DEBUG   :curobo                                  :Cache hit: curobo::geometry::self_collision::self_collision_max_distance_kernel<false>
2026-09-12T21:39:34.516 DEBUG   :curobo                                  :Cache hit: curobo::kinematics::kinematics_backward_kernel<float, float, 16, true, false, false>
2026-09-12T21:39:34.516 DEBUG   :curobo                                  :Cache hit: curobo::trajectory::bspline::bspline_backward_kernel<3, float, (curobo::trajectory::bspline::BasisBackend)2>
2026-09-12T21:39:34.516 DEBUG   :curobo                                  :Cache hit: curobo::optimization::line_search::kernel_line_search<float, 4>
2026-09-12T21:39:34.517 DEBUG   :curobo                                  :Cache hit: curobo::optimization::kernel_lbfgs_step_shared_memory<float, false, 27>
2026-09-12T21:39:34.517 DEBUG   :curobo                                  :Cache hit: curobo::trajectory::bspline::interpolate_bspline_kernel<float, 3, (curobo::trajectory::bspline::BasisBackend)2>
2026-09-12T21:39:34.518 DEBUG   :curobo                                  :Cache hit: curobo::kinematics::kinematics_forward_spheres_kernel<15, 32>
2026-09-12T21:39:34.518 DEBUG   :curobo                                  :Cache hit: curobo::geometry::self_collision::self_collision_max_distance_kernel<false>
2026-09-12T21:39:34.519 DEBUG   :curobo                                  :Cache hit: curobo::kinematics::kinematics_backward_kernel<float, float, 16, true, false, false>
2026-09-12T21:39:34.520 DEBUG   :curobo                                  :Cache hit: curobo::trajectory::bspline::bspline_backward_kernel<3, float, (curobo::trajectory::bspline::BasisBackend)2>
2026-09-12T21:39:34.520 DEBUG   :curobo                                  :Cache hit: curobo::optimization::line_search::kernel_line_search<float, 4>
2026-09-12T21:39:34.520 DEBUG   :curobo                                  :Cache hit: curobo::optimization::kernel_lbfgs_step_shared_memory<float, false, 27>
2026-09-12T21:39:34.521 DEBUG   :curobo                                  :Cache hit: curobo::trajectory::bspline::interpolate_bspline_kernel<float, 3, (curobo::trajectory::bspline::BasisBackend)2>
2026-09-12T21:39:34.521 DEBUG   :curobo                                  :Cache hit: curobo::kinematics::kinematics_forward_spheres_kernel<15, 32>
2026-09-12T21:39:34.522 DEBUG   :curobo                                  :Cache hit: curobo::geometry::self_collision::self_collision_max_distance_kernel<false>
2026-09-12T21:39:34.523 DEBUG   :curobo                                  :Cache hit: curobo::kinematics::kinematics_backward_kernel<float, float, 16, true, false, false>
2026-09-12T21:39:34.523 DEBUG   :curobo                                  :Cache hit: curobo::trajectory::bspline::bspline_backward_kernel<3, float, (curobo::trajectory::bspline::BasisBackend)2>
2026-09-12T21:39:34.524 DEBUG   :curobo                                  :Cache hit: curobo::optimization::line_search::kernel_line_search<float, 4>
2026-09-12T21:39:34.524 DEBUG   :curobo                                  :Cache hit: curobo::optimization::kernel_lbfgs_step_shared_memory<float, false, 27>
2026-09-12T21:39:34.524 DEBUG   :curobo                                  :Cache hit: curobo::trajectory::bspline::interpolate_bspline_kernel<float, 3, (curobo::trajectory::bspline::BasisBackend)2>
2026-09-12T21:39:34.525 DEBUG   :curobo                                  :Cache hit: curobo::kinematics::kinematics_forward_spheres_kernel<15, 32>
2026-09-12T21:39:34.525 DEBUG   :curobo                                  :Cache hit: curobo::geometry::self_collision::self_collision_max_distance_kernel<false>
2026-09-12T21:39:34.526 DEBUG   :curobo                                  :Cache hit: curobo::kinematics::kinematics_backward_kernel<float, float, 16, true, false, false>
2026-09-12T21:39:34.526 DEBUG   :curobo                                  :Cache hit: curobo::trajectory::bspline::bspline_backward_kernel<3, float, (curobo::trajectory::bspline::BasisBackend)2>
2026-09-12T21:39:34.527 DEBUG   :curobo                                  :Cache hit: curobo::optimization::line_search::kernel_line_search<float, 4>
2026-09-12T21:39:34.527 DEBUG   :curobo                                  :Cache hit: curobo::optimization::kernel_lbfgs_step_shared_memory<float, false, 27>
2026-09-12T21:39:34.527 DEBUG   :curobo                                  :Cache hit: curobo::trajectory::bspline::interpolate_bspline_kernel<float, 3, (curobo::trajectory::bspline::BasisBackend)2>
2026-09-12T21:39:34.527 DEBUG   :curobo                                  :Cache hit: curobo::kinematics::kinematics_forward_spheres_kernel<15, 32>
2026-09-12T21:39:34.528 DEBUG   :curobo                                  :Cache hit: curobo::geometry::self_collision::self_collision_max_distance_kernel<false>
2026-09-12T21:39:34.529 DEBUG   :curobo                                  :Cache hit: curobo::kinematics::kinematics_backward_kernel<float, float, 16, true, false, false>
2026-09-12T21:39:34.529 DEBUG   :curobo                                  :Cache hit: curobo::trajectory::bspline::bspline_backward_kernel<3, float, (curobo::trajectory::bspline::BasisBackend)2>
2026-09-12T21:39:34.530 DEBUG   :curobo                                  :Cache hit: curobo::optimization::line_search::kernel_line_search<float, 4>
2026-09-12T21:39:34.530 DEBUG   :curobo                                  :Cache hit: curobo::optimization::kernel_lbfgs_step_shared_memory<float, false, 27>
2026-09-12T21:39:34.530 DEBUG   :curobo                                  :Cache hit: curobo::trajectory::bspline::interpolate_bspline_kernel<float, 3, (curobo::trajectory::bspline::BasisBackend)2>
2026-09-12T21:39:34.531 DEBUG   :curobo                                  :Cache hit: curobo::kinematics::kinematics_forward_spheres_kernel<15, 32>
2026-09-12T21:39:34.532 DEBUG   :curobo                                  :Cache hit: curobo::geometry::self_collision::self_collision_max_distance_kernel<false>
2026-09-12T21:39:34.532 DEBUG   :curobo                                  :Cache hit: curobo::kinematics::kinematics_backward_kernel<float, float, 16, true, false, false>
2026-09-12T21:39:34.533 DEBUG   :curobo                                  :Cache hit: curobo::trajectory::bspline::bspline_backward_kernel<3, float, (curobo::trajectory::bspline::BasisBackend)2>
2026-09-12T21:39:34.533 DEBUG   :curobo                                  :Cache hit: curobo::optimization::line_search::kernel_line_search<float, 4>
2026-09-12T21:39:34.533 DEBUG   :curobo                                  :Cache hit: curobo::optimization::kernel_lbfgs_step_shared_memory<float, false, 27>
2026-09-12T21:39:34.534 DEBUG   :curobo                                  :Cache hit: curobo::trajectory::bspline::interpolate_bspline_kernel<float, 3, (curobo::trajectory::bspline::BasisBackend)2>
2026-09-12T21:39:34.534 DEBUG   :curobo                                  :Cache hit: curobo::kinematics::kinematics_forward_spheres_kernel<15, 32>
2026-09-12T21:39:34.535 DEBUG   :curobo                                  :Cache hit: curobo::geometry::self_collision::self_collision_max_distance_kernel<false>
2026-09-12T21:39:34.536 DEBUG   :curobo                                  :Cache hit: curobo::kinematics::kinematics_backward_kernel<float, float, 16, true, false, false>
2026-09-12T21:39:34.536 DEBUG   :curobo                                  :Cache hit: curobo::trajectory::bspline::bspline_backward_kernel<3, float, (curobo::trajectory::bspline::BasisBackend)2>
2026-09-12T21:39:34.536 DEBUG   :curobo                                  :Cache hit: curobo::optimization::line_search::kernel_line_search<float, 4>
2026-09-12T21:39:34.537 DEBUG   :curobo                                  :Cache hit: curobo::optimization::kernel_lbfgs_step_shared_memory<float, false, 27>
2026-09-12T21:39:34.537 DEBUG   :curobo                                  :Cache hit: curobo::trajectory::bspline::interpolate_bspline_kernel<float, 3, (curobo::trajectory::bspline::BasisBackend)2>
2026-09-12T21:39:34.537 DEBUG   :curobo                                  :Cache hit: curobo::kinematics::kinematics_forward_spheres_kernel<15, 32>
2026-09-12T21:39:34.538 DEBUG   :curobo                                  :Cache hit: curobo::geometry::self_collision::self_collision_max_distance_kernel<false>
2026-09-12T21:39:34.539 DEBUG   :curobo                                  :Cache hit: curobo::kinematics::kinematics_backward_kernel<float, float, 16, true, false, false>
2026-09-12T21:39:34.540 DEBUG   :curobo                                  :Cache hit: curobo::trajectory::bspline::bspline_backward_kernel<3, float, (curobo::trajectory::bspline::BasisBackend)2>
2026-09-12T21:39:34.540 DEBUG   :curobo                                  :Cache hit: curobo::optimization::line_search::kernel_line_search<float, 4>
2026-09-12T21:39:34.540 DEBUG   :curobo                                  :Cache hit: curobo::optimization::kernel_lbfgs_step_shared_memory<float, false, 27>
2026-09-12T21:39:34.541 DEBUG   :curobo                                  :Cache hit: curobo::trajectory::bspline::interpolate_bspline_kernel<float, 3, (curobo::trajectory::bspline::BasisBackend)2>
2026-09-12T21:39:34.541 DEBUG   :curobo                                  :Cache hit: curobo::kinematics::kinematics_forward_spheres_kernel<15, 32>
2026-09-12T21:39:34.542 DEBUG   :curobo                                  :Cache hit: curobo::geometry::self_collision::self_collision_max_distance_kernel<false>
2026-09-12T21:39:34.543 DEBUG   :curobo                                  :Cache hit: curobo::kinematics::kinematics_backward_kernel<float, float, 16, true, false, false>
2026-09-12T21:39:34.543 DEBUG   :curobo                                  :Cache hit: curobo::trajectory::bspline::bspline_backward_kernel<3, float, (curobo::trajectory::bspline::BasisBackend)2>
2026-09-12T21:39:34.543 DEBUG   :curobo                                  :Cache hit: curobo::optimization::line_search::kernel_line_search<float, 4>
2026-09-12T21:39:34.543 DEBUG   :curobo                                  :Cache hit: curobo::optimization::kernel_lbfgs_step_shared_memory<float, false, 27>
2026-09-12T21:39:34.544 DEBUG   :curobo                                  :Cache hit: curobo::trajectory::bspline::interpolate_bspline_kernel<float, 3, (curobo::trajectory::bspline::BasisBackend)2>
2026-09-12T21:39:34.544 DEBUG   :curobo                                  :Cache hit: curobo::kinematics::kinematics_forward_spheres_kernel<15, 32>
2026-09-12T21:39:34.545 DEBUG   :curobo                                  :Cache hit: curobo::geometry::self_collision::self_collision_max_distance_kernel<false>
2026-09-12T21:39:34.546 DEBUG   :curobo                                  :Cache hit: curobo::kinematics::kinematics_backward_kernel<float, float, 16, true, false, false>
2026-09-12T21:39:34.546 DEBUG   :curobo                                  :Cache hit: curobo::trajectory::bspline::bspline_backward_kernel<3, float, (curobo::trajectory::bspline::BasisBackend)2>
2026-09-12T21:39:34.546 DEBUG   :curobo                                  :Cache hit: curobo::optimization::line_search::kernel_line_search<float, 4>
2026-09-12T21:39:34.546 DEBUG   :curobo                                  :Cache hit: curobo::optimization::kernel_lbfgs_step_shared_memory<float, false, 27>
2026-09-12T21:39:34.547 DEBUG   :curobo                                  :Cache hit: curobo::trajectory::bspline::interpolate_bspline_kernel<float, 3, (curobo::trajectory::bspline::BasisBackend)2>
2026-09-12T21:39:34.547 DEBUG   :curobo                                  :Cache hit: curobo::kinematics::kinematics_forward_spheres_kernel<15, 32>
2026-09-12T21:39:34.548 DEBUG   :curobo                                  :Cache hit: curobo::geometry::self_collision::self_collision_max_distance_kernel<false>
2026-09-12T21:39:34.549 DEBUG   :curobo                                  :Cache hit: curobo::kinematics::kinematics_backward_kernel<float, float, 16, true, false, false>
2026-09-12T21:39:34.549 DEBUG   :curobo                                  :Cache hit: curobo::trajectory::bspline::bspline_backward_kernel<3, float, (curobo::trajectory::bspline::BasisBackend)2>
2026-09-12T21:39:34.549 DEBUG   :curobo                                  :Cache hit: curobo::optimization::line_search::kernel_line_search<float, 4>
2026-09-12T21:39:34.549 DEBUG   :curobo                                  :Cache hit: curobo::optimization::kernel_lbfgs_step_shared_memory<float, false, 27>
2026-09-12T21:39:34.550 DEBUG   :curobo                                  :Cache hit: curobo::trajectory::bspline::interpolate_bspline_kernel<float, 3, (curobo::trajectory::bspline::BasisBackend)2>
2026-09-12T21:39:34.550 DEBUG   :curobo                                  :Cache hit: curobo::kinematics::kinematics_forward_spheres_kernel<15, 32>
2026-09-12T21:39:34.551 DEBUG   :curobo                                  :Cache hit: curobo::geometry::self_collision::self_collision_max_distance_kernel<false>
2026-09-12T21:39:34.551 DEBUG   :curobo                                  :Cache hit: curobo::kinematics::kinematics_backward_kernel<float, float, 16, true, false, false>
2026-09-12T21:39:34.552 DEBUG   :curobo                                  :Cache hit: curobo::trajectory::bspline::bspline_backward_kernel<3, float, (curobo::trajectory::bspline::BasisBackend)2>
2026-09-12T21:39:34.552 DEBUG   :curobo                                  :Cache hit: curobo::optimization::line_search::kernel_line_search<float, 4>
2026-09-12T21:39:34.552 DEBUG   :curobo                                  :Cache hit: curobo::optimization::kernel_lbfgs_step_shared_memory<float, false, 27>
2026-09-12T21:39:34.552 DEBUG   :curobo                                  :Cache hit: curobo::trajectory::bspline::interpolate_bspline_kernel<float, 3, (curobo::trajectory::bspline::BasisBackend)2>
2026-09-12T21:39:34.553 DEBUG   :curobo                                  :Cache hit: curobo::kinematics::kinematics_forward_spheres_kernel<15, 32>
2026-09-12T21:39:34.553 DEBUG   :curobo                                  :Cache hit: curobo::geometry::self_collision::self_collision_max_distance_kernel<false>
2026-09-12T21:39:34.554 DEBUG   :curobo                                  :Cache hit: curobo::kinematics::kinematics_backward_kernel<float, float, 16, true, false, false>
2026-09-12T21:39:34.555 DEBUG   :curobo                                  :Cache hit: curobo::trajectory::bspline::bspline_backward_kernel<3, float, (curobo::trajectory::bspline::BasisBackend)2>
2026-09-12T21:39:34.555 DEBUG   :curobo                                  :Cache hit: curobo::optimization::line_search::kernel_line_search<float, 4>
2026-09-12T21:39:34.555 DEBUG   :curobo                                  :Cache hit: curobo::optimization::kernel_lbfgs_step_shared_memory<float, false, 27>
2026-09-12T21:39:34.556 DEBUG   :curobo                                  :Cache hit: curobo::trajectory::bspline::interpolate_bspline_kernel<float, 3, (curobo::trajectory::bspline::BasisBackend)2>
2026-09-12T21:39:34.556 DEBUG   :curobo                                  :Cache hit: curobo::kinematics::kinematics_forward_spheres_kernel<15, 32>
2026-09-12T21:39:34.557 DEBUG   :curobo                                  :Cache hit: curobo::geometry::self_collision::self_collision_max_distance_kernel<false>
2026-09-12T21:39:34.558 DEBUG   :curobo                                  :Cache hit: curobo::kinematics::kinematics_backward_kernel<float, float, 16, true, false, false>
2026-09-12T21:39:34.558 DEBUG   :curobo                                  :Cache hit: curobo::trajectory::bspline::bspline_backward_kernel<3, float, (curobo::trajectory::bspline::BasisBackend)2>
2026-09-12T21:39:34.558 DEBUG   :curobo                                  :Cache hit: curobo::optimization::line_search::kernel_line_search<float, 4>
2026-09-12T21:39:34.559 DEBUG   :curobo                                  :Cache hit: curobo::optimization::kernel_lbfgs_step_shared_memory<float, false, 27>
2026-09-12T21:39:34.559 DEBUG   :curobo                                  :Cache hit: curobo::trajectory::bspline::interpolate_bspline_kernel<float, 3, (curobo::trajectory::bspline::BasisBackend)2>
2026-09-12T21:39:34.559 DEBUG   :curobo                                  :Cache hit: curobo::kinematics::kinematics_forward_spheres_kernel<15, 32>
2026-09-12T21:39:34.560 DEBUG   :curobo                                  :Cache hit: curobo::geometry::self_collision::self_collision_max_distance_kernel<false>
2026-09-12T21:39:34.561 DEBUG   :curobo                                  :Cache hit: curobo::kinematics::kinematics_backward_kernel<float, float, 16, true, false, false>
2026-09-12T21:39:34.561 DEBUG   :curobo                                  :Cache hit: curobo::trajectory::bspline::bspline_backward_kernel<3, float, (curobo::trajectory::bspline::BasisBackend)2>
2026-09-12T21:39:34.562 DEBUG   :curobo                                  :Cache hit: curobo::optimization::line_search::kernel_line_search<float, 4>
2026-09-12T21:39:34.562 DEBUG   :curobo                                  :Cache hit: curobo::optimization::kernel_lbfgs_step_shared_memory<float, false, 27>
2026-09-12T21:39:34.562 DEBUG   :curobo                                  :Cache hit: curobo::trajectory::bspline::interpolate_bspline_kernel<float, 3, (curobo::trajectory::bspline::BasisBackend)2>
2026-09-12T21:39:34.563 DEBUG   :curobo                                  :Cache hit: curobo::kinematics::kinematics_forward_spheres_kernel<15, 32>
2026-09-12T21:39:34.564 DEBUG   :curobo                                  :Cache hit: curobo::geometry::self_collision::self_collision_max_distance_kernel<false>
2026-09-12T21:39:34.565 DEBUG   :curobo                                  :Cache hit: curobo::kinematics::kinematics_backward_kernel<float, float, 16, true, false, false>
2026-09-12T21:39:34.565 DEBUG   :curobo                                  :Cache hit: curobo::trajectory::bspline::bspline_backward_kernel<3, float, (curobo::trajectory::bspline::BasisBackend)2>
2026-09-12T21:39:34.565 DEBUG   :curobo                                  :Cache hit: curobo::optimization::line_search::kernel_line_search<float, 4>
2026-09-12T21:39:34.565 DEBUG   :curobo                                  :Cache hit: curobo::optimization::kernel_lbfgs_step_shared_memory<float, false, 27>
2026-09-12T21:39:34.566 DEBUG   :curobo                                  :Cache hit: curobo::trajectory::bspline::interpolate_bspline_kernel<float, 3, (curobo::trajectory::bspline::BasisBackend)2>
2026-09-12T21:39:34.566 DEBUG   :curobo                                  :Cache hit: curobo::kinematics::kinematics_forward_spheres_kernel<15, 32>
2026-09-12T21:39:34.567 DEBUG   :curobo                                  :Cache hit: curobo::geometry::self_collision::self_collision_max_distance_kernel<false>
2026-09-12T21:39:34.568 DEBUG   :curobo                                  :Cache hit: curobo::kinematics::kinematics_backward_kernel<float, float, 16, true, false, false>
2026-09-12T21:39:34.568 DEBUG   :curobo                                  :Cache hit: curobo::trajectory::bspline::bspline_backward_kernel<3, float, (curobo::trajectory::bspline::BasisBackend)2>
2026-09-12T21:39:34.568 DEBUG   :curobo                                  :Cache hit: curobo::optimization::line_search::kernel_line_search<float, 4>
2026-09-12T21:39:34.569 DEBUG   :curobo                                  :Cache hit: curobo::optimization::kernel_lbfgs_step_shared_memory<float, false, 27>
2026-09-12T21:39:34.569 DEBUG   :curobo                                  :Cache hit: curobo::trajectory::bspline::interpolate_bspline_kernel<float, 3, (curobo::trajectory::bspline::BasisBackend)2>
2026-09-12T21:39:34.569 DEBUG   :curobo                                  :Cache hit: curobo::kinematics::kinematics_forward_spheres_kernel<15, 32>
2026-09-12T21:39:34.570 DEBUG   :curobo                                  :Cache hit: curobo::geometry::self_collision::self_collision_max_distance_kernel<false>
2026-09-12T21:39:34.571 DEBUG   :curobo                                  :Cache hit: curobo::kinematics::kinematics_backward_kernel<float, float, 16, true, false, false>
2026-09-12T21:39:34.571 DEBUG   :curobo                                  :Cache hit: curobo::trajectory::bspline::bspline_backward_kernel<3, float, (curobo::trajectory::bspline::BasisBackend)2>
2026-09-12T21:39:34.572 DEBUG   :curobo                                  :Cache hit: curobo::optimization::line_search::kernel_line_search<float, 4>
2026-09-12T21:39:34.572 DEBUG   :curobo                                  :Cache hit: curobo::optimization::kernel_lbfgs_step_shared_memory<float, false, 27>
2026-09-12T21:39:34.572 DEBUG   :curobo                                  :Cache hit: curobo::trajectory::bspline::interpolate_bspline_kernel<float, 3, (curobo::trajectory::bspline::BasisBackend)2>
2026-09-12T21:39:34.573 DEBUG   :curobo                                  :Cache hit: curobo::kinematics::kinematics_forward_spheres_kernel<15, 32>
2026-09-12T21:39:34.574 DEBUG   :curobo                                  :Cache hit: curobo::geometry::self_collision::self_collision_max_distance_kernel<false>
2026-09-12T21:39:34.574 DEBUG   :curobo                                  :Cache hit: curobo::kinematics::kinematics_backward_kernel<float, float, 16, true, false, false>
2026-09-12T21:39:34.575 DEBUG   :curobo                                  :Cache hit: curobo::trajectory::bspline::bspline_backward_kernel<3, float, (curobo::trajectory::bspline::BasisBackend)2>
2026-09-12T21:39:34.575 DEBUG   :curobo                                  :Cache hit: curobo::optimization::line_search::kernel_line_search<float, 4>
2026-09-12T21:39:34.575 DEBUG   :curobo                                  :Cache hit: curobo::optimization::kernel_lbfgs_step_shared_memory<float, false, 27>
2026-09-12T21:39:34.576 DEBUG   :curobo                                  :Cache hit: curobo::trajectory::bspline::interpolate_bspline_kernel<float, 3, (curobo::trajectory::bspline::BasisBackend)2>
2026-09-12T21:39:34.576 DEBUG   :curobo                                  :Cache hit: curobo::kinematics::kinematics_forward_spheres_kernel<15, 32>
2026-09-12T21:39:34.577 DEBUG   :curobo                                  :Cache hit: curobo::geometry::self_collision::self_collision_max_distance_kernel<false>
2026-09-12T21:39:34.578 DEBUG   :curobo                                  :Cache hit: curobo::kinematics::kinematics_backward_kernel<float, float, 16, true, false, false>
2026-09-12T21:39:34.578 DEBUG   :curobo                                  :Cache hit: curobo::trajectory::bspline::bspline_backward_kernel<3, float, (curobo::trajectory::bspline::BasisBackend)2>
2026-09-12T21:39:34.578 DEBUG   :curobo                                  :Cache hit: curobo::optimization::line_search::kernel_line_search<float, 4>
2026-09-12T21:39:34.578 DEBUG   :curobo                                  :Cache hit: curobo::optimization::kernel_lbfgs_step_shared_memory<float, false, 27>
2026-09-12T21:39:34.579 DEBUG   :curobo                                  :Cache hit: curobo::trajectory::bspline::interpolate_bspline_kernel<float, 3, (curobo::trajectory::bspline::BasisBackend)2>
2026-09-12T21:39:34.579 DEBUG   :curobo                                  :Cache hit: curobo::kinematics::kinematics_forward_spheres_kernel<15, 32>
2026-09-12T21:39:34.580 DEBUG   :curobo                                  :Cache hit: curobo::geometry::self_collision::self_collision_max_distance_kernel<false>
2026-09-12T21:39:34.580 DEBUG   :curobo                                  :Cache hit: curobo::kinematics::kinematics_backward_kernel<float, float, 16, true, false, false>
2026-09-12T21:39:34.581 DEBUG   :curobo                                  :Cache hit: curobo::trajectory::bspline::bspline_backward_kernel<3, float, (curobo::trajectory::bspline::BasisBackend)2>
2026-09-12T21:39:34.581 DEBUG   :curobo                                  :Cache hit: curobo::optimization::line_search::kernel_line_search<float, 4>
2026-09-12T21:39:34.582 DEBUG   :curobo                                  :Cache hit: curobo::optimization::kernel_lbfgs_step_shared_memory<float, false, 27>
2026-09-12T21:39:34.582 DEBUG   :curobo                                  :Cache hit: curobo::trajectory::bspline::interpolate_bspline_kernel<float, 3, (curobo::trajectory::bspline::BasisBackend)2>
2026-09-12T21:39:34.583 DEBUG   :curobo                                  :Cache hit: curobo::kinematics::kinematics_forward_spheres_kernel<15, 32>
2026-09-12T21:39:34.584 DEBUG   :curobo                                  :Cache hit: curobo::geometry::self_collision::self_collision_max_distance_kernel<false>
2026-09-12T21:39:34.585 DEBUG   :curobo                                  :Cache hit: curobo::kinematics::kinematics_backward_kernel<float, float, 16, true, false, false>
2026-09-12T21:39:34.586 DEBUG   :curobo                                  :Cache hit: curobo::trajectory::bspline::bspline_backward_kernel<3, float, (curobo::trajectory::bspline::BasisBackend)2>
2026-09-12T21:39:34.586 DEBUG   :curobo                                  :Cache hit: curobo::optimization::line_search::kernel_line_search<float, 4>
2026-09-12T21:39:34.587 DEBUG   :curobo                                  :Cache hit: curobo::optimization::kernel_lbfgs_step_shared_memory<float, false, 27>
2026-09-12T21:39:34.587 DEBUG   :curobo                                  :Cache hit: curobo::trajectory::bspline::interpolate_bspline_kernel<float, 3, (curobo::trajectory::bspline::BasisBackend)2>
2026-09-12T21:39:34.587 DEBUG   :curobo                                  :Cache hit: curobo::kinematics::kinematics_forward_spheres_kernel<15, 32>
2026-09-12T21:39:34.589 DEBUG   :curobo                                  :Cache hit: curobo::geometry::self_collision::self_collision_max_distance_kernel<false>
2026-09-12T21:39:34.591 DEBUG   :curobo                                  :Cache hit: curobo::kinematics::kinematics_backward_kernel<float, float, 16, true, false, false>
2026-09-12T21:39:34.592 DEBUG   :curobo                                  :Cache hit: curobo::trajectory::bspline::bspline_backward_kernel<3, float, (curobo::trajectory::bspline::BasisBackend)2>
2026-09-12T21:39:34.592 DEBUG   :curobo                                  :Cache hit: curobo::optimization::line_search::kernel_line_search<float, 4>
2026-09-12T21:39:34.592 DEBUG   :curobo                                  :Cache hit: curobo::optimization::kernel_lbfgs_step_shared_memory<float, false, 27>
2026-09-12T21:39:34.593 DEBUG   :curobo                                  :Cache hit: curobo::trajectory::bspline::interpolate_bspline_kernel<float, 3, (curobo::trajectory::bspline::BasisBackend)2>
2026-09-12T21:39:34.593 DEBUG   :curobo                                  :Cache hit: curobo::kinematics::kinematics_forward_spheres_kernel<15, 32>
2026-09-12T21:39:34.595 DEBUG   :curobo                                  :Cache hit: curobo::geometry::self_collision::self_collision_max_distance_kernel<false>
2026-09-12T21:39:34.596 DEBUG   :curobo                                  :Cache hit: curobo::kinematics::kinematics_backward_kernel<float, float, 16, true, false, false>
2026-09-12T21:39:34.596 DEBUG   :curobo                                  :Cache hit: curobo::trajectory::bspline::bspline_backward_kernel<3, float, (curobo::trajectory::bspline::BasisBackend)2>
2026-09-12T21:39:34.597 DEBUG   :curobo                                  :Cache hit: curobo::optimization::line_search::kernel_line_search<float, 4>
2026-09-12T21:39:34.597 DEBUG   :curobo                                  :Cache hit: curobo::optimization::kernel_lbfgs_step_shared_memory<float, false, 27>
2026-09-12T21:39:34.598 DEBUG   :curobo                                  :Cache hit: curobo::trajectory::bspline::interpolate_bspline_kernel<float, 3, (curobo::trajectory::bspline::BasisBackend)2>
2026-09-12T21:39:34.598 DEBUG   :curobo                                  :Cache hit: curobo::kinematics::kinematics_forward_spheres_kernel<15, 32>
2026-09-12T21:39:34.600 DEBUG   :curobo                                  :Cache hit: curobo::geometry::self_collision::self_collision_max_distance_kernel<false>
2026-09-12T21:39:34.601 DEBUG   :curobo                                  :Cache hit: curobo::kinematics::kinematics_backward_kernel<float, float, 16, true, false, false>
2026-09-12T21:39:34.601 DEBUG   :curobo                                  :Cache hit: curobo::trajectory::bspline::bspline_backward_kernel<3, float, (curobo::trajectory::bspline::BasisBackend)2>
2026-09-12T21:39:34.601 DEBUG   :curobo                                  :Cache hit: curobo::optimization::line_search::kernel_line_search<float, 4>
2026-09-12T21:39:34.602 DEBUG   :curobo                                  :Cache hit: curobo::optimization::kernel_lbfgs_step_shared_memory<float, false, 27>
2026-09-12T21:39:34.602 DEBUG   :curobo                                  :Cache hit: curobo::trajectory::bspline::interpolate_bspline_kernel<float, 3, (curobo::trajectory::bspline::BasisBackend)2>
2026-09-12T21:39:34.603 DEBUG   :curobo                                  :Cache hit: curobo::kinematics::kinematics_forward_spheres_kernel<15, 32>
2026-09-12T21:39:34.604 DEBUG   :curobo                                  :Cache hit: curobo::geometry::self_collision::self_collision_max_distance_kernel<false>
2026-09-12T21:39:34.605 DEBUG   :curobo                                  :Cache hit: curobo::kinematics::kinematics_backward_kernel<float, float, 16, true, false, false>
2026-09-12T21:39:34.605 DEBUG   :curobo                                  :Cache hit: curobo::trajectory::bspline::bspline_backward_kernel<3, float, (curobo::trajectory::bspline::BasisBackend)2>
2026-09-12T21:39:34.607 DEBUG   :curobo                                  :Cache hit: curobo::optimization::line_search::kernel_line_search<float, 4>
2026-09-12T21:39:34.607 DEBUG   :curobo                                  :Cache hit: curobo::optimization::kernel_lbfgs_step_shared_memory<float, false, 27>
2026-09-12T21:39:34.608 DEBUG   :curobo                                  :Cache hit: curobo::trajectory::bspline::interpolate_bspline_kernel<float, 3, (curobo::trajectory::bspline::BasisBackend)2>
2026-09-12T21:39:34.608 DEBUG   :curobo                                  :Cache hit: curobo::kinematics::kinematics_forward_spheres_kernel<15, 32>
2026-09-12T21:39:34.610 DEBUG   :curobo                                  :Cache hit: curobo::geometry::self_collision::self_collision_max_distance_kernel<false>
2026-09-12T21:39:34.611 DEBUG   :curobo                                  :Cache hit: curobo::kinematics::kinematics_backward_kernel<float, float, 16, true, false, false>
2026-09-12T21:39:34.611 DEBUG   :curobo                                  :Cache hit: curobo::trajectory::bspline::bspline_backward_kernel<3, float, (curobo::trajectory::bspline::BasisBackend)2>
2026-09-12T21:39:34.612 DEBUG   :curobo                                  :Cache hit: curobo::optimization::line_search::kernel_line_search<float, 4>
2026-09-12T21:39:34.613 DEBUG   :curobo                                  :Cache hit: curobo::optimization::kernel_lbfgs_step_shared_memory<float, false, 27>
2026-09-12T21:39:34.614 DEBUG   :curobo                                  :Cache hit: curobo::trajectory::bspline::interpolate_bspline_kernel<float, 3, (curobo::trajectory::bspline::BasisBackend)2>
2026-09-12T21:39:34.614 DEBUG   :curobo                                  :Cache hit: curobo::kinematics::kinematics_forward_spheres_kernel<15, 32>
2026-09-12T21:39:34.616 DEBUG   :curobo                                  :Cache hit: curobo::geometry::self_collision::self_collision_max_distance_kernel<false>
2026-09-12T21:39:34.618 DEBUG   :curobo                                  :Cache hit: curobo::kinematics::kinematics_backward_kernel<float, float, 16, true, false, false>
2026-09-12T21:39:34.618 DEBUG   :curobo                                  :Cache hit: curobo::trajectory::bspline::bspline_backward_kernel<3, float, (curobo::trajectory::bspline::BasisBackend)2>
2026-09-12T21:39:34.618 DEBUG   :curobo                                  :Cache hit: curobo::optimization::line_search::kernel_line_search<float, 4>
2026-09-12T21:39:34.619 DEBUG   :curobo                                  :Cache hit: curobo::optimization::kernel_lbfgs_step_shared_memory<float, false, 27>
2026-09-12T21:39:34.619 DEBUG   :curobo                                  :Cache hit: curobo::trajectory::bspline::interpolate_bspline_kernel<float, 3, (curobo::trajectory::bspline::BasisBackend)2>
2026-09-12T21:39:34.620 DEBUG   :curobo                                  :Cache hit: curobo::kinematics::kinematics_forward_spheres_kernel<15, 32>
2026-09-12T21:39:34.621 DEBUG   :curobo                                  :Cache hit: curobo::geometry::self_collision::self_collision_max_distance_kernel<false>
2026-09-12T21:39:34.623 DEBUG   :curobo                                  :Cache hit: curobo::kinematics::kinematics_backward_kernel<float, float, 16, true, false, false>
2026-09-12T21:39:34.623 DEBUG   :curobo                                  :Cache hit: curobo::trajectory::bspline::bspline_backward_kernel<3, float, (curobo::trajectory::bspline::BasisBackend)2>
2026-09-12T21:39:34.626 DEBUG   :curobo                                  :Cache hit: curobo::optimization::line_search::kernel_line_search<float, 4>
2026-09-12T21:39:34.627 DEBUG   :curobo                                  :Cache hit: curobo::optimization::kernel_lbfgs_step_shared_memory<float, false, 27>
2026-09-12T21:39:34.628 DEBUG   :curobo                                  :Cache hit: curobo::trajectory::bspline::interpolate_bspline_kernel<float, 3, (curobo::trajectory::bspline::BasisBackend)2>
2026-09-12T21:39:34.628 DEBUG   :curobo                                  :Cache hit: curobo::kinematics::kinematics_forward_spheres_kernel<15, 32>
2026-09-12T21:39:34.630 DEBUG   :curobo                                  :Cache hit: curobo::geometry::self_collision::self_collision_max_distance_kernel<false>
2026-09-12T21:39:34.631 DEBUG   :curobo                                  :Cache hit: curobo::kinematics::kinematics_backward_kernel<float, float, 16, true, false, false>
2026-09-12T21:39:34.631 DEBUG   :curobo                                  :Cache hit: curobo::trajectory::bspline::bspline_backward_kernel<3, float, (curobo::trajectory::bspline::BasisBackend)2>
2026-09-12T21:39:34.631 DEBUG   :curobo                                  :Cache hit: curobo::optimization::line_search::kernel_line_search<float, 4>
2026-09-12T21:39:34.632 DEBUG   :curobo                                  :Cache hit: curobo::optimization::kernel_lbfgs_step_shared_memory<float, false, 27>
2026-09-12T21:39:34.632 DEBUG   :curobo                                  :Cache hit: curobo::trajectory::bspline::interpolate_bspline_kernel<float, 3, (curobo::trajectory::bspline::BasisBackend)2>
2026-09-12T21:39:34.633 DEBUG   :curobo                                  :Cache hit: curobo::kinematics::kinematics_forward_spheres_kernel<15, 32>
2026-09-12T21:39:34.634 DEBUG   :curobo                                  :Cache hit: curobo::geometry::self_collision::self_collision_max_distance_kernel<false>
2026-09-12T21:39:34.636 DEBUG   :curobo                                  :Cache hit: curobo::kinematics::kinematics_backward_kernel<float, float, 16, true, false, false>
2026-09-12T21:39:34.636 DEBUG   :curobo                                  :Cache hit: curobo::trajectory::bspline::bspline_backward_kernel<3, float, (curobo::trajectory::bspline::BasisBackend)2>
2026-09-12T21:39:34.636 DEBUG   :curobo                                  :Cache hit: curobo::optimization::line_search::kernel_line_search<float, 4>
2026-09-12T21:39:34.637 DEBUG   :curobo                                  :Cache hit: curobo::optimization::kernel_lbfgs_step_shared_memory<float, false, 27>
2026-09-12T21:39:34.637 DEBUG   :curobo                                  :Cache hit: curobo::trajectory::bspline::interpolate_bspline_kernel<float, 3, (curobo::trajectory::bspline::BasisBackend)2>
2026-09-12T21:39:34.638 DEBUG   :curobo                                  :Cache hit: curobo::kinematics::kinematics_forward_spheres_kernel<15, 32>
2026-09-12T21:39:34.639 DEBUG   :curobo                                  :Cache hit: curobo::geometry::self_collision::self_collision_max_distance_kernel<false>
2026-09-12T21:39:34.640 DEBUG   :curobo                                  :Cache hit: curobo::kinematics::kinematics_backward_kernel<float, float, 16, true, false, false>
2026-09-12T21:39:34.641 DEBUG   :curobo                                  :Cache hit: curobo::trajectory::bspline::bspline_backward_kernel<3, float, (curobo::trajectory::bspline::BasisBackend)2>
2026-09-12T21:39:34.641 DEBUG   :curobo                                  :Cache hit: curobo::optimization::line_search::kernel_line_search<float, 4>
2026-09-12T21:39:34.641 DEBUG   :curobo                                  :Cache hit: curobo::optimization::kernel_lbfgs_step_shared_memory<float, false, 27>
2026-09-12T21:39:34.642 DEBUG   :curobo                                  :Cache hit: curobo::trajectory::bspline::interpolate_bspline_kernel<float, 3, (curobo::trajectory::bspline::BasisBackend)2>
2026-09-12T21:39:34.642 DEBUG   :curobo                                  :Cache hit: curobo::kinematics::kinematics_forward_spheres_kernel<15, 32>
2026-09-12T21:39:34.644 DEBUG   :curobo                                  :Cache hit: curobo::geometry::self_collision::self_collision_max_distance_kernel<false>
2026-09-12T21:39:34.645 DEBUG   :curobo                                  :Cache hit: curobo::kinematics::kinematics_backward_kernel<float, float, 16, true, false, false>
2026-09-12T21:39:34.645 DEBUG   :curobo                                  :Cache hit: curobo::trajectory::bspline::bspline_backward_kernel<3, float, (curobo::trajectory::bspline::BasisBackend)2>
2026-09-12T21:39:34.646 DEBUG   :curobo                                  :Cache hit: curobo::optimization::line_search::kernel_line_search<float, 4>
2026-09-12T21:39:34.646 DEBUG   :curobo                                  :Cache hit: curobo::optimization::kernel_lbfgs_step_shared_memory<float, false, 27>
2026-09-12T21:39:34.646 DEBUG   :curobo                                  :Cache hit: curobo::trajectory::bspline::interpolate_bspline_kernel<float, 3, (curobo::trajectory::bspline::BasisBackend)2>
2026-09-12T21:39:34.647 DEBUG   :curobo                                  :Cache hit: curobo::kinematics::kinematics_forward_spheres_kernel<15, 32>
2026-09-12T21:39:34.648 DEBUG   :curobo                                  :Cache hit: curobo::geometry::self_collision::self_collision_max_distance_kernel<false>
2026-09-12T21:39:34.649 DEBUG   :curobo                                  :Cache hit: curobo::kinematics::kinematics_backward_kernel<float, float, 16, true, false, false>
2026-09-12T21:39:34.649 DEBUG   :curobo                                  :Cache hit: curobo::trajectory::bspline::bspline_backward_kernel<3, float, (curobo::trajectory::bspline::BasisBackend)2>
2026-09-12T21:39:34.650 DEBUG   :curobo                                  :Cache hit: curobo::optimization::line_search::kernel_line_search<float, 4>
2026-09-12T21:39:34.651 DEBUG   :curobo                                  :Cache hit: curobo::optimization::kernel_lbfgs_step_shared_memory<float, false, 27>
2026-09-12T21:39:34.656 DEBUG   :curobo                                  :Cache hit: curobo::trajectory::bspline::interpolate_bspline_kernel<float, 3, (curobo::trajectory::bspline::BasisBackend)2>
2026-09-12T21:39:34.657 DEBUG   :curobo                                  :Cache hit: curobo::kinematics::kinematics_forward_spheres_kernel<15, 32>
2026-09-12T21:39:34.657 DEBUG   :curobo                                  :Cache hit: curobo::geometry::self_collision::self_collision_max_distance_kernel<false>
2026-09-12T21:39:34.658 DEBUG   :curobo                                  :Cache hit: curobo::kinematics::kinematics_backward_kernel<float, float, 16, true, false, false>
2026-09-12T21:39:34.658 DEBUG   :curobo                                  :Cache hit: curobo::trajectory::bspline::bspline_backward_kernel<3, float, (curobo::trajectory::bspline::BasisBackend)2>
2026-09-12T21:39:34.659 DEBUG   :curobo                                  :Cache hit: curobo::optimization::line_search::kernel_line_search<float, 4>
2026-09-12T21:39:34.659 DEBUG   :curobo                                  :Cache hit: curobo::optimization::kernel_lbfgs_step_shared_memory<float, false, 27>
2026-09-12T21:39:34.659 DEBUG   :curobo                                  :Cache hit: curobo::trajectory::bspline::interpolate_bspline_kernel<float, 3, (curobo::trajectory::bspline::BasisBackend)2>
2026-09-12T21:39:34.660 DEBUG   :curobo                                  :Cache hit: curobo::kinematics::kinematics_forward_spheres_kernel<15, 32>
2026-09-12T21:39:34.661 DEBUG   :curobo                                  :Cache hit: curobo::geometry::self_collision::self_collision_max_distance_kernel<false>
2026-09-12T21:39:34.662 DEBUG   :curobo                                  :Cache hit: curobo::kinematics::kinematics_backward_kernel<float, float, 16, true, false, false>
2026-09-12T21:39:34.662 DEBUG   :curobo                                  :Cache hit: curobo::trajectory::bspline::bspline_backward_kernel<3, float, (curobo::trajectory::bspline::BasisBackend)2>
2026-09-12T21:39:34.662 DEBUG   :curobo                                  :Cache hit: curobo::optimization::line_search::kernel_line_search<float, 4>
2026-09-12T21:39:34.662 DEBUG   :curobo                                  :Cache hit: curobo::optimization::kernel_lbfgs_step_shared_memory<float, false, 27>
2026-09-12T21:39:34.663 DEBUG   :curobo                                  :Cache hit: curobo::trajectory::bspline::interpolate_bspline_kernel<float, 3, (curobo::trajectory::bspline::BasisBackend)2>
2026-09-12T21:39:34.663 DEBUG   :curobo                                  :Cache hit: curobo::kinematics::kinematics_forward_spheres_kernel<15, 32>
2026-09-12T21:39:34.664 DEBUG   :curobo                                  :Cache hit: curobo::geometry::self_collision::self_collision_max_distance_kernel<false>
2026-09-12T21:39:34.665 DEBUG   :curobo                                  :Cache hit: curobo::kinematics::kinematics_backward_kernel<float, float, 16, true, false, false>
2026-09-12T21:39:34.665 DEBUG   :curobo                                  :Cache hit: curobo::trajectory::bspline::bspline_backward_kernel<3, float, (curobo::trajectory::bspline::BasisBackend)2>
2026-09-12T21:39:34.666 DEBUG   :curobo                                  :Cache hit: curobo::optimization::line_search::kernel_line_search<float, 4>
2026-09-12T21:39:34.666 DEBUG   :curobo                                  :Cache hit: curobo::optimization::kernel_lbfgs_step_shared_memory<float, false, 27>
2026-09-12T21:39:34.666 DEBUG   :curobo                                  :Cache hit: curobo::trajectory::bspline::interpolate_bspline_kernel<float, 3, (curobo::trajectory::bspline::BasisBackend)2>
2026-09-12T21:39:34.667 DEBUG   :curobo                                  :Cache hit: curobo::kinematics::kinematics_forward_spheres_kernel<15, 32>
2026-09-12T21:39:34.668 DEBUG   :curobo                                  :Cache hit: curobo::geometry::self_collision::self_collision_max_distance_kernel<false>
2026-09-12T21:39:34.669 DEBUG   :curobo                                  :Cache hit: curobo::kinematics::kinematics_backward_kernel<float, float, 16, true, false, false>
2026-09-12T21:39:34.669 DEBUG   :curobo                                  :Cache hit: curobo::trajectory::bspline::bspline_backward_kernel<3, float, (curobo::trajectory::bspline::BasisBackend)2>
2026-09-12T21:39:34.669 DEBUG   :curobo                                  :Cache hit: curobo::optimization::line_search::kernel_line_search<float, 4>
2026-09-12T21:39:34.669 DEBUG   :curobo                                  :Cache hit: curobo::optimization::kernel_lbfgs_step_shared_memory<float, false, 27>
2026-09-12T21:39:34.670 DEBUG   :curobo                                  :Cache hit: curobo::trajectory::bspline::interpolate_bspline_kernel<float, 3, (curobo::trajectory::bspline::BasisBackend)2>
2026-09-12T21:39:34.670 DEBUG   :curobo                                  :Cache hit: curobo::kinematics::kinematics_forward_spheres_kernel<15, 32>
2026-09-12T21:39:34.671 DEBUG   :curobo                                  :Cache hit: curobo::geometry::self_collision::self_collision_max_distance_kernel<false>
2026-09-12T21:39:34.672 DEBUG   :curobo                                  :Cache hit: curobo::kinematics::kinematics_backward_kernel<float, float, 16, true, false, false>
2026-09-12T21:39:34.672 DEBUG   :curobo                                  :Cache hit: curobo::trajectory::bspline::bspline_backward_kernel<3, float, (curobo::trajectory::bspline::BasisBackend)2>
2026-09-12T21:39:34.673 DEBUG   :curobo                                  :Cache hit: curobo::optimization::line_search::kernel_line_search<float, 4>
2026-09-12T21:39:34.673 DEBUG   :curobo                                  :Cache hit: curobo::optimization::kernel_lbfgs_step_shared_memory<float, false, 27>
2026-09-12T21:39:34.673 DEBUG   :curobo                                  :Cache hit: curobo::trajectory::bspline::interpolate_bspline_kernel<float, 3, (curobo::trajectory::bspline::BasisBackend)2>
2026-09-12T21:39:34.674 DEBUG   :curobo                                  :Cache hit: curobo::kinematics::kinematics_forward_spheres_kernel<15, 32>
2026-09-12T21:39:34.675 DEBUG   :curobo                                  :Cache hit: curobo::geometry::self_collision::self_collision_max_distance_kernel<false>
2026-09-12T21:39:34.676 DEBUG   :curobo                                  :Cache hit: curobo::kinematics::kinematics_backward_kernel<float, float, 16, true, false, false>
2026-09-12T21:39:34.677 DEBUG   :curobo                                  :Cache hit: curobo::trajectory::bspline::bspline_backward_kernel<3, float, (curobo::trajectory::bspline::BasisBackend)2>
2026-09-12T21:39:34.677 DEBUG   :curobo                                  :Cache hit: curobo::optimization::line_search::kernel_line_search<float, 4>
2026-09-12T21:39:34.677 DEBUG   :curobo                                  :Cache hit: curobo::optimization::kernel_lbfgs_step_shared_memory<float, false, 27>
2026-09-12T21:39:34.678 DEBUG   :curobo                                  :Cache hit: curobo::trajectory::bspline::interpolate_bspline_kernel<float, 3, (curobo::trajectory::bspline::BasisBackend)2>
2026-09-12T21:39:34.678 DEBUG   :curobo                                  :Cache hit: curobo::kinematics::kinematics_forward_spheres_kernel<15, 32>
2026-09-12T21:39:34.679 DEBUG   :curobo                                  :Cache hit: curobo::geometry::self_collision::self_collision_max_distance_kernel<false>
2026-09-12T21:39:34.680 DEBUG   :curobo                                  :Cache hit: curobo::kinematics::kinematics_backward_kernel<float, float, 16, true, false, false>
2026-09-12T21:39:34.681 DEBUG   :curobo                                  :Cache hit: curobo::trajectory::bspline::bspline_backward_kernel<3, float, (curobo::trajectory::bspline::BasisBackend)2>
2026-09-12T21:39:34.682 DEBUG   :curobo                                  :Cache hit: curobo::optimization::line_search::kernel_line_search<float, 4>
2026-09-12T21:39:34.682 DEBUG   :curobo                                  :Cache hit: curobo::optimization::kernel_lbfgs_step_shared_memory<float, false, 27>
2026-09-12T21:39:34.682 DEBUG   :curobo                                  :Cache hit: curobo::trajectory::bspline::interpolate_bspline_kernel<float, 3, (curobo::trajectory::bspline::BasisBackend)2>
2026-09-12T21:39:34.683 DEBUG   :curobo                                  :Cache hit: curobo::kinematics::kinematics_forward_spheres_kernel<15, 32>
2026-09-12T21:39:34.684 DEBUG   :curobo                                  :Cache hit: curobo::geometry::self_collision::self_collision_max_distance_kernel<false>
2026-09-12T21:39:34.685 DEBUG   :curobo                                  :Cache hit: curobo::kinematics::kinematics_backward_kernel<float, float, 16, true, false, false>
2026-09-12T21:39:34.685 DEBUG   :curobo                                  :Cache hit: curobo::trajectory::bspline::bspline_backward_kernel<3, float, (curobo::trajectory::bspline::BasisBackend)2>
2026-09-12T21:39:34.687 DEBUG   :curobo                                  :Cache hit: curobo::optimization::line_search::kernel_line_search<float, 4>
2026-09-12T21:39:34.687 DEBUG   :curobo                                  :Cache hit: curobo::optimization::kernel_lbfgs_step_shared_memory<float, false, 27>
2026-09-12T21:39:34.687 DEBUG   :curobo                                  :Cache hit: curobo::trajectory::bspline::interpolate_bspline_kernel<float, 3, (curobo::trajectory::bspline::BasisBackend)2>
2026-09-12T21:39:34.688 DEBUG   :curobo                                  :Cache hit: curobo::kinematics::kinematics_forward_spheres_kernel<15, 32>
2026-09-12T21:39:34.689 DEBUG   :curobo                                  :Cache hit: curobo::geometry::self_collision::self_collision_max_distance_kernel<false>
2026-09-12T21:39:34.690 DEBUG   :curobo                                  :Cache hit: curobo::kinematics::kinematics_backward_kernel<float, float, 16, true, false, false>
2026-09-12T21:39:34.690 DEBUG   :curobo                                  :Cache hit: curobo::trajectory::bspline::bspline_backward_kernel<3, float, (curobo::trajectory::bspline::BasisBackend)2>
2026-09-12T21:39:34.690 DEBUG   :curobo                                  :Cache hit: curobo::optimization::line_search::kernel_line_search<float, 4>
2026-09-12T21:39:34.690 DEBUG   :curobo                                  :Cache hit: curobo::optimization::kernel_lbfgs_step_shared_memory<float, false, 27>
2026-09-12T21:39:34.691 DEBUG   :curobo                                  :Cache hit: curobo::trajectory::bspline::interpolate_bspline_kernel<float, 3, (curobo::trajectory::bspline::BasisBackend)2>
2026-09-12T21:39:34.691 DEBUG   :curobo                                  :Cache hit: curobo::kinematics::kinematics_forward_spheres_kernel<15, 32>
2026-09-12T21:39:34.692 DEBUG   :curobo                                  :Cache hit: curobo::geometry::self_collision::self_collision_max_distance_kernel<false>
2026-09-12T21:39:34.693 DEBUG   :curobo                                  :Cache hit: curobo::kinematics::kinematics_backward_kernel<float, float, 16, true, false, false>
2026-09-12T21:39:34.693 DEBUG   :curobo                                  :Cache hit: curobo::trajectory::bspline::bspline_backward_kernel<3, float, (curobo::trajectory::bspline::BasisBackend)2>
2026-09-12T21:39:34.693 DEBUG   :curobo                                  :Cache hit: curobo::optimization::line_search::kernel_line_search<float, 4>
2026-09-12T21:39:34.694 DEBUG   :curobo                                  :Cache hit: curobo::optimization::kernel_lbfgs_step_shared_memory<float, false, 27>
2026-09-12T21:39:34.694 DEBUG   :curobo                                  :Cache hit: curobo::trajectory::bspline::interpolate_bspline_kernel<float, 3, (curobo::trajectory::bspline::BasisBackend)2>
2026-09-12T21:39:34.694 DEBUG   :curobo                                  :Cache hit: curobo::kinematics::kinematics_forward_spheres_kernel<15, 32>
2026-09-12T21:39:34.696 DEBUG   :curobo                                  :Cache hit: curobo::geometry::self_collision::self_collision_max_distance_kernel<false>
2026-09-12T21:39:34.696 DEBUG   :curobo                                  :Cache hit: curobo::kinematics::kinematics_backward_kernel<float, float, 16, true, false, false>
2026-09-12T21:39:34.696 DEBUG   :curobo                                  :Cache hit: curobo::trajectory::bspline::bspline_backward_kernel<3, float, (curobo::trajectory::bspline::BasisBackend)2>
2026-09-12T21:39:34.697 DEBUG   :curobo                                  :Cache hit: curobo::optimization::line_search::kernel_line_search<float, 4>
2026-09-12T21:39:34.697 DEBUG   :curobo                                  :Cache hit: curobo::optimization::kernel_lbfgs_step_shared_memory<float, false, 27>
2026-09-12T21:39:34.697 DEBUG   :curobo                                  :Cache hit: curobo::trajectory::bspline::interpolate_bspline_kernel<float, 3, (curobo::trajectory::bspline::BasisBackend)2>
2026-09-12T21:39:34.698 DEBUG   :curobo                                  :Cache hit: curobo::kinematics::kinematics_forward_spheres_kernel<15, 32>
2026-09-12T21:39:34.699 DEBUG   :curobo                                  :Cache hit: curobo::geometry::self_collision::self_collision_max_distance_kernel<false>
2026-09-12T21:39:34.699 DEBUG   :curobo                                  :Cache hit: curobo::kinematics::kinematics_backward_kernel<float, float, 16, true, false, false>
2026-09-12T21:39:34.699 DEBUG   :curobo                                  :Cache hit: curobo::trajectory::bspline::bspline_backward_kernel<3, float, (curobo::trajectory::bspline::BasisBackend)2>
2026-09-12T21:39:34.700 DEBUG   :curobo                                  :Cache hit: curobo::optimization::line_search::kernel_line_search<float, 4>
2026-09-12T21:39:34.700 DEBUG   :curobo                                  :Cache hit: curobo::optimization::kernel_lbfgs_step_shared_memory<float, false, 27>
2026-09-12T21:39:34.700 DEBUG   :curobo                                  :Cache hit: curobo::trajectory::bspline::interpolate_bspline_kernel<float, 3, (curobo::trajectory::bspline::BasisBackend)2>
2026-09-12T21:39:34.701 DEBUG   :curobo                                  :Cache hit: curobo::kinematics::kinematics_forward_spheres_kernel<15, 32>
2026-09-12T21:39:34.702 DEBUG   :curobo                                  :Cache hit: curobo::geometry::self_collision::self_collision_max_distance_kernel<false>
2026-09-12T21:39:34.702 DEBUG   :curobo                                  :Cache hit: curobo::kinematics::kinematics_backward_kernel<float, float, 16, true, false, false>
2026-09-12T21:39:34.702 DEBUG   :curobo                                  :Cache hit: curobo::trajectory::bspline::bspline_backward_kernel<3, float, (curobo::trajectory::bspline::BasisBackend)2>
2026-09-12T21:39:34.703 DEBUG   :curobo                                  :Cache hit: curobo::optimization::line_search::kernel_line_search<float, 4>
2026-09-12T21:39:34.703 DEBUG   :curobo                                  :Cache hit: curobo::optimization::kernel_lbfgs_step_shared_memory<float, false, 27>
2026-09-12T21:39:34.703 DEBUG   :curobo                                  :Cache hit: curobo::trajectory::bspline::interpolate_bspline_kernel<float, 3, (curobo::trajectory::bspline::BasisBackend)2>
2026-09-12T21:39:34.703 DEBUG   :curobo                                  :Cache hit: curobo::kinematics::kinematics_forward_spheres_kernel<15, 32>
2026-09-12T21:39:34.704 DEBUG   :curobo                                  :Cache hit: curobo::geometry::self_collision::self_collision_max_distance_kernel<false>
2026-09-12T21:39:34.705 DEBUG   :curobo                                  :Cache hit: curobo::kinematics::kinematics_backward_kernel<float, float, 16, true, false, false>
2026-09-12T21:39:34.705 DEBUG   :curobo                                  :Cache hit: curobo::trajectory::bspline::bspline_backward_kernel<3, float, (curobo::trajectory::bspline::BasisBackend)2>
2026-09-12T21:39:34.705 DEBUG   :curobo                                  :Cache hit: curobo::optimization::line_search::kernel_line_search<float, 4>
2026-09-12T21:39:34.705 DEBUG   :curobo                                  :Cache hit: curobo::optimization::kernel_lbfgs_step_shared_memory<float, false, 27>
2026-09-12T21:39:34.706 DEBUG   :curobo                                  :Cache hit: curobo::trajectory::bspline::interpolate_bspline_kernel<float, 3, (curobo::trajectory::bspline::BasisBackend)2>
2026-09-12T21:39:34.706 DEBUG   :curobo                                  :Cache hit: curobo::kinematics::kinematics_forward_spheres_kernel<15, 32>
2026-09-12T21:39:34.706 DEBUG   :curobo                                  :Cache hit: curobo::geometry::self_collision::self_collision_max_distance_kernel<false>
2026-09-12T21:39:34.707 DEBUG   :curobo                                  :Cache hit: curobo::kinematics::kinematics_backward_kernel<float, float, 16, true, false, false>
2026-09-12T21:39:34.707 DEBUG   :curobo                                  :Cache hit: curobo::trajectory::bspline::bspline_backward_kernel<3, float, (curobo::trajectory::bspline::BasisBackend)2>
2026-09-12T21:39:34.708 DEBUG   :curobo                                  :Cache hit: curobo::optimization::line_search::kernel_line_search<float, 4>
2026-09-12T21:39:34.708 DEBUG   :curobo                                  :Cache hit: curobo::optimization::kernel_lbfgs_step_shared_memory<float, false, 27>
2026-09-12T21:39:34.708 DEBUG   :curobo                                  :Cache hit: curobo::trajectory::bspline::interpolate_bspline_kernel<float, 3, (curobo::trajectory::bspline::BasisBackend)2>
2026-09-12T21:39:34.709 DEBUG   :curobo                                  :Cache hit: curobo::kinematics::kinematics_forward_spheres_kernel<15, 32>
2026-09-12T21:39:34.710 DEBUG   :curobo                                  :Cache hit: curobo::geometry::self_collision::self_collision_max_distance_kernel<false>
2026-09-12T21:39:34.711 DEBUG   :curobo                                  :Cache hit: curobo::kinematics::kinematics_backward_kernel<float, float, 16, true, false, false>
2026-09-12T21:39:34.711 DEBUG   :curobo                                  :Cache hit: curobo::trajectory::bspline::bspline_backward_kernel<3, float, (curobo::trajectory::bspline::BasisBackend)2>
2026-09-12T21:39:34.711 DEBUG   :curobo                                  :Cache hit: curobo::optimization::line_search::kernel_line_search<float, 4>
2026-09-12T21:39:34.712 DEBUG   :curobo                                  :Cache hit: curobo::optimization::kernel_lbfgs_step_shared_memory<float, false, 27>
2026-09-12T21:39:34.712 DEBUG   :curobo                                  :Cache hit: curobo::trajectory::bspline::interpolate_bspline_kernel<float, 3, (curobo::trajectory::bspline::BasisBackend)2>
2026-09-12T21:39:34.712 DEBUG   :curobo                                  :Cache hit: curobo::kinematics::kinematics_forward_spheres_kernel<15, 32>
2026-09-12T21:39:34.713 DEBUG   :curobo                                  :Cache hit: curobo::geometry::self_collision::self_collision_max_distance_kernel<false>
2026-09-12T21:39:34.714 DEBUG   :curobo                                  :Cache hit: curobo::kinematics::kinematics_backward_kernel<float, float, 16, true, false, false>
2026-09-12T21:39:34.714 DEBUG   :curobo                                  :Cache hit: curobo::trajectory::bspline::bspline_backward_kernel<3, float, (curobo::trajectory::bspline::BasisBackend)2>
2026-09-12T21:39:34.715 DEBUG   :curobo                                  :Cache hit: curobo::optimization::line_search::kernel_line_search<float, 4>
2026-09-12T21:39:34.715 DEBUG   :curobo                                  :Cache hit: curobo::optimization::kernel_lbfgs_step_shared_memory<float, false, 27>
2026-09-12T21:39:34.716 DEBUG   :curobo                                  :Cache hit: curobo::trajectory::bspline::interpolate_bspline_kernel<float, 3, (curobo::trajectory::bspline::BasisBackend)2>
2026-09-12T21:39:34.716 DEBUG   :curobo                                  :Cache hit: curobo::kinematics::kinematics_forward_spheres_kernel<15, 32>
2026-09-12T21:39:34.718 DEBUG   :curobo                                  :Cache hit: curobo::geometry::self_collision::self_collision_max_distance_kernel<false>
2026-09-12T21:39:34.719 DEBUG   :curobo                                  :Cache hit: curobo::kinematics::kinematics_backward_kernel<float, float, 16, true, false, false>
2026-09-12T21:39:34.719 DEBUG   :curobo                                  :Cache hit: curobo::trajectory::bspline::bspline_backward_kernel<3, float, (curobo::trajectory::bspline::BasisBackend)2>
2026-09-12T21:39:34.719 DEBUG   :curobo                                  :Cache hit: curobo::optimization::line_search::kernel_line_search<float, 4>
2026-09-12T21:39:34.720 DEBUG   :curobo                                  :Cache hit: curobo::optimization::kernel_lbfgs_step_shared_memory<float, false, 27>
2026-09-12T21:39:34.720 DEBUG   :curobo                                  :Cache hit: curobo::trajectory::bspline::interpolate_bspline_kernel<float, 3, (curobo::trajectory::bspline::BasisBackend)2>
2026-09-12T21:39:34.721 DEBUG   :curobo                                  :Cache hit: curobo::kinematics::kinematics_forward_spheres_kernel<15, 32>
2026-09-12T21:39:34.722 DEBUG   :curobo                                  :Cache hit: curobo::geometry::self_collision::self_collision_max_distance_kernel<false>
2026-09-12T21:39:34.723 DEBUG   :curobo                                  :Cache hit: curobo::kinematics::kinematics_backward_kernel<float, float, 16, true, false, false>
2026-09-12T21:39:34.724 DEBUG   :curobo                                  :Cache hit: curobo::trajectory::bspline::bspline_backward_kernel<3, float, (curobo::trajectory::bspline::BasisBackend)2>
2026-09-12T21:39:34.724 DEBUG   :curobo                                  :Cache hit: curobo::optimization::line_search::kernel_line_search<float, 4>
2026-09-12T21:39:34.724 DEBUG   :curobo                                  :Cache hit: curobo::optimization::kernel_lbfgs_step_shared_memory<float, false, 27>
2026-09-12T21:39:34.725 DEBUG   :curobo                                  :Cache hit: curobo::trajectory::bspline::interpolate_bspline_kernel<float, 3, (curobo::trajectory::bspline::BasisBackend)2>
2026-09-12T21:39:34.725 DEBUG   :curobo                                  :Cache hit: curobo::kinematics::kinematics_forward_spheres_kernel<15, 32>
2026-09-12T21:39:34.728 DEBUG   :curobo                                  :Cache hit: curobo::geometry::self_collision::self_collision_max_distance_kernel<false>
2026-09-12T21:39:34.729 DEBUG   :curobo                                  :Cache hit: curobo::kinematics::kinematics_backward_kernel<float, float, 16, true, false, false>
2026-09-12T21:39:34.729 DEBUG   :curobo                                  :Cache hit: curobo::trajectory::bspline::bspline_backward_kernel<3, float, (curobo::trajectory::bspline::BasisBackend)2>
2026-09-12T21:39:34.730 DEBUG   :curobo                                  :Cache hit: curobo::optimization::line_search::kernel_line_search<float, 4>
2026-09-12T21:39:34.730 DEBUG   :curobo                                  :Cache hit: curobo::optimization::kernel_lbfgs_step_shared_memory<float, false, 27>
2026-09-12T21:39:34.730 DEBUG   :curobo                                  :Cache hit: curobo::trajectory::bspline::interpolate_bspline_kernel<float, 3, (curobo::trajectory::bspline::BasisBackend)2>
2026-09-12T21:39:34.731 DEBUG   :curobo                                  :Cache hit: curobo::kinematics::kinematics_forward_spheres_kernel<15, 32>
2026-09-12T21:39:34.732 DEBUG   :curobo                                  :Cache hit: curobo::geometry::self_collision::self_collision_max_distance_kernel<false>
2026-09-12T21:39:34.732 DEBUG   :curobo                                  :Cache hit: curobo::kinematics::kinematics_backward_kernel<float, float, 16, true, false, false>
2026-09-12T21:39:34.732 DEBUG   :curobo                                  :Cache hit: curobo::trajectory::bspline::bspline_backward_kernel<3, float, (curobo::trajectory::bspline::BasisBackend)2>
2026-09-12T21:39:34.733 DEBUG   :curobo                                  :Cache hit: curobo::optimization::line_search::kernel_line_search<float, 4>
2026-09-12T21:39:34.733 DEBUG   :curobo                                  :Cache hit: curobo::optimization::kernel_lbfgs_step_shared_memory<float, false, 27>
2026-09-12T21:39:34.733 DEBUG   :curobo                                  :Cache hit: curobo::trajectory::bspline::interpolate_bspline_kernel<float, 3, (curobo::trajectory::bspline::BasisBackend)2>
2026-09-12T21:39:34.733 DEBUG   :curobo                                  :Cache hit: curobo::kinematics::kinematics_forward_spheres_kernel<15, 32>
2026-09-12T21:39:34.734 DEBUG   :curobo                                  :Cache hit: curobo::geometry::self_collision::self_collision_max_distance_kernel<false>
2026-09-12T21:39:34.735 DEBUG   :curobo                                  :Cache hit: curobo::kinematics::kinematics_backward_kernel<float, float, 16, true, false, false>
2026-09-12T21:39:34.735 DEBUG   :curobo                                  :Cache hit: curobo::trajectory::bspline::bspline_backward_kernel<3, float, (curobo::trajectory::bspline::BasisBackend)2>
2026-09-12T21:39:34.735 DEBUG   :curobo                                  :Cache hit: curobo::optimization::line_search::kernel_line_search<float, 4>
2026-09-12T21:39:34.736 DEBUG   :curobo                                  :Cache hit: curobo::optimization::kernel_lbfgs_step_shared_memory<float, false, 27>
2026-09-12T21:39:34.736 DEBUG   :curobo                                  :Cache hit: curobo::trajectory::bspline::interpolate_bspline_kernel<float, 3, (curobo::trajectory::bspline::BasisBackend)2>
2026-09-12T21:39:34.736 DEBUG   :curobo                                  :Cache hit: curobo::kinematics::kinematics_forward_spheres_kernel<15, 32>
2026-09-12T21:39:34.737 DEBUG   :curobo                                  :Cache hit: curobo::geometry::self_collision::self_collision_max_distance_kernel<false>
2026-09-12T21:39:34.738 DEBUG   :curobo                                  :Cache hit: curobo::kinematics::kinematics_backward_kernel<float, float, 16, true, false, false>
2026-09-12T21:39:34.738 DEBUG   :curobo                                  :Cache hit: curobo::trajectory::bspline::bspline_backward_kernel<3, float, (curobo::trajectory::bspline::BasisBackend)2>
2026-09-12T21:39:34.739 DEBUG   :curobo                                  :Cache hit: curobo::optimization::line_search::kernel_line_search<float, 4>
2026-09-12T21:39:34.739 DEBUG   :curobo                                  :Cache hit: curobo::optimization::kernel_lbfgs_step_shared_memory<float, false, 27>
2026-09-12T21:39:34.739 DEBUG   :curobo                                  :Cache hit: curobo::trajectory::bspline::interpolate_bspline_kernel<float, 3, (curobo::trajectory::bspline::BasisBackend)2>
2026-09-12T21:39:34.740 DEBUG   :curobo                                  :Cache hit: curobo::kinematics::kinematics_forward_spheres_kernel<15, 32>
2026-09-12T21:39:34.741 DEBUG   :curobo                                  :Cache hit: curobo::geometry::self_collision::self_collision_max_distance_kernel<false>
2026-09-12T21:39:34.741 DEBUG   :curobo                                  :Cache hit: curobo::kinematics::kinematics_backward_kernel<float, float, 16, true, false, false>
2026-09-12T21:39:34.742 DEBUG   :curobo                                  :Cache hit: curobo::trajectory::bspline::bspline_backward_kernel<3, float, (curobo::trajectory::bspline::BasisBackend)2>
2026-09-12T21:39:34.742 DEBUG   :curobo                                  :Cache hit: curobo::optimization::line_search::kernel_line_search<float, 4>
2026-09-12T21:39:34.742 DEBUG   :curobo                                  :Cache hit: curobo::optimization::kernel_lbfgs_step_shared_memory<float, false, 27>
2026-09-12T21:39:34.743 DEBUG   :curobo                                  :Cache hit: curobo::trajectory::bspline::interpolate_bspline_kernel<float, 3, (curobo::trajectory::bspline::BasisBackend)2>
2026-09-12T21:39:34.743 DEBUG   :curobo                                  :Cache hit: curobo::kinematics::kinematics_forward_spheres_kernel<15, 32>
2026-09-12T21:39:34.744 DEBUG   :curobo                                  :Cache hit: curobo::geometry::self_collision::self_collision_max_distance_kernel<false>
2026-09-12T21:39:34.745 DEBUG   :curobo                                  :Cache hit: curobo::kinematics::kinematics_backward_kernel<float, float, 16, true, false, false>
2026-09-12T21:39:34.745 DEBUG   :curobo                                  :Cache hit: curobo::trajectory::bspline::bspline_backward_kernel<3, float, (curobo::trajectory::bspline::BasisBackend)2>
2026-09-12T21:39:34.745 DEBUG   :curobo                                  :Cache hit: curobo::optimization::line_search::kernel_line_search<float, 4>
2026-09-12T21:39:34.745 DEBUG   :curobo                                  :Cache hit: curobo::optimization::kernel_lbfgs_step_shared_memory<float, false, 27>
2026-09-12T21:39:34.829 DEBUG   :curobo                                  :Cache hit: curobo::trajectory::bspline::interpolate_bspline_kernel<float, 3, (curobo::trajectory::bspline::BasisBackend)2>
2026-09-12T21:39:34.830 DEBUG   :curobo                                  :Cache hit: curobo::kinematics::kinematics_forward_spheres_kernel<15, 32>
2026-09-12T21:39:34.830 INFO    :curobo                                  :Recording CUDA Graph for _compute_metrics_from_action_impl
2026-09-12T21:39:34.911 INFO    :curobo                                  :Updating state_seq buffer reference (created new tensor)
2026-09-12T21:39:34.912 DEBUG   :curobo                                  :Cache hit: curobo::trajectory::bspline::interpolate_bspline_kernel<float, 3, (curobo::trajectory::bspline::BasisBackend)2>
2026-09-12T21:39:34.912 DEBUG   :curobo                                  :Cache hit: curobo::kinematics::kinematics_forward_spheres_kernel<15, 32>
2026-09-12T21:39:34.913 DEBUG   :curobo                                  :Cache hit: curobo::geometry::self_collision::self_collision_max_distance_kernel<false>
2026-09-12T21:39:34.921 DEBUG   :curobo                                  :Cache hit: curobo::trajectory::bspline::interpolate_bspline_kernel<float, 3, (curobo::trajectory::bspline::BasisBackend)2>
2026-09-12T21:39:34.922 DEBUG   :curobo                                  :Cache hit: curobo::kinematics::kinematics_forward_spheres_kernel<15, 32>
2026-09-12T21:39:34.923 DEBUG   :curobo                                  :Cache hit: curobo::geometry::self_collision::self_collision_max_distance_kernel<false>
2026-09-12T21:39:34.925 DEBUG   :curobo                                  :Cache hit: curobo::trajectory::bspline::interpolate_bspline_kernel<float, 3, (curobo::trajectory::bspline::BasisBackend)2>
2026-09-12T21:39:34.925 DEBUG   :curobo                                  :Cache hit: curobo::kinematics::kinematics_forward_spheres_kernel<15, 32>
2026-09-12T21:39:34.926 DEBUG   :curobo                                  :Cache hit: curobo::geometry::self_collision::self_collision_max_distance_kernel<false>
2026-09-12T21:39:34.928 DEBUG   :curobo                                  :Cache hit: curobo::trajectory::bspline::interpolate_bspline_kernel<float, 3, (curobo::trajectory::bspline::BasisBackend)2>
2026-09-12T21:39:34.928 DEBUG   :curobo                                  :Cache hit: curobo::kinematics::kinematics_forward_spheres_kernel<15, 32>
2026-09-12T21:39:34.929 DEBUG   :curobo                                  :Cache hit: curobo::geometry::self_collision::self_collision_max_distance_kernel<false>
2026-09-12T21:39:34.932 DEBUG   :curobo                                  :Cache hit: curobo::trajectory::bspline::interpolate_bspline_single_dt_kernel<float, 3, (curobo::trajectory::bspline::BasisBackend)2>
2026-09-12T21:39:34.934 DEBUG   :curobo                                  :Cache hit: curobo::kinematics::kinematics_forward_spheres_kernel<15, 32>
2026-09-12T21:39:34.934 INFO    :curobo                                  :Recording CUDA Graph for _compute_metrics_from_state_impl
2026-09-12T21:39:35.038 DEBUG   :curobo                                  :Cache hit: curobo::geometry::self_collision::self_collision_max_distance_kernel<false>
2026-09-12T21:39:35.042 DEBUG   :curobo                                  :Cache hit: curobo::geometry::self_collision::self_collision_max_distance_kernel<false>
2026-09-12T21:39:35.044 DEBUG   :curobo                                  :Cache hit: curobo::geometry::self_collision::self_collision_max_distance_kernel<false>
2026-09-12T21:39:35.047 DEBUG   :curobo                                  :Cache hit: curobo::geometry::self_collision::self_collision_max_distance_kernel<false>
2026-09-12T21:39:35.053 INFO    :curobo                                  :Updating state_seq buffer reference (created new tensor)
2026-09-12T21:39:35.054 INFO    :curobo                                  :Recording CUDA Graph for _compute_metrics_from_action_impl
2026-09-12T21:39:35.153 INFO    :curobo                                  :Updating state_seq buffer reference (created new tensor)
2026-09-12T21:39:35.154 DEBUG   :curobo                                  :Cache hit: curobo::kinematics::kinematics_forward_spheres_kernel<15, 32>
2026-09-12T21:39:35.156 DEBUG   :curobo                                  :Cache hit: curobo::geometry::self_collision::self_collision_max_distance_kernel<false>
2026-09-12T21:39:35.158 DEBUG   :curobo                                  :Cache hit: curobo::kinematics::kinematics_forward_spheres_kernel<15, 32>
2026-09-12T21:39:35.158 DEBUG   :curobo                                  :Cache hit: curobo::geometry::self_collision::self_collision_max_distance_kernel<false>
2026-09-12T21:39:35.159 DEBUG   :curobo                                  :Cache hit: curobo::kinematics::kinematics_forward_spheres_kernel<15, 32>
2026-09-12T21:39:35.160 DEBUG   :curobo                                  :Cache hit: curobo::geometry::self_collision::self_collision_max_distance_kernel<false>
2026-09-12T21:39:35.161 DEBUG   :curobo                                  :Cache hit: curobo::kinematics::kinematics_forward_spheres_kernel<15, 32>
2026-09-12T21:39:35.162 DEBUG   :curobo                                  :Cache hit: curobo::geometry::self_collision::self_collision_max_distance_kernel<false>
2026-09-12T21:39:35.164 WARNING :curobo                                  :Start or End state in collision
2026-09-12T21:39:35.165 WARNING :curobo                                  :Start or End state in collision
