2026-09-12T21:54:09.351 DEBUG   :curobo                                  :Self Collision skipped %: 57.805605247465714
2026-09-12T21:54:09.351 DEBUG   :curobo                                  :Self Collision count: 3538
2026-09-12T21:54:09.351 DEBUG   :curobo                                  :Self Collision per thread: 7
2026-09-12T21:54:09.436 DEBUG   :curobo                                  :Warp initialized - Version: 1.17.0
2026-09-12T21:54:09.436 DEBUG   :curobo                                  :Warp Devices: ['cpu', 'cuda:0']
2026-09-12T21:54:09.436 INFO    :curobo                                  :Initialized 2 costs for robot rollout
2026-09-12T21:54:09.437 DEBUG   :curobo                                  :Warp initialized - Version: 1.17.0
2026-09-12T21:54:09.437 DEBUG   :curobo                                  :Warp Devices: ['cpu', 'cuda:0']
2026-09-12T21:54:09.437 INFO    :curobo                                  :Initialized 2 costs for robot rollout
2026-09-12T21:54:09.437 DEBUG   :curobo                                  :Warp initialized - Version: 1.17.0
2026-09-12T21:54:09.437 DEBUG   :curobo                                  :Warp Devices: ['cpu', 'cuda:0']
2026-09-12T21:54:09.437 DEBUG   :curobo                                  :Warp initialized - Version: 1.17.0
2026-09-12T21:54:09.437 DEBUG   :curobo                                  :Warp Devices: ['cpu', 'cuda:0']
2026-09-12T21:54:09.437 INFO    :curobo                                  :Initialized 3 costs for robot rollout
2026-09-12T21:54:09.440 DEBUG   :curobo                                  :Warp initialized - Version: 1.17.0
2026-09-12T21:54:09.440 DEBUG   :curobo                                  :Warp Devices: ['cpu', 'cuda:0']
2026-09-12T21:54:09.440 INFO    :curobo                                  :Initialized 2 costs for robot rollout
2026-09-12T21:54:09.440 DEBUG   :curobo                                  :Warp initialized - Version: 1.17.0
2026-09-12T21:54:09.440 DEBUG   :curobo                                  :Warp Devices: ['cpu', 'cuda:0']
2026-09-12T21:54:09.440 INFO    :curobo                                  :Initialized 2 costs for robot rollout
2026-09-12T21:54:09.441 DEBUG   :curobo                                  :Warp initialized - Version: 1.17.0
2026-09-12T21:54:09.441 DEBUG   :curobo                                  :Warp Devices: ['cpu', 'cuda:0']
2026-09-12T21:54:09.441 DEBUG   :curobo                                  :Warp initialized - Version: 1.17.0
2026-09-12T21:54:09.441 DEBUG   :curobo                                  :Warp Devices: ['cpu', 'cuda:0']
2026-09-12T21:54:09.441 INFO    :curobo                                  :Initialized 3 costs for robot rollout
2026-09-12T21:54:09.443 DEBUG   :curobo                                  :Warp initialized - Version: 1.17.0
2026-09-12T21:54:09.443 DEBUG   :curobo                                  :Warp Devices: ['cpu', 'cuda:0']
2026-09-12T21:54:09.443 INFO    :curobo                                  :Initialized 2 costs for robot rollout
2026-09-12T21:54:09.443 DEBUG   :curobo                                  :Warp initialized - Version: 1.17.0
2026-09-12T21:54:09.443 DEBUG   :curobo                                  :Warp Devices: ['cpu', 'cuda:0']
2026-09-12T21:54:09.443 INFO    :curobo                                  :Initialized 2 costs for robot rollout
2026-09-12T21:54:09.443 INFO    :curobo                                  :Initialized 1 costs for robot rollout
2026-09-12T21:54:09.443 INFO    :curobo                                  :Initialized 1 costs for robot rollout
2026-09-12T21:54:09.445 DEBUG   :curobo                                  :Warp initialized - Version: 1.17.0
2026-09-12T21:54:09.445 DEBUG   :curobo                                  :Warp Devices: ['cpu', 'cuda:0']
2026-09-12T21:54:09.445 INFO    :curobo                                  :Initialized 2 costs for robot rollout
2026-09-12T21:54:09.445 DEBUG   :curobo                                  :Warp initialized - Version: 1.17.0
2026-09-12T21:54:09.445 DEBUG   :curobo                                  :Warp Devices: ['cpu', 'cuda:0']
2026-09-12T21:54:09.446 INFO    :curobo                                  :Initialized 2 costs for robot rollout
2026-09-12T21:54:09.446 INFO    :curobo                                  :Initialized 1 costs for robot rollout
2026-09-12T21:54:09.446 INFO    :curobo                                  :Initialized 1 costs for robot rollout
2026-09-12T21:54:09.446 INFO    :curobo                                  :LBFGS: history >= opt_dim, reducing history to opt_dim-1
2026-09-12T21:54:09.450 INFO    :curobo                                  :Updating state_seq buffer reference (created new tensor)
2026-09-12T21:54:09.450 INFO    :curobo                                  :Updating state_seq buffer reference (created new tensor)
2026-09-12T21:54:09.452 DEBUG   :curobo                                  :Warp initialized - Version: 1.17.0
2026-09-12T21:54:09.452 DEBUG   :curobo                                  :Warp Devices: ['cpu', 'cuda:0']
2026-09-12T21:54:09.455 INFO    :curobo                                  :Seed IK Solver initialized for robot with 6 DOF
2026-09-12T21:54:09.455 INFO    :curobo                                  :Controlled links: ['tcp']
2026-09-12T21:54:09.472 DEBUG   :curobo                                  :Warp initialized - Version: 1.17.0
2026-09-12T21:54:09.472 DEBUG   :curobo                                  :Warp Devices: ['cpu', 'cuda:0']
2026-09-12T21:54:09.472 INFO    :curobo                                  :Initialized 2 costs for robot rollout
2026-09-12T21:54:09.473 DEBUG   :curobo                                  :Warp initialized - Version: 1.17.0
2026-09-12T21:54:09.473 DEBUG   :curobo                                  :Warp Devices: ['cpu', 'cuda:0']
2026-09-12T21:54:09.473 INFO    :curobo                                  :Initialized 2 costs for robot rollout
2026-09-12T21:54:09.474 DEBUG   :curobo                                  :Warp initialized - Version: 1.17.0
2026-09-12T21:54:09.474 DEBUG   :curobo                                  :Warp Devices: ['cpu', 'cuda:0']
2026-09-12T21:54:09.474 DEBUG   :curobo                                  :Warp initialized - Version: 1.17.0
2026-09-12T21:54:09.474 DEBUG   :curobo                                  :Warp Devices: ['cpu', 'cuda:0']
2026-09-12T21:54:09.474 INFO    :curobo                                  :Initialized 3 costs for robot rollout
2026-09-12T21:54:09.478 DEBUG   :curobo                                  :Warp initialized - Version: 1.17.0
2026-09-12T21:54:09.478 DEBUG   :curobo                                  :Warp Devices: ['cpu', 'cuda:0']
2026-09-12T21:54:09.478 INFO    :curobo                                  :Initialized 2 costs for robot rollout
2026-09-12T21:54:09.479 DEBUG   :curobo                                  :Warp initialized - Version: 1.17.0
2026-09-12T21:54:09.479 DEBUG   :curobo                                  :Warp Devices: ['cpu', 'cuda:0']
2026-09-12T21:54:09.479 INFO    :curobo                                  :Initialized 2 costs for robot rollout
2026-09-12T21:54:09.479 DEBUG   :curobo                                  :Warp initialized - Version: 1.17.0
2026-09-12T21:54:09.479 DEBUG   :curobo                                  :Warp Devices: ['cpu', 'cuda:0']
2026-09-12T21:54:09.480 DEBUG   :curobo                                  :Warp initialized - Version: 1.17.0
2026-09-12T21:54:09.480 DEBUG   :curobo                                  :Warp Devices: ['cpu', 'cuda:0']
2026-09-12T21:54:09.480 INFO    :curobo                                  :Initialized 3 costs for robot rollout
2026-09-12T21:54:09.484 DEBUG   :curobo                                  :Warp initialized - Version: 1.17.0
2026-09-12T21:54:09.484 DEBUG   :curobo                                  :Warp Devices: ['cpu', 'cuda:0']
2026-09-12T21:54:09.484 INFO    :curobo                                  :Initialized 2 costs for robot rollout
2026-09-12T21:54:09.485 DEBUG   :curobo                                  :Warp initialized - Version: 1.17.0
2026-09-12T21:54:09.485 DEBUG   :curobo                                  :Warp Devices: ['cpu', 'cuda:0']
2026-09-12T21:54:09.485 INFO    :curobo                                  :Initialized 2 costs for robot rollout
2026-09-12T21:54:09.485 INFO    :curobo                                  :Initialized 1 costs for robot rollout
2026-09-12T21:54:09.485 INFO    :curobo                                  :Initialized 1 costs for robot rollout
2026-09-12T21:54:09.489 DEBUG   :curobo                                  :Warp initialized - Version: 1.17.0
2026-09-12T21:54:09.489 DEBUG   :curobo                                  :Warp Devices: ['cpu', 'cuda:0']
2026-09-12T21:54:09.490 INFO    :curobo                                  :Initialized 2 costs for robot rollout
2026-09-12T21:54:09.490 DEBUG   :curobo                                  :Warp initialized - Version: 1.17.0
2026-09-12T21:54:09.490 DEBUG   :curobo                                  :Warp Devices: ['cpu', 'cuda:0']
2026-09-12T21:54:09.491 INFO    :curobo                                  :Initialized 2 costs for robot rollout
2026-09-12T21:54:09.491 INFO    :curobo                                  :Initialized 1 costs for robot rollout
2026-09-12T21:54:09.491 INFO    :curobo                                  :Initialized 1 costs for robot rollout
2026-09-12T21:54:09.492 INFO    :curobo                                  :Updating state_seq buffer reference (created new tensor)
2026-09-12T21:54:09.493 INFO    :curobo                                  :Updating state_seq buffer reference (created new tensor)
2026-09-12T21:54:09.501 DEBUG   :curobo                                  :Warp initialized - Version: 1.17.0
2026-09-12T21:54:09.501 DEBUG   :curobo                                  :Warp Devices: ['cpu', 'cuda:0']
2026-09-12T21:54:09.501 INFO    :curobo                                  :Initialized 2 costs for robot rollout
2026-09-12T21:54:09.502 DEBUG   :curobo                                  :Warp initialized - Version: 1.17.0
2026-09-12T21:54:09.502 DEBUG   :curobo                                  :Warp Devices: ['cpu', 'cuda:0']
2026-09-12T21:54:09.502 INFO    :curobo                                  :Initialized 2 costs for robot rollout
2026-09-12T21:54:09.502 DEBUG   :curobo                                  :Warp initialized - Version: 1.17.0
2026-09-12T21:54:09.502 DEBUG   :curobo                                  :Warp Devices: ['cpu', 'cuda:0']
2026-09-12T21:54:09.502 DEBUG   :curobo                                  :Warp initialized - Version: 1.17.0
2026-09-12T21:54:09.502 DEBUG   :curobo                                  :Warp Devices: ['cpu', 'cuda:0']
2026-09-12T21:54:09.502 INFO    :curobo                                  :Initialized 3 costs for robot rollout
2026-09-12T21:54:09.506 DEBUG   :curobo                                  :Warp initialized - Version: 1.17.0
2026-09-12T21:54:09.506 DEBUG   :curobo                                  :Warp Devices: ['cpu', 'cuda:0']
2026-09-12T21:54:09.506 INFO    :curobo                                  :Initialized 2 costs for robot rollout
2026-09-12T21:54:09.507 DEBUG   :curobo                                  :Warp initialized - Version: 1.17.0
2026-09-12T21:54:09.507 DEBUG   :curobo                                  :Warp Devices: ['cpu', 'cuda:0']
2026-09-12T21:54:09.507 INFO    :curobo                                  :Initialized 2 costs for robot rollout
2026-09-12T21:54:09.507 DEBUG   :curobo                                  :Warp initialized - Version: 1.17.0
2026-09-12T21:54:09.507 DEBUG   :curobo                                  :Warp Devices: ['cpu', 'cuda:0']
2026-09-12T21:54:09.508 DEBUG   :curobo                                  :Warp initialized - Version: 1.17.0
2026-09-12T21:54:09.508 DEBUG   :curobo                                  :Warp Devices: ['cpu', 'cuda:0']
2026-09-12T21:54:09.508 INFO    :curobo                                  :Initialized 3 costs for robot rollout
2026-09-12T21:54:09.511 DEBUG   :curobo                                  :Warp initialized - Version: 1.17.0
2026-09-12T21:54:09.511 DEBUG   :curobo                                  :Warp Devices: ['cpu', 'cuda:0']
2026-09-12T21:54:09.511 INFO    :curobo                                  :Initialized 2 costs for robot rollout
2026-09-12T21:54:09.512 DEBUG   :curobo                                  :Warp initialized - Version: 1.17.0
2026-09-12T21:54:09.512 DEBUG   :curobo                                  :Warp Devices: ['cpu', 'cuda:0']
2026-09-12T21:54:09.512 INFO    :curobo                                  :Initialized 2 costs for robot rollout
2026-09-12T21:54:09.512 DEBUG   :curobo                                  :Warp initialized - Version: 1.17.0
2026-09-12T21:54:09.512 DEBUG   :curobo                                  :Warp Devices: ['cpu', 'cuda:0']
2026-09-12T21:54:09.512 DEBUG   :curobo                                  :Warp initialized - Version: 1.17.0
2026-09-12T21:54:09.512 DEBUG   :curobo                                  :Warp Devices: ['cpu', 'cuda:0']
2026-09-12T21:54:09.512 INFO    :curobo                                  :Initialized 3 costs for robot rollout
2026-09-12T21:54:09.588 INFO    :curobo                                  :CuRobo kernel backend: 'cuda_core'
2026-09-12T21:54:09.589 INFO    :curobo                                  :cuda.core backend initialized: sm_89
2026-09-12T21:54:09.589 INFO    :curobo                                  :Compiling kernel: curobo::kinematics::kinematics_forward_spheres_kernel<15, 32>
2026-09-12T21:54:09.722 INFO    :curobo                                  :Successfully compiled kernel: curobo::kinematics::kinematics_forward_spheres_kernel<15, 32>
2026-09-12T21:54:09.725 DEBUG   :curobo                                  :Cache hit: curobo::kinematics::kinematics_forward_spheres_kernel<15, 32>
2026-09-12T21:54:09.726 DEBUG   :curobo                                  :Cache hit: curobo::kinematics::kinematics_forward_spheres_kernel<15, 32>
2026-09-12T21:54:09.727 INFO    :curobo                                  :exploration_idx.shape != (num_problems, n_linesearch): torch.Size([1, 4]) != (4, 4)
2026-09-12T21:54:09.727 INFO    :curobo                                  :selected_idx.shape != (num_problems, n_linesearch): torch.Size([1, 4]) != (4, 4)
2026-09-12T21:54:09.727 INFO    :curobo                                  :exploration_idx.shape != (num_problems, n_linesearch): torch.Size([1, 4]) != (4, 4)
2026-09-12T21:54:09.727 INFO    :curobo                                  :selected_idx.shape != (num_problems, n_linesearch): torch.Size([1, 4]) != (4, 4)
2026-09-12T21:54:09.727 INFO    :curobo                                  :Updating state_seq buffer reference (created new tensor)
2026-09-12T21:54:09.728 INFO    :curobo                                  :Updating state_seq buffer reference (created new tensor)
2026-09-12T21:54:09.728 INFO    :curobo                                  :Updating state_seq buffer reference (created new tensor)
2026-09-12T21:54:09.729 INFO    :curobo                                  :Updating state_seq buffer reference (created new tensor)
2026-09-12T21:54:09.730 INFO    :curobo                                  :Compiling kernel: curobo::trajectory::bspline::interpolate_bspline_kernel<float, 3, (curobo::trajectory::bspline::BasisBackend)2>
2026-09-12T21:54:09.821 INFO    :curobo                                  :Successfully compiled kernel: curobo::trajectory::bspline::interpolate_bspline_kernel<float, 3, (curobo::trajectory::bspline::BasisBackend)2>
2026-09-12T21:54:09.822 DEBUG   :curobo                                  :Cache hit: curobo::kinematics::kinematics_forward_spheres_kernel<15, 32>
2026-09-12T21:54:09.856 DEBUG   :curobo                                  :Cache hit: curobo::trajectory::bspline::interpolate_bspline_kernel<float, 3, (curobo::trajectory::bspline::BasisBackend)2>
2026-09-12T21:54:09.856 DEBUG   :curobo                                  :Cache hit: curobo::kinematics::kinematics_forward_spheres_kernel<15, 32>
2026-09-12T21:54:10.020 INFO    :curobo                                  :Compiling kernel: curobo::kinematics::kinematics_backward_kernel<float, float, 16, true, false, false>
2026-09-12T21:54:10.164 INFO    :curobo                                  :Successfully compiled kernel: curobo::kinematics::kinematics_backward_kernel<float, float, 16, true, false, false>
2026-09-12T21:54:10.165 INFO    :curobo                                  :Compiling kernel: curobo::trajectory::bspline::bspline_backward_kernel<3, float, (curobo::trajectory::bspline::BasisBackend)2>
2026-09-12T21:54:10.258 INFO    :curobo                                  :Successfully compiled kernel: curobo::trajectory::bspline::bspline_backward_kernel<3, float, (curobo::trajectory::bspline::BasisBackend)2>
2026-09-12T21:54:10.259 INFO    :curobo                                  :Compiling kernel: curobo::optimization::line_search::kernel_line_search<float, 4>
2026-09-12T21:54:10.334 INFO    :curobo                                  :Successfully compiled kernel: curobo::optimization::line_search::kernel_line_search<float, 4>
2026-09-12T21:54:10.335 INFO    :curobo                                  :Running optimizer 1/1: LBFGSOpt
2026-09-12T21:54:10.335 INFO    :curobo                                  :Recording CUDA Graph for _opt_iters
2026-09-12T21:54:10.405 DEBUG   :curobo                                  :Cache hit: curobo::trajectory::bspline::interpolate_bspline_kernel<float, 3, (curobo::trajectory::bspline::BasisBackend)2>
2026-09-12T21:54:10.406 DEBUG   :curobo                                  :Cache hit: curobo::kinematics::kinematics_forward_spheres_kernel<15, 32>
2026-09-12T21:54:10.408 DEBUG   :curobo                                  :Cache hit: curobo::kinematics::kinematics_backward_kernel<float, float, 16, true, false, false>
2026-09-12T21:54:10.409 DEBUG   :curobo                                  :Cache hit: curobo::trajectory::bspline::bspline_backward_kernel<3, float, (curobo::trajectory::bspline::BasisBackend)2>
2026-09-12T21:54:10.409 DEBUG   :curobo                                  :Cache hit: curobo::optimization::line_search::kernel_line_search<float, 4>
2026-09-12T21:54:10.409 INFO    :curobo                                  :Compiling kernel: curobo::optimization::kernel_lbfgs_step_shared_memory<float, false, 27>
2026-09-12T21:54:10.559 INFO    :curobo                                  :Successfully compiled kernel: curobo::optimization::kernel_lbfgs_step_shared_memory<float, false, 27>
2026-09-12T21:54:10.560 DEBUG   :curobo                                  :Cache hit: curobo::trajectory::bspline::interpolate_bspline_kernel<float, 3, (curobo::trajectory::bspline::BasisBackend)2>
2026-09-12T21:54:10.561 DEBUG   :curobo                                  :Cache hit: curobo::kinematics::kinematics_forward_spheres_kernel<15, 32>
2026-09-12T21:54:10.562 DEBUG   :curobo                                  :Cache hit: curobo::kinematics::kinematics_backward_kernel<float, float, 16, true, false, false>
2026-09-12T21:54:10.562 DEBUG   :curobo                                  :Cache hit: curobo::trajectory::bspline::bspline_backward_kernel<3, float, (curobo::trajectory::bspline::BasisBackend)2>
2026-09-12T21:54:10.563 DEBUG   :curobo                                  :Cache hit: curobo::optimization::line_search::kernel_line_search<float, 4>
2026-09-12T21:54:10.563 DEBUG   :curobo                                  :Cache hit: curobo::optimization::kernel_lbfgs_step_shared_memory<float, false, 27>
2026-09-12T21:54:10.563 DEBUG   :curobo                                  :Cache hit: curobo::trajectory::bspline::interpolate_bspline_kernel<float, 3, (curobo::trajectory::bspline::BasisBackend)2>
2026-09-12T21:54:10.564 DEBUG   :curobo                                  :Cache hit: curobo::kinematics::kinematics_forward_spheres_kernel<15, 32>
2026-09-12T21:54:10.565 DEBUG   :curobo                                  :Cache hit: curobo::kinematics::kinematics_backward_kernel<float, float, 16, true, false, false>
2026-09-12T21:54:10.565 DEBUG   :curobo                                  :Cache hit: curobo::trajectory::bspline::bspline_backward_kernel<3, float, (curobo::trajectory::bspline::BasisBackend)2>
2026-09-12T21:54:10.566 DEBUG   :curobo                                  :Cache hit: curobo::optimization::line_search::kernel_line_search<float, 4>
2026-09-12T21:54:10.566 DEBUG   :curobo                                  :Cache hit: curobo::optimization::kernel_lbfgs_step_shared_memory<float, false, 27>
2026-09-12T21:54:10.566 DEBUG   :curobo                                  :Cache hit: curobo::trajectory::bspline::interpolate_bspline_kernel<float, 3, (curobo::trajectory::bspline::BasisBackend)2>
2026-09-12T21:54:10.567 DEBUG   :curobo                                  :Cache hit: curobo::kinematics::kinematics_forward_spheres_kernel<15, 32>
2026-09-12T21:54:10.568 DEBUG   :curobo                                  :Cache hit: curobo::kinematics::kinematics_backward_kernel<float, float, 16, true, false, false>
2026-09-12T21:54:10.568 DEBUG   :curobo                                  :Cache hit: curobo::trajectory::bspline::bspline_backward_kernel<3, float, (curobo::trajectory::bspline::BasisBackend)2>
2026-09-12T21:54:10.568 DEBUG   :curobo                                  :Cache hit: curobo::optimization::line_search::kernel_line_search<float, 4>
2026-09-12T21:54:10.568 DEBUG   :curobo                                  :Cache hit: curobo::optimization::kernel_lbfgs_step_shared_memory<float, false, 27>
2026-09-12T21:54:10.569 DEBUG   :curobo                                  :Cache hit: curobo::trajectory::bspline::interpolate_bspline_kernel<float, 3, (curobo::trajectory::bspline::BasisBackend)2>
2026-09-12T21:54:10.569 DEBUG   :curobo                                  :Cache hit: curobo::kinematics::kinematics_forward_spheres_kernel<15, 32>
2026-09-12T21:54:10.570 DEBUG   :curobo                                  :Cache hit: curobo::kinematics::kinematics_backward_kernel<float, float, 16, true, false, false>
2026-09-12T21:54:10.570 DEBUG   :curobo                                  :Cache hit: curobo::trajectory::bspline::bspline_backward_kernel<3, float, (curobo::trajectory::bspline::BasisBackend)2>
2026-09-12T21:54:10.570 DEBUG   :curobo                                  :Cache hit: curobo::optimization::line_search::kernel_line_search<float, 4>
2026-09-12T21:54:10.571 DEBUG   :curobo                                  :Cache hit: curobo::optimization::kernel_lbfgs_step_shared_memory<float, false, 27>
2026-09-12T21:54:10.571 DEBUG   :curobo                                  :Cache hit: curobo::trajectory::bspline::interpolate_bspline_kernel<float, 3, (curobo::trajectory::bspline::BasisBackend)2>
2026-09-12T21:54:10.571 DEBUG   :curobo                                  :Cache hit: curobo::kinematics::kinematics_forward_spheres_kernel<15, 32>
2026-09-12T21:54:10.572 DEBUG   :curobo                                  :Cache hit: curobo::kinematics::kinematics_backward_kernel<float, float, 16, true, false, false>
2026-09-12T21:54:10.572 DEBUG   :curobo                                  :Cache hit: curobo::trajectory::bspline::bspline_backward_kernel<3, float, (curobo::trajectory::bspline::BasisBackend)2>
2026-09-12T21:54:10.572 DEBUG   :curobo                                  :Cache hit: curobo::optimization::line_search::kernel_line_search<float, 4>
2026-09-12T21:54:10.573 DEBUG   :curobo                                  :Cache hit: curobo::optimization::kernel_lbfgs_step_shared_memory<float, false, 27>
2026-09-12T21:54:10.573 DEBUG   :curobo                                  :Cache hit: curobo::trajectory::bspline::interpolate_bspline_kernel<float, 3, (curobo::trajectory::bspline::BasisBackend)2>
2026-09-12T21:54:10.573 DEBUG   :curobo                                  :Cache hit: curobo::kinematics::kinematics_forward_spheres_kernel<15, 32>
2026-09-12T21:54:10.574 DEBUG   :curobo                                  :Cache hit: curobo::kinematics::kinematics_backward_kernel<float, float, 16, true, false, false>
2026-09-12T21:54:10.574 DEBUG   :curobo                                  :Cache hit: curobo::trajectory::bspline::bspline_backward_kernel<3, float, (curobo::trajectory::bspline::BasisBackend)2>
2026-09-12T21:54:10.575 DEBUG   :curobo                                  :Cache hit: curobo::optimization::line_search::kernel_line_search<float, 4>
2026-09-12T21:54:10.575 DEBUG   :curobo                                  :Cache hit: curobo::optimization::kernel_lbfgs_step_shared_memory<float, false, 27>
2026-09-12T21:54:10.575 DEBUG   :curobo                                  :Cache hit: curobo::trajectory::bspline::interpolate_bspline_kernel<float, 3, (curobo::trajectory::bspline::BasisBackend)2>
2026-09-12T21:54:10.575 DEBUG   :curobo                                  :Cache hit: curobo::kinematics::kinematics_forward_spheres_kernel<15, 32>
2026-09-12T21:54:10.576 DEBUG   :curobo                                  :Cache hit: curobo::kinematics::kinematics_backward_kernel<float, float, 16, true, false, false>
2026-09-12T21:54:10.576 DEBUG   :curobo                                  :Cache hit: curobo::trajectory::bspline::bspline_backward_kernel<3, float, (curobo::trajectory::bspline::BasisBackend)2>
2026-09-12T21:54:10.577 DEBUG   :curobo                                  :Cache hit: curobo::optimization::line_search::kernel_line_search<float, 4>
2026-09-12T21:54:10.577 DEBUG   :curobo                                  :Cache hit: curobo::optimization::kernel_lbfgs_step_shared_memory<float, false, 27>
2026-09-12T21:54:10.577 DEBUG   :curobo                                  :Cache hit: curobo::trajectory::bspline::interpolate_bspline_kernel<float, 3, (curobo::trajectory::bspline::BasisBackend)2>
2026-09-12T21:54:10.577 DEBUG   :curobo                                  :Cache hit: curobo::kinematics::kinematics_forward_spheres_kernel<15, 32>
2026-09-12T21:54:10.578 DEBUG   :curobo                                  :Cache hit: curobo::kinematics::kinematics_backward_kernel<float, float, 16, true, false, false>
2026-09-12T21:54:10.578 DEBUG   :curobo                                  :Cache hit: curobo::trajectory::bspline::bspline_backward_kernel<3, float, (curobo::trajectory::bspline::BasisBackend)2>
2026-09-12T21:54:10.579 DEBUG   :curobo                                  :Cache hit: curobo::optimization::line_search::kernel_line_search<float, 4>
2026-09-12T21:54:10.579 DEBUG   :curobo                                  :Cache hit: curobo::optimization::kernel_lbfgs_step_shared_memory<float, false, 27>
2026-09-12T21:54:10.579 DEBUG   :curobo                                  :Cache hit: curobo::trajectory::bspline::interpolate_bspline_kernel<float, 3, (curobo::trajectory::bspline::BasisBackend)2>
2026-09-12T21:54:10.580 DEBUG   :curobo                                  :Cache hit: curobo::kinematics::kinematics_forward_spheres_kernel<15, 32>
2026-09-12T21:54:10.581 DEBUG   :curobo                                  :Cache hit: curobo::kinematics::kinematics_backward_kernel<float, float, 16, true, false, false>
2026-09-12T21:54:10.581 DEBUG   :curobo                                  :Cache hit: curobo::trajectory::bspline::bspline_backward_kernel<3, float, (curobo::trajectory::bspline::BasisBackend)2>
2026-09-12T21:54:10.581 DEBUG   :curobo                                  :Cache hit: curobo::optimization::line_search::kernel_line_search<float, 4>
2026-09-12T21:54:10.582 DEBUG   :curobo                                  :Cache hit: curobo::optimization::kernel_lbfgs_step_shared_memory<float, false, 27>
2026-09-12T21:54:10.583 DEBUG   :curobo                                  :Cache hit: curobo::trajectory::bspline::interpolate_bspline_kernel<float, 3, (curobo::trajectory::bspline::BasisBackend)2>
2026-09-12T21:54:10.583 DEBUG   :curobo                                  :Cache hit: curobo::kinematics::kinematics_forward_spheres_kernel<15, 32>
2026-09-12T21:54:10.585 DEBUG   :curobo                                  :Cache hit: curobo::kinematics::kinematics_backward_kernel<float, float, 16, true, false, false>
2026-09-12T21:54:10.585 DEBUG   :curobo                                  :Cache hit: curobo::trajectory::bspline::bspline_backward_kernel<3, float, (curobo::trajectory::bspline::BasisBackend)2>
2026-09-12T21:54:10.586 DEBUG   :curobo                                  :Cache hit: curobo::optimization::line_search::kernel_line_search<float, 4>
2026-09-12T21:54:10.586 DEBUG   :curobo                                  :Cache hit: curobo::optimization::kernel_lbfgs_step_shared_memory<float, false, 27>
2026-09-12T21:54:10.587 DEBUG   :curobo                                  :Cache hit: curobo::trajectory::bspline::interpolate_bspline_kernel<float, 3, (curobo::trajectory::bspline::BasisBackend)2>
2026-09-12T21:54:10.587 DEBUG   :curobo                                  :Cache hit: curobo::kinematics::kinematics_forward_spheres_kernel<15, 32>
2026-09-12T21:54:10.589 DEBUG   :curobo                                  :Cache hit: curobo::kinematics::kinematics_backward_kernel<float, float, 16, true, false, false>
2026-09-12T21:54:10.589 DEBUG   :curobo                                  :Cache hit: curobo::trajectory::bspline::bspline_backward_kernel<3, float, (curobo::trajectory::bspline::BasisBackend)2>
2026-09-12T21:54:10.590 DEBUG   :curobo                                  :Cache hit: curobo::optimization::line_search::kernel_line_search<float, 4>
2026-09-12T21:54:10.590 DEBUG   :curobo                                  :Cache hit: curobo::optimization::kernel_lbfgs_step_shared_memory<float, false, 27>
2026-09-12T21:54:10.591 DEBUG   :curobo                                  :Cache hit: curobo::trajectory::bspline::interpolate_bspline_kernel<float, 3, (curobo::trajectory::bspline::BasisBackend)2>
2026-09-12T21:54:10.591 DEBUG   :curobo                                  :Cache hit: curobo::kinematics::kinematics_forward_spheres_kernel<15, 32>
2026-09-12T21:54:10.593 DEBUG   :curobo                                  :Cache hit: curobo::kinematics::kinematics_backward_kernel<float, float, 16, true, false, false>
2026-09-12T21:54:10.593 DEBUG   :curobo                                  :Cache hit: curobo::trajectory::bspline::bspline_backward_kernel<3, float, (curobo::trajectory::bspline::BasisBackend)2>
2026-09-12T21:54:10.593 DEBUG   :curobo                                  :Cache hit: curobo::optimization::line_search::kernel_line_search<float, 4>
2026-09-12T21:54:10.594 DEBUG   :curobo                                  :Cache hit: curobo::optimization::kernel_lbfgs_step_shared_memory<float, false, 27>
2026-09-12T21:54:10.594 DEBUG   :curobo                                  :Cache hit: curobo::trajectory::bspline::interpolate_bspline_kernel<float, 3, (curobo::trajectory::bspline::BasisBackend)2>
2026-09-12T21:54:10.595 DEBUG   :curobo                                  :Cache hit: curobo::kinematics::kinematics_forward_spheres_kernel<15, 32>
2026-09-12T21:54:10.596 DEBUG   :curobo                                  :Cache hit: curobo::kinematics::kinematics_backward_kernel<float, float, 16, true, false, false>
2026-09-12T21:54:10.596 DEBUG   :curobo                                  :Cache hit: curobo::trajectory::bspline::bspline_backward_kernel<3, float, (curobo::trajectory::bspline::BasisBackend)2>
2026-09-12T21:54:10.596 DEBUG   :curobo                                  :Cache hit: curobo::optimization::line_search::kernel_line_search<float, 4>
2026-09-12T21:54:10.597 DEBUG   :curobo                                  :Cache hit: curobo::optimization::kernel_lbfgs_step_shared_memory<float, false, 27>
2026-09-12T21:54:10.597 DEBUG   :curobo                                  :Cache hit: curobo::trajectory::bspline::interpolate_bspline_kernel<float, 3, (curobo::trajectory::bspline::BasisBackend)2>
2026-09-12T21:54:10.597 DEBUG   :curobo                                  :Cache hit: curobo::kinematics::kinematics_forward_spheres_kernel<15, 32>
2026-09-12T21:54:10.598 DEBUG   :curobo                                  :Cache hit: curobo::kinematics::kinematics_backward_kernel<float, float, 16, true, false, false>
2026-09-12T21:54:10.599 DEBUG   :curobo                                  :Cache hit: curobo::trajectory::bspline::bspline_backward_kernel<3, float, (curobo::trajectory::bspline::BasisBackend)2>
2026-09-12T21:54:10.599 DEBUG   :curobo                                  :Cache hit: curobo::optimization::line_search::kernel_line_search<float, 4>
2026-09-12T21:54:10.599 DEBUG   :curobo                                  :Cache hit: curobo::optimization::kernel_lbfgs_step_shared_memory<float, false, 27>
2026-09-12T21:54:10.600 DEBUG   :curobo                                  :Cache hit: curobo::trajectory::bspline::interpolate_bspline_kernel<float, 3, (curobo::trajectory::bspline::BasisBackend)2>
2026-09-12T21:54:10.600 DEBUG   :curobo                                  :Cache hit: curobo::kinematics::kinematics_forward_spheres_kernel<15, 32>
2026-09-12T21:54:10.601 DEBUG   :curobo                                  :Cache hit: curobo::kinematics::kinematics_backward_kernel<float, float, 16, true, false, false>
2026-09-12T21:54:10.601 DEBUG   :curobo                                  :Cache hit: curobo::trajectory::bspline::bspline_backward_kernel<3, float, (curobo::trajectory::bspline::BasisBackend)2>
2026-09-12T21:54:10.601 DEBUG   :curobo                                  :Cache hit: curobo::optimization::line_search::kernel_line_search<float, 4>
2026-09-12T21:54:10.602 DEBUG   :curobo                                  :Cache hit: curobo::optimization::kernel_lbfgs_step_shared_memory<float, false, 27>
2026-09-12T21:54:10.602 DEBUG   :curobo                                  :Cache hit: curobo::trajectory::bspline::interpolate_bspline_kernel<float, 3, (curobo::trajectory::bspline::BasisBackend)2>
2026-09-12T21:54:10.602 DEBUG   :curobo                                  :Cache hit: curobo::kinematics::kinematics_forward_spheres_kernel<15, 32>
2026-09-12T21:54:10.603 DEBUG   :curobo                                  :Cache hit: curobo::kinematics::kinematics_backward_kernel<float, float, 16, true, false, false>
2026-09-12T21:54:10.604 DEBUG   :curobo                                  :Cache hit: curobo::trajectory::bspline::bspline_backward_kernel<3, float, (curobo::trajectory::bspline::BasisBackend)2>
2026-09-12T21:54:10.604 DEBUG   :curobo                                  :Cache hit: curobo::optimization::line_search::kernel_line_search<float, 4>
2026-09-12T21:54:10.604 DEBUG   :curobo                                  :Cache hit: curobo::optimization::kernel_lbfgs_step_shared_memory<float, false, 27>
2026-09-12T21:54:10.605 DEBUG   :curobo                                  :Cache hit: curobo::trajectory::bspline::interpolate_bspline_kernel<float, 3, (curobo::trajectory::bspline::BasisBackend)2>
2026-09-12T21:54:10.605 DEBUG   :curobo                                  :Cache hit: curobo::kinematics::kinematics_forward_spheres_kernel<15, 32>
2026-09-12T21:54:10.606 DEBUG   :curobo                                  :Cache hit: curobo::kinematics::kinematics_backward_kernel<float, float, 16, true, false, false>
2026-09-12T21:54:10.607 DEBUG   :curobo                                  :Cache hit: curobo::trajectory::bspline::bspline_backward_kernel<3, float, (curobo::trajectory::bspline::BasisBackend)2>
2026-09-12T21:54:10.607 DEBUG   :curobo                                  :Cache hit: curobo::optimization::line_search::kernel_line_search<float, 4>
2026-09-12T21:54:10.607 DEBUG   :curobo                                  :Cache hit: curobo::optimization::kernel_lbfgs_step_shared_memory<float, false, 27>
2026-09-12T21:54:10.608 DEBUG   :curobo                                  :Cache hit: curobo::trajectory::bspline::interpolate_bspline_kernel<float, 3, (curobo::trajectory::bspline::BasisBackend)2>
2026-09-12T21:54:10.608 DEBUG   :curobo                                  :Cache hit: curobo::kinematics::kinematics_forward_spheres_kernel<15, 32>
2026-09-12T21:54:10.609 DEBUG   :curobo                                  :Cache hit: curobo::kinematics::kinematics_backward_kernel<float, float, 16, true, false, false>
2026-09-12T21:54:10.609 DEBUG   :curobo                                  :Cache hit: curobo::trajectory::bspline::bspline_backward_kernel<3, float, (curobo::trajectory::bspline::BasisBackend)2>
2026-09-12T21:54:10.610 DEBUG   :curobo                                  :Cache hit: curobo::optimization::line_search::kernel_line_search<float, 4>
2026-09-12T21:54:10.610 DEBUG   :curobo                                  :Cache hit: curobo::optimization::kernel_lbfgs_step_shared_memory<float, false, 27>
2026-09-12T21:54:10.611 DEBUG   :curobo                                  :Cache hit: curobo::trajectory::bspline::interpolate_bspline_kernel<float, 3, (curobo::trajectory::bspline::BasisBackend)2>
2026-09-12T21:54:10.611 DEBUG   :curobo                                  :Cache hit: curobo::kinematics::kinematics_forward_spheres_kernel<15, 32>
2026-09-12T21:54:10.612 DEBUG   :curobo                                  :Cache hit: curobo::kinematics::kinematics_backward_kernel<float, float, 16, true, false, false>
2026-09-12T21:54:10.613 DEBUG   :curobo                                  :Cache hit: curobo::trajectory::bspline::bspline_backward_kernel<3, float, (curobo::trajectory::bspline::BasisBackend)2>
2026-09-12T21:54:10.613 DEBUG   :curobo                                  :Cache hit: curobo::optimization::line_search::kernel_line_search<float, 4>
2026-09-12T21:54:10.613 DEBUG   :curobo                                  :Cache hit: curobo::optimization::kernel_lbfgs_step_shared_memory<float, false, 27>
2026-09-12T21:54:10.614 DEBUG   :curobo                                  :Cache hit: curobo::trajectory::bspline::interpolate_bspline_kernel<float, 3, (curobo::trajectory::bspline::BasisBackend)2>
2026-09-12T21:54:10.614 DEBUG   :curobo                                  :Cache hit: curobo::kinematics::kinematics_forward_spheres_kernel<15, 32>
2026-09-12T21:54:10.615 DEBUG   :curobo                                  :Cache hit: curobo::kinematics::kinematics_backward_kernel<float, float, 16, true, false, false>
2026-09-12T21:54:10.615 DEBUG   :curobo                                  :Cache hit: curobo::trajectory::bspline::bspline_backward_kernel<3, float, (curobo::trajectory::bspline::BasisBackend)2>
2026-09-12T21:54:10.615 DEBUG   :curobo                                  :Cache hit: curobo::optimization::line_search::kernel_line_search<float, 4>
2026-09-12T21:54:10.616 DEBUG   :curobo                                  :Cache hit: curobo::optimization::kernel_lbfgs_step_shared_memory<float, false, 27>
2026-09-12T21:54:10.616 DEBUG   :curobo                                  :Cache hit: curobo::trajectory::bspline::interpolate_bspline_kernel<float, 3, (curobo::trajectory::bspline::BasisBackend)2>
2026-09-12T21:54:10.616 DEBUG   :curobo                                  :Cache hit: curobo::kinematics::kinematics_forward_spheres_kernel<15, 32>
2026-09-12T21:54:10.617 DEBUG   :curobo                                  :Cache hit: curobo::kinematics::kinematics_backward_kernel<float, float, 16, true, false, false>
2026-09-12T21:54:10.618 DEBUG   :curobo                                  :Cache hit: curobo::trajectory::bspline::bspline_backward_kernel<3, float, (curobo::trajectory::bspline::BasisBackend)2>
2026-09-12T21:54:10.618 DEBUG   :curobo                                  :Cache hit: curobo::optimization::line_search::kernel_line_search<float, 4>
2026-09-12T21:54:10.618 DEBUG   :curobo                                  :Cache hit: curobo::optimization::kernel_lbfgs_step_shared_memory<float, false, 27>
2026-09-12T21:54:10.619 DEBUG   :curobo                                  :Cache hit: curobo::trajectory::bspline::interpolate_bspline_kernel<float, 3, (curobo::trajectory::bspline::BasisBackend)2>
2026-09-12T21:54:10.619 DEBUG   :curobo                                  :Cache hit: curobo::kinematics::kinematics_forward_spheres_kernel<15, 32>
2026-09-12T21:54:10.620 DEBUG   :curobo                                  :Cache hit: curobo::kinematics::kinematics_backward_kernel<float, float, 16, true, false, false>
2026-09-12T21:54:10.620 DEBUG   :curobo                                  :Cache hit: curobo::trajectory::bspline::bspline_backward_kernel<3, float, (curobo::trajectory::bspline::BasisBackend)2>
2026-09-12T21:54:10.621 DEBUG   :curobo                                  :Cache hit: curobo::optimization::line_search::kernel_line_search<float, 4>
2026-09-12T21:54:10.621 DEBUG   :curobo                                  :Cache hit: curobo::optimization::kernel_lbfgs_step_shared_memory<float, false, 27>
2026-09-12T21:54:10.621 DEBUG   :curobo                                  :Cache hit: curobo::trajectory::bspline::interpolate_bspline_kernel<float, 3, (curobo::trajectory::bspline::BasisBackend)2>
2026-09-12T21:54:10.622 DEBUG   :curobo                                  :Cache hit: curobo::kinematics::kinematics_forward_spheres_kernel<15, 32>
2026-09-12T21:54:10.623 DEBUG   :curobo                                  :Cache hit: curobo::kinematics::kinematics_backward_kernel<float, float, 16, true, false, false>
2026-09-12T21:54:10.623 DEBUG   :curobo                                  :Cache hit: curobo::trajectory::bspline::bspline_backward_kernel<3, float, (curobo::trajectory::bspline::BasisBackend)2>
2026-09-12T21:54:10.624 DEBUG   :curobo                                  :Cache hit: curobo::optimization::line_search::kernel_line_search<float, 4>
2026-09-12T21:54:10.624 DEBUG   :curobo                                  :Cache hit: curobo::optimization::kernel_lbfgs_step_shared_memory<float, false, 27>
2026-09-12T21:54:10.624 DEBUG   :curobo                                  :Cache hit: curobo::trajectory::bspline::interpolate_bspline_kernel<float, 3, (curobo::trajectory::bspline::BasisBackend)2>
2026-09-12T21:54:10.625 DEBUG   :curobo                                  :Cache hit: curobo::kinematics::kinematics_forward_spheres_kernel<15, 32>
2026-09-12T21:54:10.626 DEBUG   :curobo                                  :Cache hit: curobo::kinematics::kinematics_backward_kernel<float, float, 16, true, false, false>
2026-09-12T21:54:10.626 DEBUG   :curobo                                  :Cache hit: curobo::trajectory::bspline::bspline_backward_kernel<3, float, (curobo::trajectory::bspline::BasisBackend)2>
2026-09-12T21:54:10.626 DEBUG   :curobo                                  :Cache hit: curobo::optimization::line_search::kernel_line_search<float, 4>
2026-09-12T21:54:10.627 DEBUG   :curobo                                  :Cache hit: curobo::optimization::kernel_lbfgs_step_shared_memory<float, false, 27>
2026-09-12T21:54:10.627 DEBUG   :curobo                                  :Cache hit: curobo::trajectory::bspline::interpolate_bspline_kernel<float, 3, (curobo::trajectory::bspline::BasisBackend)2>
2026-09-12T21:54:10.627 DEBUG   :curobo                                  :Cache hit: curobo::kinematics::kinematics_forward_spheres_kernel<15, 32>
2026-09-12T21:54:10.628 DEBUG   :curobo                                  :Cache hit: curobo::kinematics::kinematics_backward_kernel<float, float, 16, true, false, false>
2026-09-12T21:54:10.629 DEBUG   :curobo                                  :Cache hit: curobo::trajectory::bspline::bspline_backward_kernel<3, float, (curobo::trajectory::bspline::BasisBackend)2>
2026-09-12T21:54:10.629 DEBUG   :curobo                                  :Cache hit: curobo::optimization::line_search::kernel_line_search<float, 4>
2026-09-12T21:54:10.629 DEBUG   :curobo                                  :Cache hit: curobo::optimization::kernel_lbfgs_step_shared_memory<float, false, 27>
2026-09-12T21:54:10.630 DEBUG   :curobo                                  :Cache hit: curobo::trajectory::bspline::interpolate_bspline_kernel<float, 3, (curobo::trajectory::bspline::BasisBackend)2>
2026-09-12T21:54:10.630 DEBUG   :curobo                                  :Cache hit: curobo::kinematics::kinematics_forward_spheres_kernel<15, 32>
2026-09-12T21:54:10.631 DEBUG   :curobo                                  :Cache hit: curobo::kinematics::kinematics_backward_kernel<float, float, 16, true, false, false>
2026-09-12T21:54:10.631 DEBUG   :curobo                                  :Cache hit: curobo::trajectory::bspline::bspline_backward_kernel<3, float, (curobo::trajectory::bspline::BasisBackend)2>
2026-09-12T21:54:10.632 DEBUG   :curobo                                  :Cache hit: curobo::optimization::line_search::kernel_line_search<float, 4>
2026-09-12T21:54:10.632 DEBUG   :curobo                                  :Cache hit: curobo::optimization::kernel_lbfgs_step_shared_memory<float, false, 27>
2026-09-12T21:54:10.632 DEBUG   :curobo                                  :Cache hit: curobo::trajectory::bspline::interpolate_bspline_kernel<float, 3, (curobo::trajectory::bspline::BasisBackend)2>
2026-09-12T21:54:10.633 DEBUG   :curobo                                  :Cache hit: curobo::kinematics::kinematics_forward_spheres_kernel<15, 32>
2026-09-12T21:54:10.634 DEBUG   :curobo                                  :Cache hit: curobo::kinematics::kinematics_backward_kernel<float, float, 16, true, false, false>
2026-09-12T21:54:10.634 DEBUG   :curobo                                  :Cache hit: curobo::trajectory::bspline::bspline_backward_kernel<3, float, (curobo::trajectory::bspline::BasisBackend)2>
2026-09-12T21:54:10.634 DEBUG   :curobo                                  :Cache hit: curobo::optimization::line_search::kernel_line_search<float, 4>
2026-09-12T21:54:10.635 DEBUG   :curobo                                  :Cache hit: curobo::optimization::kernel_lbfgs_step_shared_memory<float, false, 27>
2026-09-12T21:54:10.635 DEBUG   :curobo                                  :Cache hit: curobo::trajectory::bspline::interpolate_bspline_kernel<float, 3, (curobo::trajectory::bspline::BasisBackend)2>
2026-09-12T21:54:10.635 DEBUG   :curobo                                  :Cache hit: curobo::kinematics::kinematics_forward_spheres_kernel<15, 32>
2026-09-12T21:54:10.637 DEBUG   :curobo                                  :Cache hit: curobo::kinematics::kinematics_backward_kernel<float, float, 16, true, false, false>
2026-09-12T21:54:10.637 DEBUG   :curobo                                  :Cache hit: curobo::trajectory::bspline::bspline_backward_kernel<3, float, (curobo::trajectory::bspline::BasisBackend)2>
2026-09-12T21:54:10.638 DEBUG   :curobo                                  :Cache hit: curobo::optimization::line_search::kernel_line_search<float, 4>
2026-09-12T21:54:10.638 DEBUG   :curobo                                  :Cache hit: curobo::optimization::kernel_lbfgs_step_shared_memory<float, false, 27>
2026-09-12T21:54:10.638 DEBUG   :curobo                                  :Cache hit: curobo::trajectory::bspline::interpolate_bspline_kernel<float, 3, (curobo::trajectory::bspline::BasisBackend)2>
2026-09-12T21:54:10.639 DEBUG   :curobo                                  :Cache hit: curobo::kinematics::kinematics_forward_spheres_kernel<15, 32>
2026-09-12T21:54:10.640 DEBUG   :curobo                                  :Cache hit: curobo::kinematics::kinematics_backward_kernel<float, float, 16, true, false, false>
2026-09-12T21:54:10.640 DEBUG   :curobo                                  :Cache hit: curobo::trajectory::bspline::bspline_backward_kernel<3, float, (curobo::trajectory::bspline::BasisBackend)2>
2026-09-12T21:54:10.640 DEBUG   :curobo                                  :Cache hit: curobo::optimization::line_search::kernel_line_search<float, 4>
2026-09-12T21:54:10.641 DEBUG   :curobo                                  :Cache hit: curobo::optimization::kernel_lbfgs_step_shared_memory<float, false, 27>
2026-09-12T21:54:10.642 DEBUG   :curobo                                  :Cache hit: curobo::trajectory::bspline::interpolate_bspline_kernel<float, 3, (curobo::trajectory::bspline::BasisBackend)2>
2026-09-12T21:54:10.642 DEBUG   :curobo                                  :Cache hit: curobo::kinematics::kinematics_forward_spheres_kernel<15, 32>
2026-09-12T21:54:10.644 DEBUG   :curobo                                  :Cache hit: curobo::kinematics::kinematics_backward_kernel<float, float, 16, true, false, false>
2026-09-12T21:54:10.644 DEBUG   :curobo                                  :Cache hit: curobo::trajectory::bspline::bspline_backward_kernel<3, float, (curobo::trajectory::bspline::BasisBackend)2>
2026-09-12T21:54:10.644 DEBUG   :curobo                                  :Cache hit: curobo::optimization::line_search::kernel_line_search<float, 4>
2026-09-12T21:54:10.645 DEBUG   :curobo                                  :Cache hit: curobo::optimization::kernel_lbfgs_step_shared_memory<float, false, 27>
2026-09-12T21:54:10.645 DEBUG   :curobo                                  :Cache hit: curobo::trajectory::bspline::interpolate_bspline_kernel<float, 3, (curobo::trajectory::bspline::BasisBackend)2>
2026-09-12T21:54:10.646 DEBUG   :curobo                                  :Cache hit: curobo::kinematics::kinematics_forward_spheres_kernel<15, 32>
2026-09-12T21:54:10.647 DEBUG   :curobo                                  :Cache hit: curobo::kinematics::kinematics_backward_kernel<float, float, 16, true, false, false>
2026-09-12T21:54:10.648 DEBUG   :curobo                                  :Cache hit: curobo::trajectory::bspline::bspline_backward_kernel<3, float, (curobo::trajectory::bspline::BasisBackend)2>
2026-09-12T21:54:10.648 DEBUG   :curobo                                  :Cache hit: curobo::optimization::line_search::kernel_line_search<float, 4>
2026-09-12T21:54:10.648 DEBUG   :curobo                                  :Cache hit: curobo::optimization::kernel_lbfgs_step_shared_memory<float, false, 27>
2026-09-12T21:54:10.649 DEBUG   :curobo                                  :Cache hit: curobo::trajectory::bspline::interpolate_bspline_kernel<float, 3, (curobo::trajectory::bspline::BasisBackend)2>
2026-09-12T21:54:10.649 DEBUG   :curobo                                  :Cache hit: curobo::kinematics::kinematics_forward_spheres_kernel<15, 32>
2026-09-12T21:54:10.651 DEBUG   :curobo                                  :Cache hit: curobo::kinematics::kinematics_backward_kernel<float, float, 16, true, false, false>
2026-09-12T21:54:10.651 DEBUG   :curobo                                  :Cache hit: curobo::trajectory::bspline::bspline_backward_kernel<3, float, (curobo::trajectory::bspline::BasisBackend)2>
2026-09-12T21:54:10.651 DEBUG   :curobo                                  :Cache hit: curobo::optimization::line_search::kernel_line_search<float, 4>
2026-09-12T21:54:10.652 DEBUG   :curobo                                  :Cache hit: curobo::optimization::kernel_lbfgs_step_shared_memory<float, false, 27>
2026-09-12T21:54:10.652 DEBUG   :curobo                                  :Cache hit: curobo::trajectory::bspline::interpolate_bspline_kernel<float, 3, (curobo::trajectory::bspline::BasisBackend)2>
2026-09-12T21:54:10.653 DEBUG   :curobo                                  :Cache hit: curobo::kinematics::kinematics_forward_spheres_kernel<15, 32>
2026-09-12T21:54:10.654 DEBUG   :curobo                                  :Cache hit: curobo::kinematics::kinematics_backward_kernel<float, float, 16, true, false, false>
2026-09-12T21:54:10.655 DEBUG   :curobo                                  :Cache hit: curobo::trajectory::bspline::bspline_backward_kernel<3, float, (curobo::trajectory::bspline::BasisBackend)2>
2026-09-12T21:54:10.655 DEBUG   :curobo                                  :Cache hit: curobo::optimization::line_search::kernel_line_search<float, 4>
2026-09-12T21:54:10.655 DEBUG   :curobo                                  :Cache hit: curobo::optimization::kernel_lbfgs_step_shared_memory<float, false, 27>
2026-09-12T21:54:10.656 DEBUG   :curobo                                  :Cache hit: curobo::trajectory::bspline::interpolate_bspline_kernel<float, 3, (curobo::trajectory::bspline::BasisBackend)2>
2026-09-12T21:54:10.656 DEBUG   :curobo                                  :Cache hit: curobo::kinematics::kinematics_forward_spheres_kernel<15, 32>
2026-09-12T21:54:10.658 DEBUG   :curobo                                  :Cache hit: curobo::kinematics::kinematics_backward_kernel<float, float, 16, true, false, false>
2026-09-12T21:54:10.658 DEBUG   :curobo                                  :Cache hit: curobo::trajectory::bspline::bspline_backward_kernel<3, float, (curobo::trajectory::bspline::BasisBackend)2>
2026-09-12T21:54:10.659 DEBUG   :curobo                                  :Cache hit: curobo::optimization::line_search::kernel_line_search<float, 4>
2026-09-12T21:54:10.659 DEBUG   :curobo                                  :Cache hit: curobo::optimization::kernel_lbfgs_step_shared_memory<float, false, 27>
2026-09-12T21:54:10.659 DEBUG   :curobo                                  :Cache hit: curobo::trajectory::bspline::interpolate_bspline_kernel<float, 3, (curobo::trajectory::bspline::BasisBackend)2>
2026-09-12T21:54:10.660 DEBUG   :curobo                                  :Cache hit: curobo::kinematics::kinematics_forward_spheres_kernel<15, 32>
2026-09-12T21:54:10.661 DEBUG   :curobo                                  :Cache hit: curobo::kinematics::kinematics_backward_kernel<float, float, 16, true, false, false>
2026-09-12T21:54:10.662 DEBUG   :curobo                                  :Cache hit: curobo::trajectory::bspline::bspline_backward_kernel<3, float, (curobo::trajectory::bspline::BasisBackend)2>
2026-09-12T21:54:10.662 DEBUG   :curobo                                  :Cache hit: curobo::optimization::line_search::kernel_line_search<float, 4>
2026-09-12T21:54:10.662 DEBUG   :curobo                                  :Cache hit: curobo::optimization::kernel_lbfgs_step_shared_memory<float, false, 27>
2026-09-12T21:54:10.663 DEBUG   :curobo                                  :Cache hit: curobo::trajectory::bspline::interpolate_bspline_kernel<float, 3, (curobo::trajectory::bspline::BasisBackend)2>
2026-09-12T21:54:10.663 DEBUG   :curobo                                  :Cache hit: curobo::kinematics::kinematics_forward_spheres_kernel<15, 32>
2026-09-12T21:54:10.665 DEBUG   :curobo                                  :Cache hit: curobo::kinematics::kinematics_backward_kernel<float, float, 16, true, false, false>
2026-09-12T21:54:10.665 DEBUG   :curobo                                  :Cache hit: curobo::trajectory::bspline::bspline_backward_kernel<3, float, (curobo::trajectory::bspline::BasisBackend)2>
2026-09-12T21:54:10.665 DEBUG   :curobo                                  :Cache hit: curobo::optimization::line_search::kernel_line_search<float, 4>
2026-09-12T21:54:10.666 DEBUG   :curobo                                  :Cache hit: curobo::optimization::kernel_lbfgs_step_shared_memory<float, false, 27>
2026-09-12T21:54:10.666 DEBUG   :curobo                                  :Cache hit: curobo::trajectory::bspline::interpolate_bspline_kernel<float, 3, (curobo::trajectory::bspline::BasisBackend)2>
2026-09-12T21:54:10.666 DEBUG   :curobo                                  :Cache hit: curobo::kinematics::kinematics_forward_spheres_kernel<15, 32>
2026-09-12T21:54:10.668 DEBUG   :curobo                                  :Cache hit: curobo::kinematics::kinematics_backward_kernel<float, float, 16, true, false, false>
2026-09-12T21:54:10.669 DEBUG   :curobo                                  :Cache hit: curobo::trajectory::bspline::bspline_backward_kernel<3, float, (curobo::trajectory::bspline::BasisBackend)2>
2026-09-12T21:54:10.669 DEBUG   :curobo                                  :Cache hit: curobo::optimization::line_search::kernel_line_search<float, 4>
2026-09-12T21:54:10.669 DEBUG   :curobo                                  :Cache hit: curobo::optimization::kernel_lbfgs_step_shared_memory<float, false, 27>
2026-09-12T21:54:10.670 DEBUG   :curobo                                  :Cache hit: curobo::trajectory::bspline::interpolate_bspline_kernel<float, 3, (curobo::trajectory::bspline::BasisBackend)2>
2026-09-12T21:54:10.670 DEBUG   :curobo                                  :Cache hit: curobo::kinematics::kinematics_forward_spheres_kernel<15, 32>
2026-09-12T21:54:10.672 DEBUG   :curobo                                  :Cache hit: curobo::kinematics::kinematics_backward_kernel<float, float, 16, true, false, false>
2026-09-12T21:54:10.672 DEBUG   :curobo                                  :Cache hit: curobo::trajectory::bspline::bspline_backward_kernel<3, float, (curobo::trajectory::bspline::BasisBackend)2>
2026-09-12T21:54:10.673 DEBUG   :curobo                                  :Cache hit: curobo::optimization::line_search::kernel_line_search<float, 4>
2026-09-12T21:54:10.673 DEBUG   :curobo                                  :Cache hit: curobo::optimization::kernel_lbfgs_step_shared_memory<float, false, 27>
2026-09-12T21:54:10.673 DEBUG   :curobo                                  :Cache hit: curobo::trajectory::bspline::interpolate_bspline_kernel<float, 3, (curobo::trajectory::bspline::BasisBackend)2>
2026-09-12T21:54:10.674 DEBUG   :curobo                                  :Cache hit: curobo::kinematics::kinematics_forward_spheres_kernel<15, 32>
2026-09-12T21:54:10.675 DEBUG   :curobo                                  :Cache hit: curobo::kinematics::kinematics_backward_kernel<float, float, 16, true, false, false>
2026-09-12T21:54:10.676 DEBUG   :curobo                                  :Cache hit: curobo::trajectory::bspline::bspline_backward_kernel<3, float, (curobo::trajectory::bspline::BasisBackend)2>
2026-09-12T21:54:10.676 DEBUG   :curobo                                  :Cache hit: curobo::optimization::line_search::kernel_line_search<float, 4>
2026-09-12T21:54:10.676 DEBUG   :curobo                                  :Cache hit: curobo::optimization::kernel_lbfgs_step_shared_memory<float, false, 27>
2026-09-12T21:54:10.677 DEBUG   :curobo                                  :Cache hit: curobo::trajectory::bspline::interpolate_bspline_kernel<float, 3, (curobo::trajectory::bspline::BasisBackend)2>
2026-09-12T21:54:10.677 DEBUG   :curobo                                  :Cache hit: curobo::kinematics::kinematics_forward_spheres_kernel<15, 32>
2026-09-12T21:54:10.679 DEBUG   :curobo                                  :Cache hit: curobo::kinematics::kinematics_backward_kernel<float, float, 16, true, false, false>
2026-09-12T21:54:10.679 DEBUG   :curobo                                  :Cache hit: curobo::trajectory::bspline::bspline_backward_kernel<3, float, (curobo::trajectory::bspline::BasisBackend)2>
2026-09-12T21:54:10.679 DEBUG   :curobo                                  :Cache hit: curobo::optimization::line_search::kernel_line_search<float, 4>
2026-09-12T21:54:10.680 DEBUG   :curobo                                  :Cache hit: curobo::optimization::kernel_lbfgs_step_shared_memory<float, false, 27>
2026-09-12T21:54:10.680 DEBUG   :curobo                                  :Cache hit: curobo::trajectory::bspline::interpolate_bspline_kernel<float, 3, (curobo::trajectory::bspline::BasisBackend)2>
2026-09-12T21:54:10.681 DEBUG   :curobo                                  :Cache hit: curobo::kinematics::kinematics_forward_spheres_kernel<15, 32>
2026-09-12T21:54:10.682 DEBUG   :curobo                                  :Cache hit: curobo::kinematics::kinematics_backward_kernel<float, float, 16, true, false, false>
2026-09-12T21:54:10.683 DEBUG   :curobo                                  :Cache hit: curobo::trajectory::bspline::bspline_backward_kernel<3, float, (curobo::trajectory::bspline::BasisBackend)2>
2026-09-12T21:54:10.683 DEBUG   :curobo                                  :Cache hit: curobo::optimization::line_search::kernel_line_search<float, 4>
2026-09-12T21:54:10.683 DEBUG   :curobo                                  :Cache hit: curobo::optimization::kernel_lbfgs_step_shared_memory<float, false, 27>
2026-09-12T21:54:10.684 DEBUG   :curobo                                  :Cache hit: curobo::trajectory::bspline::interpolate_bspline_kernel<float, 3, (curobo::trajectory::bspline::BasisBackend)2>
2026-09-12T21:54:10.684 DEBUG   :curobo                                  :Cache hit: curobo::kinematics::kinematics_forward_spheres_kernel<15, 32>
2026-09-12T21:54:10.686 DEBUG   :curobo                                  :Cache hit: curobo::kinematics::kinematics_backward_kernel<float, float, 16, true, false, false>
2026-09-12T21:54:10.686 DEBUG   :curobo                                  :Cache hit: curobo::trajectory::bspline::bspline_backward_kernel<3, float, (curobo::trajectory::bspline::BasisBackend)2>
2026-09-12T21:54:10.686 DEBUG   :curobo                                  :Cache hit: curobo::optimization::line_search::kernel_line_search<float, 4>
2026-09-12T21:54:10.687 DEBUG   :curobo                                  :Cache hit: curobo::optimization::kernel_lbfgs_step_shared_memory<float, false, 27>
2026-09-12T21:54:10.687 DEBUG   :curobo                                  :Cache hit: curobo::trajectory::bspline::interpolate_bspline_kernel<float, 3, (curobo::trajectory::bspline::BasisBackend)2>
2026-09-12T21:54:10.688 DEBUG   :curobo                                  :Cache hit: curobo::kinematics::kinematics_forward_spheres_kernel<15, 32>
2026-09-12T21:54:10.689 DEBUG   :curobo                                  :Cache hit: curobo::kinematics::kinematics_backward_kernel<float, float, 16, true, false, false>
2026-09-12T21:54:10.689 DEBUG   :curobo                                  :Cache hit: curobo::trajectory::bspline::bspline_backward_kernel<3, float, (curobo::trajectory::bspline::BasisBackend)2>
2026-09-12T21:54:10.690 DEBUG   :curobo                                  :Cache hit: curobo::optimization::line_search::kernel_line_search<float, 4>
2026-09-12T21:54:10.690 DEBUG   :curobo                                  :Cache hit: curobo::optimization::kernel_lbfgs_step_shared_memory<float, false, 27>
2026-09-12T21:54:10.691 DEBUG   :curobo                                  :Cache hit: curobo::trajectory::bspline::interpolate_bspline_kernel<float, 3, (curobo::trajectory::bspline::BasisBackend)2>
2026-09-12T21:54:10.691 DEBUG   :curobo                                  :Cache hit: curobo::kinematics::kinematics_forward_spheres_kernel<15, 32>
2026-09-12T21:54:10.692 DEBUG   :curobo                                  :Cache hit: curobo::kinematics::kinematics_backward_kernel<float, float, 16, true, false, false>
2026-09-12T21:54:10.693 DEBUG   :curobo                                  :Cache hit: curobo::trajectory::bspline::bspline_backward_kernel<3, float, (curobo::trajectory::bspline::BasisBackend)2>
2026-09-12T21:54:10.693 DEBUG   :curobo                                  :Cache hit: curobo::optimization::line_search::kernel_line_search<float, 4>
2026-09-12T21:54:10.693 DEBUG   :curobo                                  :Cache hit: curobo::optimization::kernel_lbfgs_step_shared_memory<float, false, 27>
2026-09-12T21:54:10.694 DEBUG   :curobo                                  :Cache hit: curobo::trajectory::bspline::interpolate_bspline_kernel<float, 3, (curobo::trajectory::bspline::BasisBackend)2>
2026-09-12T21:54:10.694 DEBUG   :curobo                                  :Cache hit: curobo::kinematics::kinematics_forward_spheres_kernel<15, 32>
2026-09-12T21:54:10.695 DEBUG   :curobo                                  :Cache hit: curobo::kinematics::kinematics_backward_kernel<float, float, 16, true, false, false>
2026-09-12T21:54:10.695 DEBUG   :curobo                                  :Cache hit: curobo::trajectory::bspline::bspline_backward_kernel<3, float, (curobo::trajectory::bspline::BasisBackend)2>
2026-09-12T21:54:10.696 DEBUG   :curobo                                  :Cache hit: curobo::optimization::line_search::kernel_line_search<float, 4>
2026-09-12T21:54:10.696 DEBUG   :curobo                                  :Cache hit: curobo::optimization::kernel_lbfgs_step_shared_memory<float, false, 27>
2026-09-12T21:54:10.697 DEBUG   :curobo                                  :Cache hit: curobo::trajectory::bspline::interpolate_bspline_kernel<float, 3, (curobo::trajectory::bspline::BasisBackend)2>
2026-09-12T21:54:10.697 DEBUG   :curobo                                  :Cache hit: curobo::kinematics::kinematics_forward_spheres_kernel<15, 32>
2026-09-12T21:54:10.699 DEBUG   :curobo                                  :Cache hit: curobo::kinematics::kinematics_backward_kernel<float, float, 16, true, false, false>
2026-09-12T21:54:10.700 DEBUG   :curobo                                  :Cache hit: curobo::trajectory::bspline::bspline_backward_kernel<3, float, (curobo::trajectory::bspline::BasisBackend)2>
2026-09-12T21:54:10.700 DEBUG   :curobo                                  :Cache hit: curobo::optimization::line_search::kernel_line_search<float, 4>
2026-09-12T21:54:10.700 DEBUG   :curobo                                  :Cache hit: curobo::optimization::kernel_lbfgs_step_shared_memory<float, false, 27>
2026-09-12T21:54:10.701 DEBUG   :curobo                                  :Cache hit: curobo::trajectory::bspline::interpolate_bspline_kernel<float, 3, (curobo::trajectory::bspline::BasisBackend)2>
2026-09-12T21:54:10.701 DEBUG   :curobo                                  :Cache hit: curobo::kinematics::kinematics_forward_spheres_kernel<15, 32>
2026-09-12T21:54:10.704 DEBUG   :curobo                                  :Cache hit: curobo::kinematics::kinematics_backward_kernel<float, float, 16, true, false, false>
2026-09-12T21:54:10.704 DEBUG   :curobo                                  :Cache hit: curobo::trajectory::bspline::bspline_backward_kernel<3, float, (curobo::trajectory::bspline::BasisBackend)2>
2026-09-12T21:54:10.705 DEBUG   :curobo                                  :Cache hit: curobo::optimization::line_search::kernel_line_search<float, 4>
2026-09-12T21:54:10.705 DEBUG   :curobo                                  :Cache hit: curobo::optimization::kernel_lbfgs_step_shared_memory<float, false, 27>
2026-09-12T21:54:10.706 DEBUG   :curobo                                  :Cache hit: curobo::trajectory::bspline::interpolate_bspline_kernel<float, 3, (curobo::trajectory::bspline::BasisBackend)2>
2026-09-12T21:54:10.706 DEBUG   :curobo                                  :Cache hit: curobo::kinematics::kinematics_forward_spheres_kernel<15, 32>
2026-09-12T21:54:10.708 DEBUG   :curobo                                  :Cache hit: curobo::kinematics::kinematics_backward_kernel<float, float, 16, true, false, false>
2026-09-12T21:54:10.708 DEBUG   :curobo                                  :Cache hit: curobo::trajectory::bspline::bspline_backward_kernel<3, float, (curobo::trajectory::bspline::BasisBackend)2>
2026-09-12T21:54:10.708 DEBUG   :curobo                                  :Cache hit: curobo::optimization::line_search::kernel_line_search<float, 4>
2026-09-12T21:54:10.709 DEBUG   :curobo                                  :Cache hit: curobo::optimization::kernel_lbfgs_step_shared_memory<float, false, 27>
2026-09-12T21:54:10.709 DEBUG   :curobo                                  :Cache hit: curobo::trajectory::bspline::interpolate_bspline_kernel<float, 3, (curobo::trajectory::bspline::BasisBackend)2>
2026-09-12T21:54:10.710 DEBUG   :curobo                                  :Cache hit: curobo::kinematics::kinematics_forward_spheres_kernel<15, 32>
2026-09-12T21:54:10.711 DEBUG   :curobo                                  :Cache hit: curobo::kinematics::kinematics_backward_kernel<float, float, 16, true, false, false>
2026-09-12T21:54:10.712 DEBUG   :curobo                                  :Cache hit: curobo::trajectory::bspline::bspline_backward_kernel<3, float, (curobo::trajectory::bspline::BasisBackend)2>
2026-09-12T21:54:10.712 DEBUG   :curobo                                  :Cache hit: curobo::optimization::line_search::kernel_line_search<float, 4>
2026-09-12T21:54:10.712 DEBUG   :curobo                                  :Cache hit: curobo::optimization::kernel_lbfgs_step_shared_memory<float, false, 27>
2026-09-12T21:54:10.713 DEBUG   :curobo                                  :Cache hit: curobo::trajectory::bspline::interpolate_bspline_kernel<float, 3, (curobo::trajectory::bspline::BasisBackend)2>
2026-09-12T21:54:10.713 DEBUG   :curobo                                  :Cache hit: curobo::kinematics::kinematics_forward_spheres_kernel<15, 32>
2026-09-12T21:54:10.715 DEBUG   :curobo                                  :Cache hit: curobo::kinematics::kinematics_backward_kernel<float, float, 16, true, false, false>
2026-09-12T21:54:10.715 DEBUG   :curobo                                  :Cache hit: curobo::trajectory::bspline::bspline_backward_kernel<3, float, (curobo::trajectory::bspline::BasisBackend)2>
2026-09-12T21:54:10.716 DEBUG   :curobo                                  :Cache hit: curobo::optimization::line_search::kernel_line_search<float, 4>
2026-09-12T21:54:10.716 DEBUG   :curobo                                  :Cache hit: curobo::optimization::kernel_lbfgs_step_shared_memory<float, false, 27>
2026-09-12T21:54:10.717 DEBUG   :curobo                                  :Cache hit: curobo::trajectory::bspline::interpolate_bspline_kernel<float, 3, (curobo::trajectory::bspline::BasisBackend)2>
2026-09-12T21:54:10.717 DEBUG   :curobo                                  :Cache hit: curobo::kinematics::kinematics_forward_spheres_kernel<15, 32>
2026-09-12T21:54:10.719 DEBUG   :curobo                                  :Cache hit: curobo::kinematics::kinematics_backward_kernel<float, float, 16, true, false, false>
2026-09-12T21:54:10.719 DEBUG   :curobo                                  :Cache hit: curobo::trajectory::bspline::bspline_backward_kernel<3, float, (curobo::trajectory::bspline::BasisBackend)2>
2026-09-12T21:54:10.719 DEBUG   :curobo                                  :Cache hit: curobo::optimization::line_search::kernel_line_search<float, 4>
2026-09-12T21:54:10.719 DEBUG   :curobo                                  :Cache hit: curobo::optimization::kernel_lbfgs_step_shared_memory<float, false, 27>
2026-09-12T21:54:10.720 DEBUG   :curobo                                  :Cache hit: curobo::trajectory::bspline::interpolate_bspline_kernel<float, 3, (curobo::trajectory::bspline::BasisBackend)2>
2026-09-12T21:54:10.720 DEBUG   :curobo                                  :Cache hit: curobo::kinematics::kinematics_forward_spheres_kernel<15, 32>
2026-09-12T21:54:10.723 DEBUG   :curobo                                  :Cache hit: curobo::kinematics::kinematics_backward_kernel<float, float, 16, true, false, false>
2026-09-12T21:54:10.723 DEBUG   :curobo                                  :Cache hit: curobo::trajectory::bspline::bspline_backward_kernel<3, float, (curobo::trajectory::bspline::BasisBackend)2>
2026-09-12T21:54:10.724 DEBUG   :curobo                                  :Cache hit: curobo::optimization::line_search::kernel_line_search<float, 4>
2026-09-12T21:54:10.724 DEBUG   :curobo                                  :Cache hit: curobo::optimization::kernel_lbfgs_step_shared_memory<float, false, 27>
2026-09-12T21:54:10.724 DEBUG   :curobo                                  :Cache hit: curobo::trajectory::bspline::interpolate_bspline_kernel<float, 3, (curobo::trajectory::bspline::BasisBackend)2>
2026-09-12T21:54:10.725 DEBUG   :curobo                                  :Cache hit: curobo::kinematics::kinematics_forward_spheres_kernel<15, 32>
2026-09-12T21:54:10.726 DEBUG   :curobo                                  :Cache hit: curobo::kinematics::kinematics_backward_kernel<float, float, 16, true, false, false>
2026-09-12T21:54:10.726 DEBUG   :curobo                                  :Cache hit: curobo::trajectory::bspline::bspline_backward_kernel<3, float, (curobo::trajectory::bspline::BasisBackend)2>
2026-09-12T21:54:10.726 DEBUG   :curobo                                  :Cache hit: curobo::optimization::line_search::kernel_line_search<float, 4>
2026-09-12T21:54:10.726 DEBUG   :curobo                                  :Cache hit: curobo::optimization::kernel_lbfgs_step_shared_memory<float, false, 27>
2026-09-12T21:54:10.727 DEBUG   :curobo                                  :Cache hit: curobo::trajectory::bspline::interpolate_bspline_kernel<float, 3, (curobo::trajectory::bspline::BasisBackend)2>
2026-09-12T21:54:10.727 DEBUG   :curobo                                  :Cache hit: curobo::kinematics::kinematics_forward_spheres_kernel<15, 32>
2026-09-12T21:54:10.728 DEBUG   :curobo                                  :Cache hit: curobo::kinematics::kinematics_backward_kernel<float, float, 16, true, false, false>
2026-09-12T21:54:10.729 DEBUG   :curobo                                  :Cache hit: curobo::trajectory::bspline::bspline_backward_kernel<3, float, (curobo::trajectory::bspline::BasisBackend)2>
2026-09-12T21:54:10.729 DEBUG   :curobo                                  :Cache hit: curobo::optimization::line_search::kernel_line_search<float, 4>
2026-09-12T21:54:10.729 DEBUG   :curobo                                  :Cache hit: curobo::optimization::kernel_lbfgs_step_shared_memory<float, false, 27>
2026-09-12T21:54:10.730 DEBUG   :curobo                                  :Cache hit: curobo::trajectory::bspline::interpolate_bspline_kernel<float, 3, (curobo::trajectory::bspline::BasisBackend)2>
2026-09-12T21:54:10.730 DEBUG   :curobo                                  :Cache hit: curobo::kinematics::kinematics_forward_spheres_kernel<15, 32>
2026-09-12T21:54:10.732 DEBUG   :curobo                                  :Cache hit: curobo::kinematics::kinematics_backward_kernel<float, float, 16, true, false, false>
2026-09-12T21:54:10.732 DEBUG   :curobo                                  :Cache hit: curobo::trajectory::bspline::bspline_backward_kernel<3, float, (curobo::trajectory::bspline::BasisBackend)2>
2026-09-12T21:54:10.732 DEBUG   :curobo                                  :Cache hit: curobo::optimization::line_search::kernel_line_search<float, 4>
2026-09-12T21:54:10.732 DEBUG   :curobo                                  :Cache hit: curobo::optimization::kernel_lbfgs_step_shared_memory<float, false, 27>
2026-09-12T21:54:10.733 DEBUG   :curobo                                  :Cache hit: curobo::trajectory::bspline::interpolate_bspline_kernel<float, 3, (curobo::trajectory::bspline::BasisBackend)2>
2026-09-12T21:54:10.733 DEBUG   :curobo                                  :Cache hit: curobo::kinematics::kinematics_forward_spheres_kernel<15, 32>
2026-09-12T21:54:10.735 DEBUG   :curobo                                  :Cache hit: curobo::kinematics::kinematics_backward_kernel<float, float, 16, true, false, false>
2026-09-12T21:54:10.735 DEBUG   :curobo                                  :Cache hit: curobo::trajectory::bspline::bspline_backward_kernel<3, float, (curobo::trajectory::bspline::BasisBackend)2>
2026-09-12T21:54:10.736 DEBUG   :curobo                                  :Cache hit: curobo::optimization::line_search::kernel_line_search<float, 4>
2026-09-12T21:54:10.736 DEBUG   :curobo                                  :Cache hit: curobo::optimization::kernel_lbfgs_step_shared_memory<float, false, 27>
2026-09-12T21:54:10.737 DEBUG   :curobo                                  :Cache hit: curobo::trajectory::bspline::interpolate_bspline_kernel<float, 3, (curobo::trajectory::bspline::BasisBackend)2>
2026-09-12T21:54:10.737 DEBUG   :curobo                                  :Cache hit: curobo::kinematics::kinematics_forward_spheres_kernel<15, 32>
2026-09-12T21:54:10.740 DEBUG   :curobo                                  :Cache hit: curobo::kinematics::kinematics_backward_kernel<float, float, 16, true, false, false>
2026-09-12T21:54:10.740 DEBUG   :curobo                                  :Cache hit: curobo::trajectory::bspline::bspline_backward_kernel<3, float, (curobo::trajectory::bspline::BasisBackend)2>
2026-09-12T21:54:10.740 DEBUG   :curobo                                  :Cache hit: curobo::optimization::line_search::kernel_line_search<float, 4>
2026-09-12T21:54:10.741 DEBUG   :curobo                                  :Cache hit: curobo::optimization::kernel_lbfgs_step_shared_memory<float, false, 27>
2026-09-12T21:54:10.742 DEBUG   :curobo                                  :Cache hit: curobo::trajectory::bspline::interpolate_bspline_kernel<float, 3, (curobo::trajectory::bspline::BasisBackend)2>
2026-09-12T21:54:10.742 DEBUG   :curobo                                  :Cache hit: curobo::kinematics::kinematics_forward_spheres_kernel<15, 32>
2026-09-12T21:54:10.744 DEBUG   :curobo                                  :Cache hit: curobo::kinematics::kinematics_backward_kernel<float, float, 16, true, false, false>
2026-09-12T21:54:10.744 DEBUG   :curobo                                  :Cache hit: curobo::trajectory::bspline::bspline_backward_kernel<3, float, (curobo::trajectory::bspline::BasisBackend)2>
2026-09-12T21:54:10.744 DEBUG   :curobo                                  :Cache hit: curobo::optimization::line_search::kernel_line_search<float, 4>
2026-09-12T21:54:10.745 DEBUG   :curobo                                  :Cache hit: curobo::optimization::kernel_lbfgs_step_shared_memory<float, false, 27>
2026-09-12T21:54:10.745 DEBUG   :curobo                                  :Cache hit: curobo::trajectory::bspline::interpolate_bspline_kernel<float, 3, (curobo::trajectory::bspline::BasisBackend)2>
2026-09-12T21:54:10.746 DEBUG   :curobo                                  :Cache hit: curobo::kinematics::kinematics_forward_spheres_kernel<15, 32>
2026-09-12T21:54:10.747 DEBUG   :curobo                                  :Cache hit: curobo::kinematics::kinematics_backward_kernel<float, float, 16, true, false, false>
2026-09-12T21:54:10.747 DEBUG   :curobo                                  :Cache hit: curobo::trajectory::bspline::bspline_backward_kernel<3, float, (curobo::trajectory::bspline::BasisBackend)2>
2026-09-12T21:54:10.748 DEBUG   :curobo                                  :Cache hit: curobo::optimization::line_search::kernel_line_search<float, 4>
2026-09-12T21:54:10.748 DEBUG   :curobo                                  :Cache hit: curobo::optimization::kernel_lbfgs_step_shared_memory<float, false, 27>
2026-09-12T21:54:10.749 DEBUG   :curobo                                  :Cache hit: curobo::trajectory::bspline::interpolate_bspline_kernel<float, 3, (curobo::trajectory::bspline::BasisBackend)2>
2026-09-12T21:54:10.749 DEBUG   :curobo                                  :Cache hit: curobo::kinematics::kinematics_forward_spheres_kernel<15, 32>
2026-09-12T21:54:10.751 DEBUG   :curobo                                  :Cache hit: curobo::kinematics::kinematics_backward_kernel<float, float, 16, true, false, false>
2026-09-12T21:54:10.751 DEBUG   :curobo                                  :Cache hit: curobo::trajectory::bspline::bspline_backward_kernel<3, float, (curobo::trajectory::bspline::BasisBackend)2>
2026-09-12T21:54:10.751 DEBUG   :curobo                                  :Cache hit: curobo::optimization::line_search::kernel_line_search<float, 4>
2026-09-12T21:54:10.751 DEBUG   :curobo                                  :Cache hit: curobo::optimization::kernel_lbfgs_step_shared_memory<float, false, 27>
2026-09-12T21:54:10.752 DEBUG   :curobo                                  :Cache hit: curobo::trajectory::bspline::interpolate_bspline_kernel<float, 3, (curobo::trajectory::bspline::BasisBackend)2>
2026-09-12T21:54:10.752 DEBUG   :curobo                                  :Cache hit: curobo::kinematics::kinematics_forward_spheres_kernel<15, 32>
2026-09-12T21:54:10.754 DEBUG   :curobo                                  :Cache hit: curobo::kinematics::kinematics_backward_kernel<float, float, 16, true, false, false>
2026-09-12T21:54:10.754 DEBUG   :curobo                                  :Cache hit: curobo::trajectory::bspline::bspline_backward_kernel<3, float, (curobo::trajectory::bspline::BasisBackend)2>
2026-09-12T21:54:10.754 DEBUG   :curobo                                  :Cache hit: curobo::optimization::line_search::kernel_line_search<float, 4>
2026-09-12T21:54:10.755 DEBUG   :curobo                                  :Cache hit: curobo::optimization::kernel_lbfgs_step_shared_memory<float, false, 27>
2026-09-12T21:54:10.755 DEBUG   :curobo                                  :Cache hit: curobo::trajectory::bspline::interpolate_bspline_kernel<float, 3, (curobo::trajectory::bspline::BasisBackend)2>
2026-09-12T21:54:10.756 DEBUG   :curobo                                  :Cache hit: curobo::kinematics::kinematics_forward_spheres_kernel<15, 32>
2026-09-12T21:54:10.757 DEBUG   :curobo                                  :Cache hit: curobo::kinematics::kinematics_backward_kernel<float, float, 16, true, false, false>
2026-09-12T21:54:10.758 DEBUG   :curobo                                  :Cache hit: curobo::trajectory::bspline::bspline_backward_kernel<3, float, (curobo::trajectory::bspline::BasisBackend)2>
2026-09-12T21:54:10.758 DEBUG   :curobo                                  :Cache hit: curobo::optimization::line_search::kernel_line_search<float, 4>
2026-09-12T21:54:10.758 DEBUG   :curobo                                  :Cache hit: curobo::optimization::kernel_lbfgs_step_shared_memory<float, false, 27>
2026-09-12T21:54:10.759 DEBUG   :curobo                                  :Cache hit: curobo::trajectory::bspline::interpolate_bspline_kernel<float, 3, (curobo::trajectory::bspline::BasisBackend)2>
2026-09-12T21:54:10.759 DEBUG   :curobo                                  :Cache hit: curobo::kinematics::kinematics_forward_spheres_kernel<15, 32>
2026-09-12T21:54:10.761 DEBUG   :curobo                                  :Cache hit: curobo::kinematics::kinematics_backward_kernel<float, float, 16, true, false, false>
2026-09-12T21:54:10.761 DEBUG   :curobo                                  :Cache hit: curobo::trajectory::bspline::bspline_backward_kernel<3, float, (curobo::trajectory::bspline::BasisBackend)2>
2026-09-12T21:54:10.762 DEBUG   :curobo                                  :Cache hit: curobo::optimization::line_search::kernel_line_search<float, 4>
2026-09-12T21:54:10.762 DEBUG   :curobo                                  :Cache hit: curobo::optimization::kernel_lbfgs_step_shared_memory<float, false, 27>
2026-09-12T21:54:10.763 DEBUG   :curobo                                  :Cache hit: curobo::trajectory::bspline::interpolate_bspline_kernel<float, 3, (curobo::trajectory::bspline::BasisBackend)2>
2026-09-12T21:54:10.763 DEBUG   :curobo                                  :Cache hit: curobo::kinematics::kinematics_forward_spheres_kernel<15, 32>
2026-09-12T21:54:10.767 DEBUG   :curobo                                  :Cache hit: curobo::kinematics::kinematics_backward_kernel<float, float, 16, true, false, false>
2026-09-12T21:54:10.767 DEBUG   :curobo                                  :Cache hit: curobo::trajectory::bspline::bspline_backward_kernel<3, float, (curobo::trajectory::bspline::BasisBackend)2>
2026-09-12T21:54:10.768 DEBUG   :curobo                                  :Cache hit: curobo::optimization::line_search::kernel_line_search<float, 4>
2026-09-12T21:54:10.768 DEBUG   :curobo                                  :Cache hit: curobo::optimization::kernel_lbfgs_step_shared_memory<float, false, 27>
2026-09-12T21:54:10.769 DEBUG   :curobo                                  :Cache hit: curobo::trajectory::bspline::interpolate_bspline_kernel<float, 3, (curobo::trajectory::bspline::BasisBackend)2>
2026-09-12T21:54:10.770 DEBUG   :curobo                                  :Cache hit: curobo::kinematics::kinematics_forward_spheres_kernel<15, 32>
2026-09-12T21:54:10.771 DEBUG   :curobo                                  :Cache hit: curobo::kinematics::kinematics_backward_kernel<float, float, 16, true, false, false>
2026-09-12T21:54:10.772 DEBUG   :curobo                                  :Cache hit: curobo::trajectory::bspline::bspline_backward_kernel<3, float, (curobo::trajectory::bspline::BasisBackend)2>
2026-09-12T21:54:10.772 DEBUG   :curobo                                  :Cache hit: curobo::optimization::line_search::kernel_line_search<float, 4>
2026-09-12T21:54:10.772 DEBUG   :curobo                                  :Cache hit: curobo::optimization::kernel_lbfgs_step_shared_memory<float, false, 27>
2026-09-12T21:54:10.773 DEBUG   :curobo                                  :Cache hit: curobo::trajectory::bspline::interpolate_bspline_kernel<float, 3, (curobo::trajectory::bspline::BasisBackend)2>
2026-09-12T21:54:10.773 DEBUG   :curobo                                  :Cache hit: curobo::kinematics::kinematics_forward_spheres_kernel<15, 32>
2026-09-12T21:54:10.775 DEBUG   :curobo                                  :Cache hit: curobo::kinematics::kinematics_backward_kernel<float, float, 16, true, false, false>
2026-09-12T21:54:10.775 DEBUG   :curobo                                  :Cache hit: curobo::trajectory::bspline::bspline_backward_kernel<3, float, (curobo::trajectory::bspline::BasisBackend)2>
2026-09-12T21:54:10.776 DEBUG   :curobo                                  :Cache hit: curobo::optimization::line_search::kernel_line_search<float, 4>
2026-09-12T21:54:10.776 DEBUG   :curobo                                  :Cache hit: curobo::optimization::kernel_lbfgs_step_shared_memory<float, false, 27>
2026-09-12T21:54:10.776 DEBUG   :curobo                                  :Cache hit: curobo::trajectory::bspline::interpolate_bspline_kernel<float, 3, (curobo::trajectory::bspline::BasisBackend)2>
2026-09-12T21:54:10.777 DEBUG   :curobo                                  :Cache hit: curobo::kinematics::kinematics_forward_spheres_kernel<15, 32>
2026-09-12T21:54:10.778 DEBUG   :curobo                                  :Cache hit: curobo::kinematics::kinematics_backward_kernel<float, float, 16, true, false, false>
2026-09-12T21:54:10.779 DEBUG   :curobo                                  :Cache hit: curobo::trajectory::bspline::bspline_backward_kernel<3, float, (curobo::trajectory::bspline::BasisBackend)2>
2026-09-12T21:54:10.779 DEBUG   :curobo                                  :Cache hit: curobo::optimization::line_search::kernel_line_search<float, 4>
2026-09-12T21:54:10.779 DEBUG   :curobo                                  :Cache hit: curobo::optimization::kernel_lbfgs_step_shared_memory<float, false, 27>
2026-09-12T21:54:10.780 DEBUG   :curobo                                  :Cache hit: curobo::trajectory::bspline::interpolate_bspline_kernel<float, 3, (curobo::trajectory::bspline::BasisBackend)2>
2026-09-12T21:54:10.780 DEBUG   :curobo                                  :Cache hit: curobo::kinematics::kinematics_forward_spheres_kernel<15, 32>
2026-09-12T21:54:10.782 DEBUG   :curobo                                  :Cache hit: curobo::kinematics::kinematics_backward_kernel<float, float, 16, true, false, false>
2026-09-12T21:54:10.782 DEBUG   :curobo                                  :Cache hit: curobo::trajectory::bspline::bspline_backward_kernel<3, float, (curobo::trajectory::bspline::BasisBackend)2>
2026-09-12T21:54:10.782 DEBUG   :curobo                                  :Cache hit: curobo::optimization::line_search::kernel_line_search<float, 4>
2026-09-12T21:54:10.783 DEBUG   :curobo                                  :Cache hit: curobo::optimization::kernel_lbfgs_step_shared_memory<float, false, 27>
2026-09-12T21:54:10.783 DEBUG   :curobo                                  :Cache hit: curobo::trajectory::bspline::interpolate_bspline_kernel<float, 3, (curobo::trajectory::bspline::BasisBackend)2>
2026-09-12T21:54:10.784 DEBUG   :curobo                                  :Cache hit: curobo::kinematics::kinematics_forward_spheres_kernel<15, 32>
2026-09-12T21:54:10.785 DEBUG   :curobo                                  :Cache hit: curobo::kinematics::kinematics_backward_kernel<float, float, 16, true, false, false>
2026-09-12T21:54:10.785 DEBUG   :curobo                                  :Cache hit: curobo::trajectory::bspline::bspline_backward_kernel<3, float, (curobo::trajectory::bspline::BasisBackend)2>
2026-09-12T21:54:10.786 DEBUG   :curobo                                  :Cache hit: curobo::optimization::line_search::kernel_line_search<float, 4>
2026-09-12T21:54:10.786 DEBUG   :curobo                                  :Cache hit: curobo::optimization::kernel_lbfgs_step_shared_memory<float, false, 27>
2026-09-12T21:54:10.787 DEBUG   :curobo                                  :Cache hit: curobo::trajectory::bspline::interpolate_bspline_kernel<float, 3, (curobo::trajectory::bspline::BasisBackend)2>
2026-09-12T21:54:10.787 DEBUG   :curobo                                  :Cache hit: curobo::kinematics::kinematics_forward_spheres_kernel<15, 32>
2026-09-12T21:54:10.789 DEBUG   :curobo                                  :Cache hit: curobo::kinematics::kinematics_backward_kernel<float, float, 16, true, false, false>
2026-09-12T21:54:10.789 DEBUG   :curobo                                  :Cache hit: curobo::trajectory::bspline::bspline_backward_kernel<3, float, (curobo::trajectory::bspline::BasisBackend)2>
2026-09-12T21:54:10.789 DEBUG   :curobo                                  :Cache hit: curobo::optimization::line_search::kernel_line_search<float, 4>
2026-09-12T21:54:10.790 DEBUG   :curobo                                  :Cache hit: curobo::optimization::kernel_lbfgs_step_shared_memory<float, false, 27>
2026-09-12T21:54:10.790 DEBUG   :curobo                                  :Cache hit: curobo::trajectory::bspline::interpolate_bspline_kernel<float, 3, (curobo::trajectory::bspline::BasisBackend)2>
2026-09-12T21:54:10.790 DEBUG   :curobo                                  :Cache hit: curobo::kinematics::kinematics_forward_spheres_kernel<15, 32>
2026-09-12T21:54:10.792 DEBUG   :curobo                                  :Cache hit: curobo::kinematics::kinematics_backward_kernel<float, float, 16, true, false, false>
2026-09-12T21:54:10.792 DEBUG   :curobo                                  :Cache hit: curobo::trajectory::bspline::bspline_backward_kernel<3, float, (curobo::trajectory::bspline::BasisBackend)2>
2026-09-12T21:54:10.793 DEBUG   :curobo                                  :Cache hit: curobo::optimization::line_search::kernel_line_search<float, 4>
2026-09-12T21:54:10.793 DEBUG   :curobo                                  :Cache hit: curobo::optimization::kernel_lbfgs_step_shared_memory<float, false, 27>
2026-09-12T21:54:10.794 DEBUG   :curobo                                  :Cache hit: curobo::trajectory::bspline::interpolate_bspline_kernel<float, 3, (curobo::trajectory::bspline::BasisBackend)2>
2026-09-12T21:54:10.794 DEBUG   :curobo                                  :Cache hit: curobo::kinematics::kinematics_forward_spheres_kernel<15, 32>
2026-09-12T21:54:10.796 DEBUG   :curobo                                  :Cache hit: curobo::kinematics::kinematics_backward_kernel<float, float, 16, true, false, false>
2026-09-12T21:54:10.796 DEBUG   :curobo                                  :Cache hit: curobo::trajectory::bspline::bspline_backward_kernel<3, float, (curobo::trajectory::bspline::BasisBackend)2>
2026-09-12T21:54:10.796 DEBUG   :curobo                                  :Cache hit: curobo::optimization::line_search::kernel_line_search<float, 4>
2026-09-12T21:54:10.797 DEBUG   :curobo                                  :Cache hit: curobo::optimization::kernel_lbfgs_step_shared_memory<float, false, 27>
2026-09-12T21:54:10.797 DEBUG   :curobo                                  :Cache hit: curobo::trajectory::bspline::interpolate_bspline_kernel<float, 3, (curobo::trajectory::bspline::BasisBackend)2>
2026-09-12T21:54:10.798 DEBUG   :curobo                                  :Cache hit: curobo::kinematics::kinematics_forward_spheres_kernel<15, 32>
2026-09-12T21:54:10.799 DEBUG   :curobo                                  :Cache hit: curobo::kinematics::kinematics_backward_kernel<float, float, 16, true, false, false>
2026-09-12T21:54:10.799 DEBUG   :curobo                                  :Cache hit: curobo::trajectory::bspline::bspline_backward_kernel<3, float, (curobo::trajectory::bspline::BasisBackend)2>
2026-09-12T21:54:10.800 DEBUG   :curobo                                  :Cache hit: curobo::optimization::line_search::kernel_line_search<float, 4>
2026-09-12T21:54:10.800 DEBUG   :curobo                                  :Cache hit: curobo::optimization::kernel_lbfgs_step_shared_memory<float, false, 27>
2026-09-12T21:54:10.801 DEBUG   :curobo                                  :Cache hit: curobo::trajectory::bspline::interpolate_bspline_kernel<float, 3, (curobo::trajectory::bspline::BasisBackend)2>
2026-09-12T21:54:10.801 DEBUG   :curobo                                  :Cache hit: curobo::kinematics::kinematics_forward_spheres_kernel<15, 32>
2026-09-12T21:54:10.803 DEBUG   :curobo                                  :Cache hit: curobo::kinematics::kinematics_backward_kernel<float, float, 16, true, false, false>
2026-09-12T21:54:10.803 DEBUG   :curobo                                  :Cache hit: curobo::trajectory::bspline::bspline_backward_kernel<3, float, (curobo::trajectory::bspline::BasisBackend)2>
2026-09-12T21:54:10.803 DEBUG   :curobo                                  :Cache hit: curobo::optimization::line_search::kernel_line_search<float, 4>
2026-09-12T21:54:10.804 DEBUG   :curobo                                  :Cache hit: curobo::optimization::kernel_lbfgs_step_shared_memory<float, false, 27>
2026-09-12T21:54:10.805 DEBUG   :curobo                                  :Cache hit: curobo::trajectory::bspline::interpolate_bspline_kernel<float, 3, (curobo::trajectory::bspline::BasisBackend)2>
2026-09-12T21:54:10.805 DEBUG   :curobo                                  :Cache hit: curobo::kinematics::kinematics_forward_spheres_kernel<15, 32>
2026-09-12T21:54:10.806 DEBUG   :curobo                                  :Cache hit: curobo::kinematics::kinematics_backward_kernel<float, float, 16, true, false, false>
2026-09-12T21:54:10.807 DEBUG   :curobo                                  :Cache hit: curobo::trajectory::bspline::bspline_backward_kernel<3, float, (curobo::trajectory::bspline::BasisBackend)2>
2026-09-12T21:54:10.807 DEBUG   :curobo                                  :Cache hit: curobo::optimization::line_search::kernel_line_search<float, 4>
2026-09-12T21:54:10.807 DEBUG   :curobo                                  :Cache hit: curobo::optimization::kernel_lbfgs_step_shared_memory<float, false, 27>
2026-09-12T21:54:10.807 DEBUG   :curobo                                  :Cache hit: curobo::trajectory::bspline::interpolate_bspline_kernel<float, 3, (curobo::trajectory::bspline::BasisBackend)2>
2026-09-12T21:54:10.808 DEBUG   :curobo                                  :Cache hit: curobo::kinematics::kinematics_forward_spheres_kernel<15, 32>
2026-09-12T21:54:10.809 DEBUG   :curobo                                  :Cache hit: curobo::kinematics::kinematics_backward_kernel<float, float, 16, true, false, false>
2026-09-12T21:54:10.809 DEBUG   :curobo                                  :Cache hit: curobo::trajectory::bspline::bspline_backward_kernel<3, float, (curobo::trajectory::bspline::BasisBackend)2>
2026-09-12T21:54:10.809 DEBUG   :curobo                                  :Cache hit: curobo::optimization::line_search::kernel_line_search<float, 4>
2026-09-12T21:54:10.810 DEBUG   :curobo                                  :Cache hit: curobo::optimization::kernel_lbfgs_step_shared_memory<float, false, 27>
2026-09-12T21:54:10.810 DEBUG   :curobo                                  :Cache hit: curobo::trajectory::bspline::interpolate_bspline_kernel<float, 3, (curobo::trajectory::bspline::BasisBackend)2>
2026-09-12T21:54:10.811 DEBUG   :curobo                                  :Cache hit: curobo::kinematics::kinematics_forward_spheres_kernel<15, 32>
2026-09-12T21:54:10.812 DEBUG   :curobo                                  :Cache hit: curobo::kinematics::kinematics_backward_kernel<float, float, 16, true, false, false>
2026-09-12T21:54:10.812 DEBUG   :curobo                                  :Cache hit: curobo::trajectory::bspline::bspline_backward_kernel<3, float, (curobo::trajectory::bspline::BasisBackend)2>
2026-09-12T21:54:10.813 DEBUG   :curobo                                  :Cache hit: curobo::optimization::line_search::kernel_line_search<float, 4>
2026-09-12T21:54:10.813 DEBUG   :curobo                                  :Cache hit: curobo::optimization::kernel_lbfgs_step_shared_memory<float, false, 27>
2026-09-12T21:54:10.813 DEBUG   :curobo                                  :Cache hit: curobo::trajectory::bspline::interpolate_bspline_kernel<float, 3, (curobo::trajectory::bspline::BasisBackend)2>
2026-09-12T21:54:10.814 DEBUG   :curobo                                  :Cache hit: curobo::kinematics::kinematics_forward_spheres_kernel<15, 32>
2026-09-12T21:54:10.815 DEBUG   :curobo                                  :Cache hit: curobo::kinematics::kinematics_backward_kernel<float, float, 16, true, false, false>
2026-09-12T21:54:10.815 DEBUG   :curobo                                  :Cache hit: curobo::trajectory::bspline::bspline_backward_kernel<3, float, (curobo::trajectory::bspline::BasisBackend)2>
2026-09-12T21:54:10.815 DEBUG   :curobo                                  :Cache hit: curobo::optimization::line_search::kernel_line_search<float, 4>
2026-09-12T21:54:10.815 DEBUG   :curobo                                  :Cache hit: curobo::optimization::kernel_lbfgs_step_shared_memory<float, false, 27>
2026-09-12T21:54:10.816 DEBUG   :curobo                                  :Cache hit: curobo::trajectory::bspline::interpolate_bspline_kernel<float, 3, (curobo::trajectory::bspline::BasisBackend)2>
2026-09-12T21:54:10.816 DEBUG   :curobo                                  :Cache hit: curobo::kinematics::kinematics_forward_spheres_kernel<15, 32>
2026-09-12T21:54:10.817 DEBUG   :curobo                                  :Cache hit: curobo::kinematics::kinematics_backward_kernel<float, float, 16, true, false, false>
2026-09-12T21:54:10.817 DEBUG   :curobo                                  :Cache hit: curobo::trajectory::bspline::bspline_backward_kernel<3, float, (curobo::trajectory::bspline::BasisBackend)2>
2026-09-12T21:54:10.817 DEBUG   :curobo                                  :Cache hit: curobo::optimization::line_search::kernel_line_search<float, 4>
2026-09-12T21:54:10.818 DEBUG   :curobo                                  :Cache hit: curobo::optimization::kernel_lbfgs_step_shared_memory<float, false, 27>
2026-09-12T21:54:10.818 DEBUG   :curobo                                  :Cache hit: curobo::trajectory::bspline::interpolate_bspline_kernel<float, 3, (curobo::trajectory::bspline::BasisBackend)2>
2026-09-12T21:54:10.818 DEBUG   :curobo                                  :Cache hit: curobo::kinematics::kinematics_forward_spheres_kernel<15, 32>
2026-09-12T21:54:10.820 DEBUG   :curobo                                  :Cache hit: curobo::kinematics::kinematics_backward_kernel<float, float, 16, true, false, false>
2026-09-12T21:54:10.820 DEBUG   :curobo                                  :Cache hit: curobo::trajectory::bspline::bspline_backward_kernel<3, float, (curobo::trajectory::bspline::BasisBackend)2>
2026-09-12T21:54:10.820 DEBUG   :curobo                                  :Cache hit: curobo::optimization::line_search::kernel_line_search<float, 4>
2026-09-12T21:54:10.821 DEBUG   :curobo                                  :Cache hit: curobo::optimization::kernel_lbfgs_step_shared_memory<float, false, 27>
2026-09-12T21:54:10.821 DEBUG   :curobo                                  :Cache hit: curobo::trajectory::bspline::interpolate_bspline_kernel<float, 3, (curobo::trajectory::bspline::BasisBackend)2>
2026-09-12T21:54:10.822 DEBUG   :curobo                                  :Cache hit: curobo::kinematics::kinematics_forward_spheres_kernel<15, 32>
2026-09-12T21:54:10.823 DEBUG   :curobo                                  :Cache hit: curobo::kinematics::kinematics_backward_kernel<float, float, 16, true, false, false>
2026-09-12T21:54:10.823 DEBUG   :curobo                                  :Cache hit: curobo::trajectory::bspline::bspline_backward_kernel<3, float, (curobo::trajectory::bspline::BasisBackend)2>
2026-09-12T21:54:10.824 DEBUG   :curobo                                  :Cache hit: curobo::optimization::line_search::kernel_line_search<float, 4>
2026-09-12T21:54:10.824 DEBUG   :curobo                                  :Cache hit: curobo::optimization::kernel_lbfgs_step_shared_memory<float, false, 27>
2026-09-12T21:54:10.825 DEBUG   :curobo                                  :Cache hit: curobo::trajectory::bspline::interpolate_bspline_kernel<float, 3, (curobo::trajectory::bspline::BasisBackend)2>
2026-09-12T21:54:10.825 DEBUG   :curobo                                  :Cache hit: curobo::kinematics::kinematics_forward_spheres_kernel<15, 32>
2026-09-12T21:54:10.827 DEBUG   :curobo                                  :Cache hit: curobo::kinematics::kinematics_backward_kernel<float, float, 16, true, false, false>
2026-09-12T21:54:10.827 DEBUG   :curobo                                  :Cache hit: curobo::trajectory::bspline::bspline_backward_kernel<3, float, (curobo::trajectory::bspline::BasisBackend)2>
2026-09-12T21:54:10.827 DEBUG   :curobo                                  :Cache hit: curobo::optimization::line_search::kernel_line_search<float, 4>
2026-09-12T21:54:10.828 DEBUG   :curobo                                  :Cache hit: curobo::optimization::kernel_lbfgs_step_shared_memory<float, false, 27>
2026-09-12T21:54:10.828 DEBUG   :curobo                                  :Cache hit: curobo::trajectory::bspline::interpolate_bspline_kernel<float, 3, (curobo::trajectory::bspline::BasisBackend)2>
2026-09-12T21:54:10.829 DEBUG   :curobo                                  :Cache hit: curobo::kinematics::kinematics_forward_spheres_kernel<15, 32>
2026-09-12T21:54:10.830 DEBUG   :curobo                                  :Cache hit: curobo::kinematics::kinematics_backward_kernel<float, float, 16, true, false, false>
2026-09-12T21:54:10.831 DEBUG   :curobo                                  :Cache hit: curobo::trajectory::bspline::bspline_backward_kernel<3, float, (curobo::trajectory::bspline::BasisBackend)2>
2026-09-12T21:54:10.831 DEBUG   :curobo                                  :Cache hit: curobo::optimization::line_search::kernel_line_search<float, 4>
2026-09-12T21:54:10.831 DEBUG   :curobo                                  :Cache hit: curobo::optimization::kernel_lbfgs_step_shared_memory<float, false, 27>
2026-09-12T21:54:10.832 DEBUG   :curobo                                  :Cache hit: curobo::trajectory::bspline::interpolate_bspline_kernel<float, 3, (curobo::trajectory::bspline::BasisBackend)2>
2026-09-12T21:54:10.832 DEBUG   :curobo                                  :Cache hit: curobo::kinematics::kinematics_forward_spheres_kernel<15, 32>
2026-09-12T21:54:10.834 DEBUG   :curobo                                  :Cache hit: curobo::kinematics::kinematics_backward_kernel<float, float, 16, true, false, false>
2026-09-12T21:54:10.834 DEBUG   :curobo                                  :Cache hit: curobo::trajectory::bspline::bspline_backward_kernel<3, float, (curobo::trajectory::bspline::BasisBackend)2>
2026-09-12T21:54:10.834 DEBUG   :curobo                                  :Cache hit: curobo::optimization::line_search::kernel_line_search<float, 4>
2026-09-12T21:54:10.835 DEBUG   :curobo                                  :Cache hit: curobo::optimization::kernel_lbfgs_step_shared_memory<float, false, 27>
2026-09-12T21:54:10.835 DEBUG   :curobo                                  :Cache hit: curobo::trajectory::bspline::interpolate_bspline_kernel<float, 3, (curobo::trajectory::bspline::BasisBackend)2>
2026-09-12T21:54:10.836 DEBUG   :curobo                                  :Cache hit: curobo::kinematics::kinematics_forward_spheres_kernel<15, 32>
2026-09-12T21:54:10.837 DEBUG   :curobo                                  :Cache hit: curobo::kinematics::kinematics_backward_kernel<float, float, 16, true, false, false>
2026-09-12T21:54:10.838 DEBUG   :curobo                                  :Cache hit: curobo::trajectory::bspline::bspline_backward_kernel<3, float, (curobo::trajectory::bspline::BasisBackend)2>
2026-09-12T21:54:10.838 DEBUG   :curobo                                  :Cache hit: curobo::optimization::line_search::kernel_line_search<float, 4>
2026-09-12T21:54:10.838 DEBUG   :curobo                                  :Cache hit: curobo::optimization::kernel_lbfgs_step_shared_memory<float, false, 27>
2026-09-12T21:54:10.839 DEBUG   :curobo                                  :Cache hit: curobo::trajectory::bspline::interpolate_bspline_kernel<float, 3, (curobo::trajectory::bspline::BasisBackend)2>
2026-09-12T21:54:10.839 DEBUG   :curobo                                  :Cache hit: curobo::kinematics::kinematics_forward_spheres_kernel<15, 32>
2026-09-12T21:54:10.841 DEBUG   :curobo                                  :Cache hit: curobo::kinematics::kinematics_backward_kernel<float, float, 16, true, false, false>
2026-09-12T21:54:10.841 DEBUG   :curobo                                  :Cache hit: curobo::trajectory::bspline::bspline_backward_kernel<3, float, (curobo::trajectory::bspline::BasisBackend)2>
2026-09-12T21:54:10.841 DEBUG   :curobo                                  :Cache hit: curobo::optimization::line_search::kernel_line_search<float, 4>
2026-09-12T21:54:10.842 DEBUG   :curobo                                  :Cache hit: curobo::optimization::kernel_lbfgs_step_shared_memory<float, false, 27>
2026-09-12T21:54:10.842 DEBUG   :curobo                                  :Cache hit: curobo::trajectory::bspline::interpolate_bspline_kernel<float, 3, (curobo::trajectory::bspline::BasisBackend)2>
2026-09-12T21:54:10.842 DEBUG   :curobo                                  :Cache hit: curobo::kinematics::kinematics_forward_spheres_kernel<15, 32>
2026-09-12T21:54:10.844 DEBUG   :curobo                                  :Cache hit: curobo::kinematics::kinematics_backward_kernel<float, float, 16, true, false, false>
2026-09-12T21:54:10.844 DEBUG   :curobo                                  :Cache hit: curobo::trajectory::bspline::bspline_backward_kernel<3, float, (curobo::trajectory::bspline::BasisBackend)2>
2026-09-12T21:54:10.845 DEBUG   :curobo                                  :Cache hit: curobo::optimization::line_search::kernel_line_search<float, 4>
2026-09-12T21:54:10.845 DEBUG   :curobo                                  :Cache hit: curobo::optimization::kernel_lbfgs_step_shared_memory<float, false, 27>
2026-09-12T21:54:10.846 DEBUG   :curobo                                  :Cache hit: curobo::trajectory::bspline::interpolate_bspline_kernel<float, 3, (curobo::trajectory::bspline::BasisBackend)2>
2026-09-12T21:54:10.846 DEBUG   :curobo                                  :Cache hit: curobo::kinematics::kinematics_forward_spheres_kernel<15, 32>
2026-09-12T21:54:10.848 DEBUG   :curobo                                  :Cache hit: curobo::kinematics::kinematics_backward_kernel<float, float, 16, true, false, false>
2026-09-12T21:54:10.848 DEBUG   :curobo                                  :Cache hit: curobo::trajectory::bspline::bspline_backward_kernel<3, float, (curobo::trajectory::bspline::BasisBackend)2>
2026-09-12T21:54:10.848 DEBUG   :curobo                                  :Cache hit: curobo::optimization::line_search::kernel_line_search<float, 4>
2026-09-12T21:54:10.849 DEBUG   :curobo                                  :Cache hit: curobo::optimization::kernel_lbfgs_step_shared_memory<float, false, 27>
2026-09-12T21:54:10.849 DEBUG   :curobo                                  :Cache hit: curobo::trajectory::bspline::interpolate_bspline_kernel<float, 3, (curobo::trajectory::bspline::BasisBackend)2>
2026-09-12T21:54:10.850 DEBUG   :curobo                                  :Cache hit: curobo::kinematics::kinematics_forward_spheres_kernel<15, 32>
2026-09-12T21:54:10.851 DEBUG   :curobo                                  :Cache hit: curobo::kinematics::kinematics_backward_kernel<float, float, 16, true, false, false>
2026-09-12T21:54:10.852 DEBUG   :curobo                                  :Cache hit: curobo::trajectory::bspline::bspline_backward_kernel<3, float, (curobo::trajectory::bspline::BasisBackend)2>
2026-09-12T21:54:10.852 DEBUG   :curobo                                  :Cache hit: curobo::optimization::line_search::kernel_line_search<float, 4>
2026-09-12T21:54:10.853 DEBUG   :curobo                                  :Cache hit: curobo::optimization::kernel_lbfgs_step_shared_memory<float, false, 27>
2026-09-12T21:54:10.853 DEBUG   :curobo                                  :Cache hit: curobo::trajectory::bspline::interpolate_bspline_kernel<float, 3, (curobo::trajectory::bspline::BasisBackend)2>
2026-09-12T21:54:10.853 DEBUG   :curobo                                  :Cache hit: curobo::kinematics::kinematics_forward_spheres_kernel<15, 32>
2026-09-12T21:54:10.855 DEBUG   :curobo                                  :Cache hit: curobo::kinematics::kinematics_backward_kernel<float, float, 16, true, false, false>
2026-09-12T21:54:10.855 DEBUG   :curobo                                  :Cache hit: curobo::trajectory::bspline::bspline_backward_kernel<3, float, (curobo::trajectory::bspline::BasisBackend)2>
2026-09-12T21:54:10.856 DEBUG   :curobo                                  :Cache hit: curobo::optimization::line_search::kernel_line_search<float, 4>
2026-09-12T21:54:10.856 DEBUG   :curobo                                  :Cache hit: curobo::optimization::kernel_lbfgs_step_shared_memory<float, false, 27>
2026-09-12T21:54:10.857 DEBUG   :curobo                                  :Cache hit: curobo::trajectory::bspline::interpolate_bspline_kernel<float, 3, (curobo::trajectory::bspline::BasisBackend)2>
2026-09-12T21:54:10.857 DEBUG   :curobo                                  :Cache hit: curobo::kinematics::kinematics_forward_spheres_kernel<15, 32>
2026-09-12T21:54:10.859 DEBUG   :curobo                                  :Cache hit: curobo::kinematics::kinematics_backward_kernel<float, float, 16, true, false, false>
2026-09-12T21:54:10.859 DEBUG   :curobo                                  :Cache hit: curobo::trajectory::bspline::bspline_backward_kernel<3, float, (curobo::trajectory::bspline::BasisBackend)2>
2026-09-12T21:54:10.859 DEBUG   :curobo                                  :Cache hit: curobo::optimization::line_search::kernel_line_search<float, 4>
2026-09-12T21:54:10.860 DEBUG   :curobo                                  :Cache hit: curobo::optimization::kernel_lbfgs_step_shared_memory<float, false, 27>
2026-09-12T21:54:10.860 DEBUG   :curobo                                  :Cache hit: curobo::trajectory::bspline::interpolate_bspline_kernel<float, 3, (curobo::trajectory::bspline::BasisBackend)2>
2026-09-12T21:54:10.861 DEBUG   :curobo                                  :Cache hit: curobo::kinematics::kinematics_forward_spheres_kernel<15, 32>
2026-09-12T21:54:10.862 DEBUG   :curobo                                  :Cache hit: curobo::kinematics::kinematics_backward_kernel<float, float, 16, true, false, false>
2026-09-12T21:54:10.863 DEBUG   :curobo                                  :Cache hit: curobo::trajectory::bspline::bspline_backward_kernel<3, float, (curobo::trajectory::bspline::BasisBackend)2>
2026-09-12T21:54:10.863 DEBUG   :curobo                                  :Cache hit: curobo::optimization::line_search::kernel_line_search<float, 4>
2026-09-12T21:54:10.863 DEBUG   :curobo                                  :Cache hit: curobo::optimization::kernel_lbfgs_step_shared_memory<float, false, 27>
2026-09-12T21:54:10.864 DEBUG   :curobo                                  :Cache hit: curobo::trajectory::bspline::interpolate_bspline_kernel<float, 3, (curobo::trajectory::bspline::BasisBackend)2>
2026-09-12T21:54:10.864 DEBUG   :curobo                                  :Cache hit: curobo::kinematics::kinematics_forward_spheres_kernel<15, 32>
2026-09-12T21:54:10.866 DEBUG   :curobo                                  :Cache hit: curobo::kinematics::kinematics_backward_kernel<float, float, 16, true, false, false>
2026-09-12T21:54:10.866 DEBUG   :curobo                                  :Cache hit: curobo::trajectory::bspline::bspline_backward_kernel<3, float, (curobo::trajectory::bspline::BasisBackend)2>
2026-09-12T21:54:10.866 DEBUG   :curobo                                  :Cache hit: curobo::optimization::line_search::kernel_line_search<float, 4>
2026-09-12T21:54:10.867 DEBUG   :curobo                                  :Cache hit: curobo::optimization::kernel_lbfgs_step_shared_memory<float, false, 27>
2026-09-12T21:54:10.867 DEBUG   :curobo                                  :Cache hit: curobo::trajectory::bspline::interpolate_bspline_kernel<float, 3, (curobo::trajectory::bspline::BasisBackend)2>
2026-09-12T21:54:10.868 DEBUG   :curobo                                  :Cache hit: curobo::kinematics::kinematics_forward_spheres_kernel<15, 32>
2026-09-12T21:54:10.869 DEBUG   :curobo                                  :Cache hit: curobo::kinematics::kinematics_backward_kernel<float, float, 16, true, false, false>
2026-09-12T21:54:10.869 DEBUG   :curobo                                  :Cache hit: curobo::trajectory::bspline::bspline_backward_kernel<3, float, (curobo::trajectory::bspline::BasisBackend)2>
2026-09-12T21:54:10.870 DEBUG   :curobo                                  :Cache hit: curobo::optimization::line_search::kernel_line_search<float, 4>
2026-09-12T21:54:10.870 DEBUG   :curobo                                  :Cache hit: curobo::optimization::kernel_lbfgs_step_shared_memory<float, false, 27>
2026-09-12T21:54:10.871 DEBUG   :curobo                                  :Cache hit: curobo::trajectory::bspline::interpolate_bspline_kernel<float, 3, (curobo::trajectory::bspline::BasisBackend)2>
2026-09-12T21:54:10.871 DEBUG   :curobo                                  :Cache hit: curobo::kinematics::kinematics_forward_spheres_kernel<15, 32>
2026-09-12T21:54:10.873 DEBUG   :curobo                                  :Cache hit: curobo::kinematics::kinematics_backward_kernel<float, float, 16, true, false, false>
2026-09-12T21:54:10.873 DEBUG   :curobo                                  :Cache hit: curobo::trajectory::bspline::bspline_backward_kernel<3, float, (curobo::trajectory::bspline::BasisBackend)2>
2026-09-12T21:54:10.874 DEBUG   :curobo                                  :Cache hit: curobo::optimization::line_search::kernel_line_search<float, 4>
2026-09-12T21:54:10.874 DEBUG   :curobo                                  :Cache hit: curobo::optimization::kernel_lbfgs_step_shared_memory<float, false, 27>
2026-09-12T21:54:10.875 DEBUG   :curobo                                  :Cache hit: curobo::trajectory::bspline::interpolate_bspline_kernel<float, 3, (curobo::trajectory::bspline::BasisBackend)2>
2026-09-12T21:54:10.875 DEBUG   :curobo                                  :Cache hit: curobo::kinematics::kinematics_forward_spheres_kernel<15, 32>
2026-09-12T21:54:10.877 DEBUG   :curobo                                  :Cache hit: curobo::kinematics::kinematics_backward_kernel<float, float, 16, true, false, false>
2026-09-12T21:54:10.877 DEBUG   :curobo                                  :Cache hit: curobo::trajectory::bspline::bspline_backward_kernel<3, float, (curobo::trajectory::bspline::BasisBackend)2>
2026-09-12T21:54:10.877 DEBUG   :curobo                                  :Cache hit: curobo::optimization::line_search::kernel_line_search<float, 4>
2026-09-12T21:54:10.878 DEBUG   :curobo                                  :Cache hit: curobo::optimization::kernel_lbfgs_step_shared_memory<float, false, 27>
2026-09-12T21:54:10.878 DEBUG   :curobo                                  :Cache hit: curobo::trajectory::bspline::interpolate_bspline_kernel<float, 3, (curobo::trajectory::bspline::BasisBackend)2>
2026-09-12T21:54:10.879 DEBUG   :curobo                                  :Cache hit: curobo::kinematics::kinematics_forward_spheres_kernel<15, 32>
2026-09-12T21:54:10.880 DEBUG   :curobo                                  :Cache hit: curobo::kinematics::kinematics_backward_kernel<float, float, 16, true, false, false>
2026-09-12T21:54:10.880 DEBUG   :curobo                                  :Cache hit: curobo::trajectory::bspline::bspline_backward_kernel<3, float, (curobo::trajectory::bspline::BasisBackend)2>
2026-09-12T21:54:10.881 DEBUG   :curobo                                  :Cache hit: curobo::optimization::line_search::kernel_line_search<float, 4>
2026-09-12T21:54:10.881 DEBUG   :curobo                                  :Cache hit: curobo::optimization::kernel_lbfgs_step_shared_memory<float, false, 27>
2026-09-12T21:54:10.882 DEBUG   :curobo                                  :Cache hit: curobo::trajectory::bspline::interpolate_bspline_kernel<float, 3, (curobo::trajectory::bspline::BasisBackend)2>
2026-09-12T21:54:10.882 DEBUG   :curobo                                  :Cache hit: curobo::kinematics::kinematics_forward_spheres_kernel<15, 32>
2026-09-12T21:54:10.884 DEBUG   :curobo                                  :Cache hit: curobo::kinematics::kinematics_backward_kernel<float, float, 16, true, false, false>
2026-09-12T21:54:10.884 DEBUG   :curobo                                  :Cache hit: curobo::trajectory::bspline::bspline_backward_kernel<3, float, (curobo::trajectory::bspline::BasisBackend)2>
2026-09-12T21:54:10.884 DEBUG   :curobo                                  :Cache hit: curobo::optimization::line_search::kernel_line_search<float, 4>
2026-09-12T21:54:10.885 DEBUG   :curobo                                  :Cache hit: curobo::optimization::kernel_lbfgs_step_shared_memory<float, false, 27>
2026-09-12T21:54:10.885 DEBUG   :curobo                                  :Cache hit: curobo::trajectory::bspline::interpolate_bspline_kernel<float, 3, (curobo::trajectory::bspline::BasisBackend)2>
2026-09-12T21:54:10.885 DEBUG   :curobo                                  :Cache hit: curobo::kinematics::kinematics_forward_spheres_kernel<15, 32>
2026-09-12T21:54:10.887 DEBUG   :curobo                                  :Cache hit: curobo::kinematics::kinematics_backward_kernel<float, float, 16, true, false, false>
2026-09-12T21:54:10.887 DEBUG   :curobo                                  :Cache hit: curobo::trajectory::bspline::bspline_backward_kernel<3, float, (curobo::trajectory::bspline::BasisBackend)2>
2026-09-12T21:54:10.887 DEBUG   :curobo                                  :Cache hit: curobo::optimization::line_search::kernel_line_search<float, 4>
2026-09-12T21:54:10.888 DEBUG   :curobo                                  :Cache hit: curobo::optimization::kernel_lbfgs_step_shared_memory<float, false, 27>
2026-09-12T21:54:10.896 DEBUG   :curobo                                  :Cache hit: curobo::trajectory::bspline::interpolate_bspline_kernel<float, 3, (curobo::trajectory::bspline::BasisBackend)2>
2026-09-12T21:54:10.896 DEBUG   :curobo                                  :Cache hit: curobo::kinematics::kinematics_forward_spheres_kernel<15, 32>
2026-09-12T21:54:10.897 INFO    :curobo                                  :Recording CUDA Graph for _compute_metrics_from_action_impl
2026-09-12T21:54:11.008 INFO    :curobo                                  :Updating state_seq buffer reference (created new tensor)
2026-09-12T21:54:11.009 DEBUG   :curobo                                  :Cache hit: curobo::trajectory::bspline::interpolate_bspline_kernel<float, 3, (curobo::trajectory::bspline::BasisBackend)2>
2026-09-12T21:54:11.010 DEBUG   :curobo                                  :Cache hit: curobo::kinematics::kinematics_forward_spheres_kernel<15, 32>
2026-09-12T21:54:11.011 INFO    :curobo                                  :Compiling kernel: curobo::geometry::self_collision::self_collision_max_distance_kernel<false>
2026-09-12T21:54:11.202 INFO    :curobo                                  :Successfully compiled kernel: curobo::geometry::self_collision::self_collision_max_distance_kernel<false>
2026-09-12T21:54:11.207 DEBUG   :curobo                                  :Cache hit: curobo::trajectory::bspline::interpolate_bspline_kernel<float, 3, (curobo::trajectory::bspline::BasisBackend)2>
2026-09-12T21:54:11.208 DEBUG   :curobo                                  :Cache hit: curobo::kinematics::kinematics_forward_spheres_kernel<15, 32>
2026-09-12T21:54:11.208 DEBUG   :curobo                                  :Cache hit: curobo::geometry::self_collision::self_collision_max_distance_kernel<false>
2026-09-12T21:54:11.209 DEBUG   :curobo                                  :Cache hit: curobo::trajectory::bspline::interpolate_bspline_kernel<float, 3, (curobo::trajectory::bspline::BasisBackend)2>
2026-09-12T21:54:11.210 DEBUG   :curobo                                  :Cache hit: curobo::kinematics::kinematics_forward_spheres_kernel<15, 32>
2026-09-12T21:54:11.210 DEBUG   :curobo                                  :Cache hit: curobo::geometry::self_collision::self_collision_max_distance_kernel<false>
2026-09-12T21:54:11.211 DEBUG   :curobo                                  :Cache hit: curobo::trajectory::bspline::interpolate_bspline_kernel<float, 3, (curobo::trajectory::bspline::BasisBackend)2>
2026-09-12T21:54:11.212 DEBUG   :curobo                                  :Cache hit: curobo::kinematics::kinematics_forward_spheres_kernel<15, 32>
2026-09-12T21:54:11.212 DEBUG   :curobo                                  :Cache hit: curobo::geometry::self_collision::self_collision_max_distance_kernel<false>
2026-09-12T21:54:11.214 INFO    :curobo                                  :Compiling kernel: curobo::trajectory::bspline::interpolate_bspline_single_dt_kernel<float, 3, (curobo::trajectory::bspline::BasisBackend)2>
2026-09-12T21:54:11.312 INFO    :curobo                                  :Successfully compiled kernel: curobo::trajectory::bspline::interpolate_bspline_single_dt_kernel<float, 3, (curobo::trajectory::bspline::BasisBackend)2>
2026-09-12T21:54:11.313 DEBUG   :curobo                                  :Cache hit: curobo::kinematics::kinematics_forward_spheres_kernel<15, 32>
2026-09-12T21:54:11.313 INFO    :curobo                                  :Recording CUDA Graph for _compute_metrics_from_state_impl
2026-09-12T21:54:11.427 DEBUG   :curobo                                  :Cache hit: curobo::geometry::self_collision::self_collision_max_distance_kernel<false>
2026-09-12T21:54:11.431 DEBUG   :curobo                                  :Cache hit: curobo::geometry::self_collision::self_collision_max_distance_kernel<false>
2026-09-12T21:54:11.432 DEBUG   :curobo                                  :Cache hit: curobo::geometry::self_collision::self_collision_max_distance_kernel<false>
2026-09-12T21:54:11.433 DEBUG   :curobo                                  :Cache hit: curobo::geometry::self_collision::self_collision_max_distance_kernel<false>
2026-09-12T21:54:11.475 DEBUG   :curobo                                  :Cache hit: curobo::trajectory::bspline::interpolate_bspline_kernel<float, 3, (curobo::trajectory::bspline::BasisBackend)2>
2026-09-12T21:54:11.476 DEBUG   :curobo                                  :Cache hit: curobo::kinematics::kinematics_forward_spheres_kernel<15, 32>
2026-09-12T21:54:11.477 DEBUG   :curobo                                  :Cache hit: curobo::kinematics::kinematics_backward_kernel<float, float, 16, true, false, false>
2026-09-12T21:54:11.478 DEBUG   :curobo                                  :Cache hit: curobo::trajectory::bspline::bspline_backward_kernel<3, float, (curobo::trajectory::bspline::BasisBackend)2>
2026-09-12T21:54:11.479 DEBUG   :curobo                                  :Cache hit: curobo::optimization::line_search::kernel_line_search<float, 4>
2026-09-12T21:54:11.479 INFO    :curobo                                  :Running optimizer 1/1: LBFGSOpt
2026-09-12T21:54:11.486 DEBUG   :curobo                                  :Cache hit: curobo::trajectory::bspline::interpolate_bspline_kernel<float, 3, (curobo::trajectory::bspline::BasisBackend)2>
2026-09-12T21:54:11.486 DEBUG   :curobo                                  :Cache hit: curobo::kinematics::kinematics_forward_spheres_kernel<15, 32>
2026-09-12T21:54:11.487 DEBUG   :curobo                                  :Cache hit: curobo::trajectory::bspline::interpolate_bspline_single_dt_kernel<float, 3, (curobo::trajectory::bspline::BasisBackend)2>
2026-09-12T21:54:11.488 DEBUG   :curobo                                  :Cache hit: curobo::kinematics::kinematics_forward_spheres_kernel<15, 32>
2026-09-12T21:54:11.493 DEBUG   :curobo                                  :Cache hit: curobo::trajectory::bspline::interpolate_bspline_kernel<float, 3, (curobo::trajectory::bspline::BasisBackend)2>
2026-09-12T21:54:11.494 DEBUG   :curobo                                  :Cache hit: curobo::kinematics::kinematics_forward_spheres_kernel<15, 32>
2026-09-12T21:54:11.495 DEBUG   :curobo                                  :Cache hit: curobo::kinematics::kinematics_backward_kernel<float, float, 16, true, false, false>
2026-09-12T21:54:11.496 DEBUG   :curobo                                  :Cache hit: curobo::trajectory::bspline::bspline_backward_kernel<3, float, (curobo::trajectory::bspline::BasisBackend)2>
2026-09-12T21:54:11.496 DEBUG   :curobo                                  :Cache hit: curobo::optimization::line_search::kernel_line_search<float, 4>
2026-09-12T21:54:11.496 INFO    :curobo                                  :Running optimizer 1/1: LBFGSOpt
2026-09-12T21:54:11.503 DEBUG   :curobo                                  :Cache hit: curobo::trajectory::bspline::interpolate_bspline_kernel<float, 3, (curobo::trajectory::bspline::BasisBackend)2>
2026-09-12T21:54:11.503 DEBUG   :curobo                                  :Cache hit: curobo::kinematics::kinematics_forward_spheres_kernel<15, 32>
2026-09-12T21:54:11.504 DEBUG   :curobo                                  :Cache hit: curobo::trajectory::bspline::interpolate_bspline_single_dt_kernel<float, 3, (curobo::trajectory::bspline::BasisBackend)2>
2026-09-12T21:54:11.504 DEBUG   :curobo                                  :Cache hit: curobo::kinematics::kinematics_forward_spheres_kernel<15, 32>
2026-09-12T21:54:11.509 DEBUG   :curobo                                  :Cache hit: curobo::trajectory::bspline::interpolate_bspline_kernel<float, 3, (curobo::trajectory::bspline::BasisBackend)2>
2026-09-12T21:54:11.509 DEBUG   :curobo                                  :Cache hit: curobo::kinematics::kinematics_forward_spheres_kernel<15, 32>
2026-09-12T21:54:11.511 DEBUG   :curobo                                  :Cache hit: curobo::kinematics::kinematics_backward_kernel<float, float, 16, true, false, false>
2026-09-12T21:54:11.511 DEBUG   :curobo                                  :Cache hit: curobo::trajectory::bspline::bspline_backward_kernel<3, float, (curobo::trajectory::bspline::BasisBackend)2>
2026-09-12T21:54:11.512 DEBUG   :curobo                                  :Cache hit: curobo::optimization::line_search::kernel_line_search<float, 4>
2026-09-12T21:54:11.512 INFO    :curobo                                  :Running optimizer 1/1: LBFGSOpt
2026-09-12T21:54:11.518 DEBUG   :curobo                                  :Cache hit: curobo::trajectory::bspline::interpolate_bspline_kernel<float, 3, (curobo::trajectory::bspline::BasisBackend)2>
2026-09-12T21:54:11.519 DEBUG   :curobo                                  :Cache hit: curobo::kinematics::kinematics_forward_spheres_kernel<15, 32>
2026-09-12T21:54:11.520 DEBUG   :curobo                                  :Cache hit: curobo::trajectory::bspline::interpolate_bspline_single_dt_kernel<float, 3, (curobo::trajectory::bspline::BasisBackend)2>
2026-09-12T21:54:11.520 DEBUG   :curobo                                  :Cache hit: curobo::kinematics::kinematics_forward_spheres_kernel<15, 32>
2026-09-12T21:54:11.703 DEBUG   :curobo                                  :Self Collision skipped %: 57.805605247465714
2026-09-12T21:54:11.703 DEBUG   :curobo                                  :Self Collision count: 3538
2026-09-12T21:54:11.703 DEBUG   :curobo                                  :Self Collision per thread: 7
2026-09-12T21:54:11.717 DEBUG   :curobo                                  :Warp initialized - Version: 1.17.0
2026-09-12T21:54:11.717 DEBUG   :curobo                                  :Warp Devices: ['cpu', 'cuda:0']
2026-09-12T21:54:11.722 DEBUG   :curobo                                  :Warp initialized - Version: 1.17.0
2026-09-12T21:54:11.722 DEBUG   :curobo                                  :Warp Devices: ['cpu', 'cuda:0']
2026-09-12T21:54:11.722 INFO    :curobo                                  :Initialized 3 costs for robot rollout
2026-09-12T21:54:11.723 DEBUG   :curobo                                  :Warp initialized - Version: 1.17.0
2026-09-12T21:54:11.723 DEBUG   :curobo                                  :Warp Devices: ['cpu', 'cuda:0']
2026-09-12T21:54:11.723 INFO    :curobo                                  :Initialized 3 costs for robot rollout
2026-09-12T21:54:11.723 DEBUG   :curobo                                  :Warp initialized - Version: 1.17.0
2026-09-12T21:54:11.723 DEBUG   :curobo                                  :Warp Devices: ['cpu', 'cuda:0']
2026-09-12T21:54:11.723 DEBUG   :curobo                                  :Warp initialized - Version: 1.17.0
2026-09-12T21:54:11.723 DEBUG   :curobo                                  :Warp Devices: ['cpu', 'cuda:0']
2026-09-12T21:54:11.723 INFO    :curobo                                  :Initialized 3 costs for robot rollout
2026-09-12T21:54:11.727 DEBUG   :curobo                                  :Warp initialized - Version: 1.17.0
2026-09-12T21:54:11.727 DEBUG   :curobo                                  :Warp Devices: ['cpu', 'cuda:0']
2026-09-12T21:54:11.727 INFO    :curobo                                  :Initialized 3 costs for robot rollout
2026-09-12T21:54:11.727 DEBUG   :curobo                                  :Warp initialized - Version: 1.17.0
2026-09-12T21:54:11.727 DEBUG   :curobo                                  :Warp Devices: ['cpu', 'cuda:0']
2026-09-12T21:54:11.727 INFO    :curobo                                  :Initialized 3 costs for robot rollout
2026-09-12T21:54:11.728 DEBUG   :curobo                                  :Warp initialized - Version: 1.17.0
2026-09-12T21:54:11.728 DEBUG   :curobo                                  :Warp Devices: ['cpu', 'cuda:0']
2026-09-12T21:54:11.728 DEBUG   :curobo                                  :Warp initialized - Version: 1.17.0
2026-09-12T21:54:11.728 DEBUG   :curobo                                  :Warp Devices: ['cpu', 'cuda:0']
2026-09-12T21:54:11.728 INFO    :curobo                                  :Initialized 3 costs for robot rollout
2026-09-12T21:54:11.730 DEBUG   :curobo                                  :Warp initialized - Version: 1.17.0
2026-09-12T21:54:11.730 DEBUG   :curobo                                  :Warp Devices: ['cpu', 'cuda:0']
2026-09-12T21:54:11.730 INFO    :curobo                                  :Initialized 2 costs for robot rollout
2026-09-12T21:54:11.731 DEBUG   :curobo                                  :Warp initialized - Version: 1.17.0
2026-09-12T21:54:11.731 DEBUG   :curobo                                  :Warp Devices: ['cpu', 'cuda:0']
2026-09-12T21:54:11.731 INFO    :curobo                                  :Initialized 2 costs for robot rollout
2026-09-12T21:54:11.731 INFO    :curobo                                  :Initialized 2 costs for robot rollout
2026-09-12T21:54:11.731 INFO    :curobo                                  :Initialized 2 costs for robot rollout
2026-09-12T21:54:11.734 DEBUG   :curobo                                  :Warp initialized - Version: 1.17.0
2026-09-12T21:54:11.734 DEBUG   :curobo                                  :Warp Devices: ['cpu', 'cuda:0']
2026-09-12T21:54:11.734 INFO    :curobo                                  :Initialized 2 costs for robot rollout
2026-09-12T21:54:11.734 DEBUG   :curobo                                  :Warp initialized - Version: 1.17.0
2026-09-12T21:54:11.734 DEBUG   :curobo                                  :Warp Devices: ['cpu', 'cuda:0']
2026-09-12T21:54:11.734 INFO    :curobo                                  :Initialized 2 costs for robot rollout
2026-09-12T21:54:11.734 INFO    :curobo                                  :Initialized 2 costs for robot rollout
2026-09-12T21:54:11.735 INFO    :curobo                                  :Initialized 2 costs for robot rollout
2026-09-12T21:54:11.735 INFO    :curobo                                  :LBFGS: history >= opt_dim, reducing history to opt_dim-1
2026-09-12T21:54:11.735 INFO    :curobo                                  :Updating state_seq buffer reference (created new tensor)
2026-09-12T21:54:11.736 INFO    :curobo                                  :Updating state_seq buffer reference (created new tensor)
2026-09-12T21:54:11.738 DEBUG   :curobo                                  :Warp initialized - Version: 1.17.0
2026-09-12T21:54:11.738 DEBUG   :curobo                                  :Warp Devices: ['cpu', 'cuda:0']
2026-09-12T21:54:11.740 INFO    :curobo                                  :Seed IK Solver initialized for robot with 6 DOF
2026-09-12T21:54:11.740 INFO    :curobo                                  :Controlled links: ['tcp']
2026-09-12T21:54:11.743 DEBUG   :curobo                                  :Warp initialized - Version: 1.17.0
2026-09-12T21:54:11.743 DEBUG   :curobo                                  :Warp Devices: ['cpu', 'cuda:0']
2026-09-12T21:54:11.743 INFO    :curobo                                  :Initialized 3 costs for robot rollout
2026-09-12T21:54:11.743 DEBUG   :curobo                                  :Warp initialized - Version: 1.17.0
2026-09-12T21:54:11.743 DEBUG   :curobo                                  :Warp Devices: ['cpu', 'cuda:0']
2026-09-12T21:54:11.743 INFO    :curobo                                  :Initialized 3 costs for robot rollout
2026-09-12T21:54:11.743 DEBUG   :curobo                                  :Warp initialized - Version: 1.17.0
2026-09-12T21:54:11.743 DEBUG   :curobo                                  :Warp Devices: ['cpu', 'cuda:0']
2026-09-12T21:54:11.744 DEBUG   :curobo                                  :Warp initialized - Version: 1.17.0
2026-09-12T21:54:11.744 DEBUG   :curobo                                  :Warp Devices: ['cpu', 'cuda:0']
2026-09-12T21:54:11.744 INFO    :curobo                                  :Initialized 3 costs for robot rollout
2026-09-12T21:54:11.746 DEBUG   :curobo                                  :Warp initialized - Version: 1.17.0
2026-09-12T21:54:11.746 DEBUG   :curobo                                  :Warp Devices: ['cpu', 'cuda:0']
2026-09-12T21:54:11.746 INFO    :curobo                                  :Initialized 3 costs for robot rollout
2026-09-12T21:54:11.746 DEBUG   :curobo                                  :Warp initialized - Version: 1.17.0
2026-09-12T21:54:11.746 DEBUG   :curobo                                  :Warp Devices: ['cpu', 'cuda:0']
2026-09-12T21:54:11.746 INFO    :curobo                                  :Initialized 3 costs for robot rollout
2026-09-12T21:54:11.747 DEBUG   :curobo                                  :Warp initialized - Version: 1.17.0
2026-09-12T21:54:11.747 DEBUG   :curobo                                  :Warp Devices: ['cpu', 'cuda:0']
2026-09-12T21:54:11.747 DEBUG   :curobo                                  :Warp initialized - Version: 1.17.0
2026-09-12T21:54:11.747 DEBUG   :curobo                                  :Warp Devices: ['cpu', 'cuda:0']
2026-09-12T21:54:11.747 INFO    :curobo                                  :Initialized 3 costs for robot rollout
2026-09-12T21:54:11.750 DEBUG   :curobo                                  :Warp initialized - Version: 1.17.0
2026-09-12T21:54:11.750 DEBUG   :curobo                                  :Warp Devices: ['cpu', 'cuda:0']
2026-09-12T21:54:11.751 INFO    :curobo                                  :Initialized 2 costs for robot rollout
2026-09-12T21:54:11.751 DEBUG   :curobo                                  :Warp initialized - Version: 1.17.0
2026-09-12T21:54:11.752 DEBUG   :curobo                                  :Warp Devices: ['cpu', 'cuda:0']
2026-09-12T21:54:11.752 INFO    :curobo                                  :Initialized 2 costs for robot rollout
2026-09-12T21:54:11.752 INFO    :curobo                                  :Initialized 2 costs for robot rollout
2026-09-12T21:54:11.753 INFO    :curobo                                  :Initialized 2 costs for robot rollout
2026-09-12T21:54:11.757 DEBUG   :curobo                                  :Warp initialized - Version: 1.17.0
2026-09-12T21:54:11.757 DEBUG   :curobo                                  :Warp Devices: ['cpu', 'cuda:0']
2026-09-12T21:54:11.757 INFO    :curobo                                  :Initialized 2 costs for robot rollout
2026-09-12T21:54:11.758 DEBUG   :curobo                                  :Warp initialized - Version: 1.17.0
2026-09-12T21:54:11.758 DEBUG   :curobo                                  :Warp Devices: ['cpu', 'cuda:0']
2026-09-12T21:54:11.758 INFO    :curobo                                  :Initialized 2 costs for robot rollout
2026-09-12T21:54:11.759 INFO    :curobo                                  :Initialized 2 costs for robot rollout
2026-09-12T21:54:11.759 INFO    :curobo                                  :Initialized 2 costs for robot rollout
2026-09-12T21:54:11.760 INFO    :curobo                                  :Updating state_seq buffer reference (created new tensor)
2026-09-12T21:54:11.761 INFO    :curobo                                  :Updating state_seq buffer reference (created new tensor)
2026-09-12T21:54:11.768 DEBUG   :curobo                                  :Warp initialized - Version: 1.17.0
2026-09-12T21:54:11.769 DEBUG   :curobo                                  :Warp Devices: ['cpu', 'cuda:0']
2026-09-12T21:54:11.769 INFO    :curobo                                  :Initialized 3 costs for robot rollout
2026-09-12T21:54:11.769 DEBUG   :curobo                                  :Warp initialized - Version: 1.17.0
2026-09-12T21:54:11.769 DEBUG   :curobo                                  :Warp Devices: ['cpu', 'cuda:0']
2026-09-12T21:54:11.769 INFO    :curobo                                  :Initialized 3 costs for robot rollout
2026-09-12T21:54:11.770 DEBUG   :curobo                                  :Warp initialized - Version: 1.17.0
2026-09-12T21:54:11.770 DEBUG   :curobo                                  :Warp Devices: ['cpu', 'cuda:0']
2026-09-12T21:54:11.770 DEBUG   :curobo                                  :Warp initialized - Version: 1.17.0
2026-09-12T21:54:11.770 DEBUG   :curobo                                  :Warp Devices: ['cpu', 'cuda:0']
2026-09-12T21:54:11.770 INFO    :curobo                                  :Initialized 3 costs for robot rollout
2026-09-12T21:54:11.774 DEBUG   :curobo                                  :Warp initialized - Version: 1.17.0
2026-09-12T21:54:11.774 DEBUG   :curobo                                  :Warp Devices: ['cpu', 'cuda:0']
2026-09-12T21:54:11.774 INFO    :curobo                                  :Initialized 3 costs for robot rollout
2026-09-12T21:54:11.775 DEBUG   :curobo                                  :Warp initialized - Version: 1.17.0
2026-09-12T21:54:11.775 DEBUG   :curobo                                  :Warp Devices: ['cpu', 'cuda:0']
2026-09-12T21:54:11.775 INFO    :curobo                                  :Initialized 3 costs for robot rollout
2026-09-12T21:54:11.775 DEBUG   :curobo                                  :Warp initialized - Version: 1.17.0
2026-09-12T21:54:11.775 DEBUG   :curobo                                  :Warp Devices: ['cpu', 'cuda:0']
2026-09-12T21:54:11.775 DEBUG   :curobo                                  :Warp initialized - Version: 1.17.0
2026-09-12T21:54:11.775 DEBUG   :curobo                                  :Warp Devices: ['cpu', 'cuda:0']
2026-09-12T21:54:11.775 INFO    :curobo                                  :Initialized 3 costs for robot rollout
2026-09-12T21:54:11.779 DEBUG   :curobo                                  :Warp initialized - Version: 1.17.0
2026-09-12T21:54:11.779 DEBUG   :curobo                                  :Warp Devices: ['cpu', 'cuda:0']
2026-09-12T21:54:11.779 INFO    :curobo                                  :Initialized 3 costs for robot rollout
2026-09-12T21:54:11.779 DEBUG   :curobo                                  :Warp initialized - Version: 1.17.0
2026-09-12T21:54:11.779 DEBUG   :curobo                                  :Warp Devices: ['cpu', 'cuda:0']
2026-09-12T21:54:11.779 INFO    :curobo                                  :Initialized 3 costs for robot rollout
2026-09-12T21:54:11.780 DEBUG   :curobo                                  :Warp initialized - Version: 1.17.0
2026-09-12T21:54:11.780 DEBUG   :curobo                                  :Warp Devices: ['cpu', 'cuda:0']
2026-09-12T21:54:11.780 DEBUG   :curobo                                  :Warp initialized - Version: 1.17.0
2026-09-12T21:54:11.780 DEBUG   :curobo                                  :Warp Devices: ['cpu', 'cuda:0']
2026-09-12T21:54:11.780 INFO    :curobo                                  :Initialized 3 costs for robot rollout
2026-09-12T21:54:11.785 DEBUG   :curobo                                  :Cache hit: curobo::kinematics::kinematics_forward_spheres_kernel<15, 32>
2026-09-12T21:54:11.786 INFO    :curobo                                  :exploration_idx.shape != (num_problems, n_linesearch): torch.Size([1, 4]) != (4, 4)
2026-09-12T21:54:11.786 INFO    :curobo                                  :selected_idx.shape != (num_problems, n_linesearch): torch.Size([1, 4]) != (4, 4)
2026-09-12T21:54:11.786 INFO    :curobo                                  :exploration_idx.shape != (num_problems, n_linesearch): torch.Size([1, 4]) != (4, 4)
2026-09-12T21:54:11.786 INFO    :curobo                                  :selected_idx.shape != (num_problems, n_linesearch): torch.Size([1, 4]) != (4, 4)
2026-09-12T21:54:11.786 INFO    :curobo                                  :Updating state_seq buffer reference (created new tensor)
2026-09-12T21:54:11.787 INFO    :curobo                                  :Updating state_seq buffer reference (created new tensor)
2026-09-12T21:54:11.787 INFO    :curobo                                  :Updating state_seq buffer reference (created new tensor)
2026-09-12T21:54:11.788 INFO    :curobo                                  :Updating state_seq buffer reference (created new tensor)
2026-09-12T21:54:11.789 DEBUG   :curobo                                  :Cache hit: curobo::trajectory::bspline::interpolate_bspline_kernel<float, 3, (curobo::trajectory::bspline::BasisBackend)2>
2026-09-12T21:54:11.789 DEBUG   :curobo                                  :Cache hit: curobo::kinematics::kinematics_forward_spheres_kernel<15, 32>
2026-09-12T21:54:11.790 DEBUG   :curobo                                  :Cache hit: curobo::trajectory::bspline::interpolate_bspline_kernel<float, 3, (curobo::trajectory::bspline::BasisBackend)2>
2026-09-12T21:54:11.790 DEBUG   :curobo                                  :Cache hit: curobo::kinematics::kinematics_forward_spheres_kernel<15, 32>
2026-09-12T21:54:11.793 DEBUG   :curobo                                  :Cache hit: curobo::geometry::self_collision::self_collision_max_distance_kernel<false>
2026-09-12T21:54:11.798 DEBUG   :curobo                                  :Cache hit: curobo::kinematics::kinematics_backward_kernel<float, float, 16, true, false, false>
2026-09-12T21:54:11.798 DEBUG   :curobo                                  :Cache hit: curobo::trajectory::bspline::bspline_backward_kernel<3, float, (curobo::trajectory::bspline::BasisBackend)2>
2026-09-12T21:54:11.798 DEBUG   :curobo                                  :Cache hit: curobo::optimization::line_search::kernel_line_search<float, 4>
2026-09-12T21:54:11.799 INFO    :curobo                                  :Running optimizer 1/1: LBFGSOpt
2026-09-12T21:54:11.799 INFO    :curobo                                  :Recording CUDA Graph for _opt_iters
2026-09-12T21:54:11.877 DEBUG   :curobo                                  :Cache hit: curobo::trajectory::bspline::interpolate_bspline_kernel<float, 3, (curobo::trajectory::bspline::BasisBackend)2>
2026-09-12T21:54:11.877 DEBUG   :curobo                                  :Cache hit: curobo::kinematics::kinematics_forward_spheres_kernel<15, 32>
2026-09-12T21:54:11.881 DEBUG   :curobo                                  :Cache hit: curobo::geometry::self_collision::self_collision_max_distance_kernel<false>
2026-09-12T21:54:11.882 DEBUG   :curobo                                  :Cache hit: curobo::kinematics::kinematics_backward_kernel<float, float, 16, true, false, false>
2026-09-12T21:54:11.882 DEBUG   :curobo                                  :Cache hit: curobo::trajectory::bspline::bspline_backward_kernel<3, float, (curobo::trajectory::bspline::BasisBackend)2>
2026-09-12T21:54:11.883 DEBUG   :curobo                                  :Cache hit: curobo::optimization::line_search::kernel_line_search<float, 4>
2026-09-12T21:54:11.883 DEBUG   :curobo                                  :Cache hit: curobo::optimization::kernel_lbfgs_step_shared_memory<float, false, 27>
2026-09-12T21:54:11.884 DEBUG   :curobo                                  :Cache hit: curobo::trajectory::bspline::interpolate_bspline_kernel<float, 3, (curobo::trajectory::bspline::BasisBackend)2>
2026-09-12T21:54:11.884 DEBUG   :curobo                                  :Cache hit: curobo::kinematics::kinematics_forward_spheres_kernel<15, 32>
2026-09-12T21:54:11.886 DEBUG   :curobo                                  :Cache hit: curobo::geometry::self_collision::self_collision_max_distance_kernel<false>
2026-09-12T21:54:11.887 DEBUG   :curobo                                  :Cache hit: curobo::kinematics::kinematics_backward_kernel<float, float, 16, true, false, false>
2026-09-12T21:54:11.888 DEBUG   :curobo                                  :Cache hit: curobo::trajectory::bspline::bspline_backward_kernel<3, float, (curobo::trajectory::bspline::BasisBackend)2>
2026-09-12T21:54:11.888 DEBUG   :curobo                                  :Cache hit: curobo::optimization::line_search::kernel_line_search<float, 4>
2026-09-12T21:54:11.888 DEBUG   :curobo                                  :Cache hit: curobo::optimization::kernel_lbfgs_step_shared_memory<float, false, 27>
2026-09-12T21:54:11.889 DEBUG   :curobo                                  :Cache hit: curobo::trajectory::bspline::interpolate_bspline_kernel<float, 3, (curobo::trajectory::bspline::BasisBackend)2>
2026-09-12T21:54:11.889 DEBUG   :curobo                                  :Cache hit: curobo::kinematics::kinematics_forward_spheres_kernel<15, 32>
2026-09-12T21:54:11.890 DEBUG   :curobo                                  :Cache hit: curobo::geometry::self_collision::self_collision_max_distance_kernel<false>
2026-09-12T21:54:11.892 DEBUG   :curobo                                  :Cache hit: curobo::kinematics::kinematics_backward_kernel<float, float, 16, true, false, false>
2026-09-12T21:54:11.892 DEBUG   :curobo                                  :Cache hit: curobo::trajectory::bspline::bspline_backward_kernel<3, float, (curobo::trajectory::bspline::BasisBackend)2>
2026-09-12T21:54:11.893 DEBUG   :curobo                                  :Cache hit: curobo::optimization::line_search::kernel_line_search<float, 4>
2026-09-12T21:54:11.893 DEBUG   :curobo                                  :Cache hit: curobo::optimization::kernel_lbfgs_step_shared_memory<float, false, 27>
2026-09-12T21:54:11.894 DEBUG   :curobo                                  :Cache hit: curobo::trajectory::bspline::interpolate_bspline_kernel<float, 3, (curobo::trajectory::bspline::BasisBackend)2>
2026-09-12T21:54:11.894 DEBUG   :curobo                                  :Cache hit: curobo::kinematics::kinematics_forward_spheres_kernel<15, 32>
2026-09-12T21:54:11.896 DEBUG   :curobo                                  :Cache hit: curobo::geometry::self_collision::self_collision_max_distance_kernel<false>
2026-09-12T21:54:11.897 DEBUG   :curobo                                  :Cache hit: curobo::kinematics::kinematics_backward_kernel<float, float, 16, true, false, false>
2026-09-12T21:54:11.897 DEBUG   :curobo                                  :Cache hit: curobo::trajectory::bspline::bspline_backward_kernel<3, float, (curobo::trajectory::bspline::BasisBackend)2>
2026-09-12T21:54:11.898 DEBUG   :curobo                                  :Cache hit: curobo::optimization::line_search::kernel_line_search<float, 4>
2026-09-12T21:54:11.898 DEBUG   :curobo                                  :Cache hit: curobo::optimization::kernel_lbfgs_step_shared_memory<float, false, 27>
2026-09-12T21:54:11.899 DEBUG   :curobo                                  :Cache hit: curobo::trajectory::bspline::interpolate_bspline_kernel<float, 3, (curobo::trajectory::bspline::BasisBackend)2>
2026-09-12T21:54:11.899 DEBUG   :curobo                                  :Cache hit: curobo::kinematics::kinematics_forward_spheres_kernel<15, 32>
2026-09-12T21:54:11.901 DEBUG   :curobo                                  :Cache hit: curobo::geometry::self_collision::self_collision_max_distance_kernel<false>
2026-09-12T21:54:11.902 DEBUG   :curobo                                  :Cache hit: curobo::kinematics::kinematics_backward_kernel<float, float, 16, true, false, false>
2026-09-12T21:54:11.902 DEBUG   :curobo                                  :Cache hit: curobo::trajectory::bspline::bspline_backward_kernel<3, float, (curobo::trajectory::bspline::BasisBackend)2>
2026-09-12T21:54:11.903 DEBUG   :curobo                                  :Cache hit: curobo::optimization::line_search::kernel_line_search<float, 4>
2026-09-12T21:54:11.903 DEBUG   :curobo                                  :Cache hit: curobo::optimization::kernel_lbfgs_step_shared_memory<float, false, 27>
2026-09-12T21:54:11.904 DEBUG   :curobo                                  :Cache hit: curobo::trajectory::bspline::interpolate_bspline_kernel<float, 3, (curobo::trajectory::bspline::BasisBackend)2>
2026-09-12T21:54:11.904 DEBUG   :curobo                                  :Cache hit: curobo::kinematics::kinematics_forward_spheres_kernel<15, 32>
2026-09-12T21:54:11.907 DEBUG   :curobo                                  :Cache hit: curobo::geometry::self_collision::self_collision_max_distance_kernel<false>
2026-09-12T21:54:11.909 DEBUG   :curobo                                  :Cache hit: curobo::kinematics::kinematics_backward_kernel<float, float, 16, true, false, false>
2026-09-12T21:54:11.909 DEBUG   :curobo                                  :Cache hit: curobo::trajectory::bspline::bspline_backward_kernel<3, float, (curobo::trajectory::bspline::BasisBackend)2>
2026-09-12T21:54:11.909 DEBUG   :curobo                                  :Cache hit: curobo::optimization::line_search::kernel_line_search<float, 4>
2026-09-12T21:54:11.910 DEBUG   :curobo                                  :Cache hit: curobo::optimization::kernel_lbfgs_step_shared_memory<float, false, 27>
2026-09-12T21:54:11.910 DEBUG   :curobo                                  :Cache hit: curobo::trajectory::bspline::interpolate_bspline_kernel<float, 3, (curobo::trajectory::bspline::BasisBackend)2>
2026-09-12T21:54:11.911 DEBUG   :curobo                                  :Cache hit: curobo::kinematics::kinematics_forward_spheres_kernel<15, 32>
2026-09-12T21:54:11.912 DEBUG   :curobo                                  :Cache hit: curobo::geometry::self_collision::self_collision_max_distance_kernel<false>
2026-09-12T21:54:11.913 DEBUG   :curobo                                  :Cache hit: curobo::kinematics::kinematics_backward_kernel<float, float, 16, true, false, false>
2026-09-12T21:54:11.914 DEBUG   :curobo                                  :Cache hit: curobo::trajectory::bspline::bspline_backward_kernel<3, float, (curobo::trajectory::bspline::BasisBackend)2>
2026-09-12T21:54:11.914 DEBUG   :curobo                                  :Cache hit: curobo::optimization::line_search::kernel_line_search<float, 4>
2026-09-12T21:54:11.914 DEBUG   :curobo                                  :Cache hit: curobo::optimization::kernel_lbfgs_step_shared_memory<float, false, 27>
2026-09-12T21:54:11.915 DEBUG   :curobo                                  :Cache hit: curobo::trajectory::bspline::interpolate_bspline_kernel<float, 3, (curobo::trajectory::bspline::BasisBackend)2>
2026-09-12T21:54:11.915 DEBUG   :curobo                                  :Cache hit: curobo::kinematics::kinematics_forward_spheres_kernel<15, 32>
2026-09-12T21:54:11.916 DEBUG   :curobo                                  :Cache hit: curobo::geometry::self_collision::self_collision_max_distance_kernel<false>
2026-09-12T21:54:11.917 DEBUG   :curobo                                  :Cache hit: curobo::kinematics::kinematics_backward_kernel<float, float, 16, true, false, false>
2026-09-12T21:54:11.917 DEBUG   :curobo                                  :Cache hit: curobo::trajectory::bspline::bspline_backward_kernel<3, float, (curobo::trajectory::bspline::BasisBackend)2>
2026-09-12T21:54:11.917 DEBUG   :curobo                                  :Cache hit: curobo::optimization::line_search::kernel_line_search<float, 4>
2026-09-12T21:54:11.917 DEBUG   :curobo                                  :Cache hit: curobo::optimization::kernel_lbfgs_step_shared_memory<float, false, 27>
2026-09-12T21:54:11.918 DEBUG   :curobo                                  :Cache hit: curobo::trajectory::bspline::interpolate_bspline_kernel<float, 3, (curobo::trajectory::bspline::BasisBackend)2>
2026-09-12T21:54:11.918 DEBUG   :curobo                                  :Cache hit: curobo::kinematics::kinematics_forward_spheres_kernel<15, 32>
2026-09-12T21:54:11.919 DEBUG   :curobo                                  :Cache hit: curobo::geometry::self_collision::self_collision_max_distance_kernel<false>
2026-09-12T21:54:11.920 DEBUG   :curobo                                  :Cache hit: curobo::kinematics::kinematics_backward_kernel<float, float, 16, true, false, false>
2026-09-12T21:54:11.920 DEBUG   :curobo                                  :Cache hit: curobo::trajectory::bspline::bspline_backward_kernel<3, float, (curobo::trajectory::bspline::BasisBackend)2>
2026-09-12T21:54:11.920 DEBUG   :curobo                                  :Cache hit: curobo::optimization::line_search::kernel_line_search<float, 4>
2026-09-12T21:54:11.921 DEBUG   :curobo                                  :Cache hit: curobo::optimization::kernel_lbfgs_step_shared_memory<float, false, 27>
2026-09-12T21:54:11.921 DEBUG   :curobo                                  :Cache hit: curobo::trajectory::bspline::interpolate_bspline_kernel<float, 3, (curobo::trajectory::bspline::BasisBackend)2>
2026-09-12T21:54:11.921 DEBUG   :curobo                                  :Cache hit: curobo::kinematics::kinematics_forward_spheres_kernel<15, 32>
2026-09-12T21:54:11.922 DEBUG   :curobo                                  :Cache hit: curobo::geometry::self_collision::self_collision_max_distance_kernel<false>
2026-09-12T21:54:11.924 DEBUG   :curobo                                  :Cache hit: curobo::kinematics::kinematics_backward_kernel<float, float, 16, true, false, false>
2026-09-12T21:54:11.924 DEBUG   :curobo                                  :Cache hit: curobo::trajectory::bspline::bspline_backward_kernel<3, float, (curobo::trajectory::bspline::BasisBackend)2>
2026-09-12T21:54:11.925 DEBUG   :curobo                                  :Cache hit: curobo::optimization::line_search::kernel_line_search<float, 4>
2026-09-12T21:54:11.925 DEBUG   :curobo                                  :Cache hit: curobo::optimization::kernel_lbfgs_step_shared_memory<float, false, 27>
2026-09-12T21:54:11.925 DEBUG   :curobo                                  :Cache hit: curobo::trajectory::bspline::interpolate_bspline_kernel<float, 3, (curobo::trajectory::bspline::BasisBackend)2>
2026-09-12T21:54:11.926 DEBUG   :curobo                                  :Cache hit: curobo::kinematics::kinematics_forward_spheres_kernel<15, 32>
2026-09-12T21:54:11.927 DEBUG   :curobo                                  :Cache hit: curobo::geometry::self_collision::self_collision_max_distance_kernel<false>
2026-09-12T21:54:11.928 DEBUG   :curobo                                  :Cache hit: curobo::kinematics::kinematics_backward_kernel<float, float, 16, true, false, false>
2026-09-12T21:54:11.928 DEBUG   :curobo                                  :Cache hit: curobo::trajectory::bspline::bspline_backward_kernel<3, float, (curobo::trajectory::bspline::BasisBackend)2>
2026-09-12T21:54:11.928 DEBUG   :curobo                                  :Cache hit: curobo::optimization::line_search::kernel_line_search<float, 4>
2026-09-12T21:54:11.928 DEBUG   :curobo                                  :Cache hit: curobo::optimization::kernel_lbfgs_step_shared_memory<float, false, 27>
2026-09-12T21:54:11.929 DEBUG   :curobo                                  :Cache hit: curobo::trajectory::bspline::interpolate_bspline_kernel<float, 3, (curobo::trajectory::bspline::BasisBackend)2>
2026-09-12T21:54:11.929 DEBUG   :curobo                                  :Cache hit: curobo::kinematics::kinematics_forward_spheres_kernel<15, 32>
2026-09-12T21:54:11.931 DEBUG   :curobo                                  :Cache hit: curobo::geometry::self_collision::self_collision_max_distance_kernel<false>
2026-09-12T21:54:11.932 DEBUG   :curobo                                  :Cache hit: curobo::kinematics::kinematics_backward_kernel<float, float, 16, true, false, false>
2026-09-12T21:54:11.933 DEBUG   :curobo                                  :Cache hit: curobo::trajectory::bspline::bspline_backward_kernel<3, float, (curobo::trajectory::bspline::BasisBackend)2>
2026-09-12T21:54:11.933 DEBUG   :curobo                                  :Cache hit: curobo::optimization::line_search::kernel_line_search<float, 4>
2026-09-12T21:54:11.934 DEBUG   :curobo                                  :Cache hit: curobo::optimization::kernel_lbfgs_step_shared_memory<float, false, 27>
2026-09-12T21:54:11.934 DEBUG   :curobo                                  :Cache hit: curobo::trajectory::bspline::interpolate_bspline_kernel<float, 3, (curobo::trajectory::bspline::BasisBackend)2>
2026-09-12T21:54:11.935 DEBUG   :curobo                                  :Cache hit: curobo::kinematics::kinematics_forward_spheres_kernel<15, 32>
2026-09-12T21:54:11.936 DEBUG   :curobo                                  :Cache hit: curobo::geometry::self_collision::self_collision_max_distance_kernel<false>
2026-09-12T21:54:11.937 DEBUG   :curobo                                  :Cache hit: curobo::kinematics::kinematics_backward_kernel<float, float, 16, true, false, false>
2026-09-12T21:54:11.937 DEBUG   :curobo                                  :Cache hit: curobo::trajectory::bspline::bspline_backward_kernel<3, float, (curobo::trajectory::bspline::BasisBackend)2>
2026-09-12T21:54:11.937 DEBUG   :curobo                                  :Cache hit: curobo::optimization::line_search::kernel_line_search<float, 4>
2026-09-12T21:54:11.938 DEBUG   :curobo                                  :Cache hit: curobo::optimization::kernel_lbfgs_step_shared_memory<float, false, 27>
2026-09-12T21:54:11.938 DEBUG   :curobo                                  :Cache hit: curobo::trajectory::bspline::interpolate_bspline_kernel<float, 3, (curobo::trajectory::bspline::BasisBackend)2>
2026-09-12T21:54:11.939 DEBUG   :curobo                                  :Cache hit: curobo::kinematics::kinematics_forward_spheres_kernel<15, 32>
2026-09-12T21:54:11.940 DEBUG   :curobo                                  :Cache hit: curobo::geometry::self_collision::self_collision_max_distance_kernel<false>
2026-09-12T21:54:11.941 DEBUG   :curobo                                  :Cache hit: curobo::kinematics::kinematics_backward_kernel<float, float, 16, true, false, false>
2026-09-12T21:54:11.942 DEBUG   :curobo                                  :Cache hit: curobo::trajectory::bspline::bspline_backward_kernel<3, float, (curobo::trajectory::bspline::BasisBackend)2>
2026-09-12T21:54:11.942 DEBUG   :curobo                                  :Cache hit: curobo::optimization::line_search::kernel_line_search<float, 4>
2026-09-12T21:54:11.942 DEBUG   :curobo                                  :Cache hit: curobo::optimization::kernel_lbfgs_step_shared_memory<float, false, 27>
2026-09-12T21:54:11.943 DEBUG   :curobo                                  :Cache hit: curobo::trajectory::bspline::interpolate_bspline_kernel<float, 3, (curobo::trajectory::bspline::BasisBackend)2>
2026-09-12T21:54:11.943 DEBUG   :curobo                                  :Cache hit: curobo::kinematics::kinematics_forward_spheres_kernel<15, 32>
2026-09-12T21:54:11.944 DEBUG   :curobo                                  :Cache hit: curobo::geometry::self_collision::self_collision_max_distance_kernel<false>
2026-09-12T21:54:11.946 DEBUG   :curobo                                  :Cache hit: curobo::kinematics::kinematics_backward_kernel<float, float, 16, true, false, false>
2026-09-12T21:54:11.946 DEBUG   :curobo                                  :Cache hit: curobo::trajectory::bspline::bspline_backward_kernel<3, float, (curobo::trajectory::bspline::BasisBackend)2>
2026-09-12T21:54:11.947 DEBUG   :curobo                                  :Cache hit: curobo::optimization::line_search::kernel_line_search<float, 4>
2026-09-12T21:54:11.947 DEBUG   :curobo                                  :Cache hit: curobo::optimization::kernel_lbfgs_step_shared_memory<float, false, 27>
2026-09-12T21:54:11.948 DEBUG   :curobo                                  :Cache hit: curobo::trajectory::bspline::interpolate_bspline_kernel<float, 3, (curobo::trajectory::bspline::BasisBackend)2>
2026-09-12T21:54:11.948 DEBUG   :curobo                                  :Cache hit: curobo::kinematics::kinematics_forward_spheres_kernel<15, 32>
2026-09-12T21:54:11.950 DEBUG   :curobo                                  :Cache hit: curobo::geometry::self_collision::self_collision_max_distance_kernel<false>
2026-09-12T21:54:11.951 DEBUG   :curobo                                  :Cache hit: curobo::kinematics::kinematics_backward_kernel<float, float, 16, true, false, false>
2026-09-12T21:54:11.951 DEBUG   :curobo                                  :Cache hit: curobo::trajectory::bspline::bspline_backward_kernel<3, float, (curobo::trajectory::bspline::BasisBackend)2>
2026-09-12T21:54:11.952 DEBUG   :curobo                                  :Cache hit: curobo::optimization::line_search::kernel_line_search<float, 4>
2026-09-12T21:54:11.952 DEBUG   :curobo                                  :Cache hit: curobo::optimization::kernel_lbfgs_step_shared_memory<float, false, 27>
2026-09-12T21:54:11.953 DEBUG   :curobo                                  :Cache hit: curobo::trajectory::bspline::interpolate_bspline_kernel<float, 3, (curobo::trajectory::bspline::BasisBackend)2>
2026-09-12T21:54:11.953 DEBUG   :curobo                                  :Cache hit: curobo::kinematics::kinematics_forward_spheres_kernel<15, 32>
2026-09-12T21:54:11.955 DEBUG   :curobo                                  :Cache hit: curobo::geometry::self_collision::self_collision_max_distance_kernel<false>
2026-09-12T21:54:11.956 DEBUG   :curobo                                  :Cache hit: curobo::kinematics::kinematics_backward_kernel<float, float, 16, true, false, false>
2026-09-12T21:54:11.956 DEBUG   :curobo                                  :Cache hit: curobo::trajectory::bspline::bspline_backward_kernel<3, float, (curobo::trajectory::bspline::BasisBackend)2>
2026-09-12T21:54:11.957 DEBUG   :curobo                                  :Cache hit: curobo::optimization::line_search::kernel_line_search<float, 4>
2026-09-12T21:54:11.957 DEBUG   :curobo                                  :Cache hit: curobo::optimization::kernel_lbfgs_step_shared_memory<float, false, 27>
2026-09-12T21:54:11.958 DEBUG   :curobo                                  :Cache hit: curobo::trajectory::bspline::interpolate_bspline_kernel<float, 3, (curobo::trajectory::bspline::BasisBackend)2>
2026-09-12T21:54:11.958 DEBUG   :curobo                                  :Cache hit: curobo::kinematics::kinematics_forward_spheres_kernel<15, 32>
2026-09-12T21:54:11.960 DEBUG   :curobo                                  :Cache hit: curobo::geometry::self_collision::self_collision_max_distance_kernel<false>
2026-09-12T21:54:11.961 DEBUG   :curobo                                  :Cache hit: curobo::kinematics::kinematics_backward_kernel<float, float, 16, true, false, false>
2026-09-12T21:54:11.961 DEBUG   :curobo                                  :Cache hit: curobo::trajectory::bspline::bspline_backward_kernel<3, float, (curobo::trajectory::bspline::BasisBackend)2>
2026-09-12T21:54:11.962 DEBUG   :curobo                                  :Cache hit: curobo::optimization::line_search::kernel_line_search<float, 4>
2026-09-12T21:54:11.962 DEBUG   :curobo                                  :Cache hit: curobo::optimization::kernel_lbfgs_step_shared_memory<float, false, 27>
2026-09-12T21:54:11.962 DEBUG   :curobo                                  :Cache hit: curobo::trajectory::bspline::interpolate_bspline_kernel<float, 3, (curobo::trajectory::bspline::BasisBackend)2>
2026-09-12T21:54:11.963 DEBUG   :curobo                                  :Cache hit: curobo::kinematics::kinematics_forward_spheres_kernel<15, 32>
2026-09-12T21:54:11.964 DEBUG   :curobo                                  :Cache hit: curobo::geometry::self_collision::self_collision_max_distance_kernel<false>
2026-09-12T21:54:11.965 DEBUG   :curobo                                  :Cache hit: curobo::kinematics::kinematics_backward_kernel<float, float, 16, true, false, false>
2026-09-12T21:54:11.966 DEBUG   :curobo                                  :Cache hit: curobo::trajectory::bspline::bspline_backward_kernel<3, float, (curobo::trajectory::bspline::BasisBackend)2>
2026-09-12T21:54:11.966 DEBUG   :curobo                                  :Cache hit: curobo::optimization::line_search::kernel_line_search<float, 4>
2026-09-12T21:54:11.966 DEBUG   :curobo                                  :Cache hit: curobo::optimization::kernel_lbfgs_step_shared_memory<float, false, 27>
2026-09-12T21:54:11.967 DEBUG   :curobo                                  :Cache hit: curobo::trajectory::bspline::interpolate_bspline_kernel<float, 3, (curobo::trajectory::bspline::BasisBackend)2>
2026-09-12T21:54:11.967 DEBUG   :curobo                                  :Cache hit: curobo::kinematics::kinematics_forward_spheres_kernel<15, 32>
2026-09-12T21:54:11.968 DEBUG   :curobo                                  :Cache hit: curobo::geometry::self_collision::self_collision_max_distance_kernel<false>
2026-09-12T21:54:11.969 DEBUG   :curobo                                  :Cache hit: curobo::kinematics::kinematics_backward_kernel<float, float, 16, true, false, false>
2026-09-12T21:54:11.970 DEBUG   :curobo                                  :Cache hit: curobo::trajectory::bspline::bspline_backward_kernel<3, float, (curobo::trajectory::bspline::BasisBackend)2>
2026-09-12T21:54:11.970 DEBUG   :curobo                                  :Cache hit: curobo::optimization::line_search::kernel_line_search<float, 4>
2026-09-12T21:54:11.970 DEBUG   :curobo                                  :Cache hit: curobo::optimization::kernel_lbfgs_step_shared_memory<float, false, 27>
2026-09-12T21:54:11.971 DEBUG   :curobo                                  :Cache hit: curobo::trajectory::bspline::interpolate_bspline_kernel<float, 3, (curobo::trajectory::bspline::BasisBackend)2>
2026-09-12T21:54:11.971 DEBUG   :curobo                                  :Cache hit: curobo::kinematics::kinematics_forward_spheres_kernel<15, 32>
2026-09-12T21:54:11.972 DEBUG   :curobo                                  :Cache hit: curobo::geometry::self_collision::self_collision_max_distance_kernel<false>
2026-09-12T21:54:11.973 DEBUG   :curobo                                  :Cache hit: curobo::kinematics::kinematics_backward_kernel<float, float, 16, true, false, false>
2026-09-12T21:54:11.973 DEBUG   :curobo                                  :Cache hit: curobo::trajectory::bspline::bspline_backward_kernel<3, float, (curobo::trajectory::bspline::BasisBackend)2>
2026-09-12T21:54:11.974 DEBUG   :curobo                                  :Cache hit: curobo::optimization::line_search::kernel_line_search<float, 4>
2026-09-12T21:54:11.974 DEBUG   :curobo                                  :Cache hit: curobo::optimization::kernel_lbfgs_step_shared_memory<float, false, 27>
2026-09-12T21:54:11.974 DEBUG   :curobo                                  :Cache hit: curobo::trajectory::bspline::interpolate_bspline_kernel<float, 3, (curobo::trajectory::bspline::BasisBackend)2>
2026-09-12T21:54:11.974 DEBUG   :curobo                                  :Cache hit: curobo::kinematics::kinematics_forward_spheres_kernel<15, 32>
2026-09-12T21:54:11.975 DEBUG   :curobo                                  :Cache hit: curobo::geometry::self_collision::self_collision_max_distance_kernel<false>
2026-09-12T21:54:11.977 DEBUG   :curobo                                  :Cache hit: curobo::kinematics::kinematics_backward_kernel<float, float, 16, true, false, false>
2026-09-12T21:54:11.977 DEBUG   :curobo                                  :Cache hit: curobo::trajectory::bspline::bspline_backward_kernel<3, float, (curobo::trajectory::bspline::BasisBackend)2>
2026-09-12T21:54:11.977 DEBUG   :curobo                                  :Cache hit: curobo::optimization::line_search::kernel_line_search<float, 4>
2026-09-12T21:54:11.978 DEBUG   :curobo                                  :Cache hit: curobo::optimization::kernel_lbfgs_step_shared_memory<float, false, 27>
2026-09-12T21:54:11.978 DEBUG   :curobo                                  :Cache hit: curobo::trajectory::bspline::interpolate_bspline_kernel<float, 3, (curobo::trajectory::bspline::BasisBackend)2>
2026-09-12T21:54:11.978 DEBUG   :curobo                                  :Cache hit: curobo::kinematics::kinematics_forward_spheres_kernel<15, 32>
2026-09-12T21:54:11.979 DEBUG   :curobo                                  :Cache hit: curobo::geometry::self_collision::self_collision_max_distance_kernel<false>
2026-09-12T21:54:11.980 DEBUG   :curobo                                  :Cache hit: curobo::kinematics::kinematics_backward_kernel<float, float, 16, true, false, false>
2026-09-12T21:54:11.980 DEBUG   :curobo                                  :Cache hit: curobo::trajectory::bspline::bspline_backward_kernel<3, float, (curobo::trajectory::bspline::BasisBackend)2>
2026-09-12T21:54:11.981 DEBUG   :curobo                                  :Cache hit: curobo::optimization::line_search::kernel_line_search<float, 4>
2026-09-12T21:54:11.981 DEBUG   :curobo                                  :Cache hit: curobo::optimization::kernel_lbfgs_step_shared_memory<float, false, 27>
2026-09-12T21:54:11.982 DEBUG   :curobo                                  :Cache hit: curobo::trajectory::bspline::interpolate_bspline_kernel<float, 3, (curobo::trajectory::bspline::BasisBackend)2>
2026-09-12T21:54:11.982 DEBUG   :curobo                                  :Cache hit: curobo::kinematics::kinematics_forward_spheres_kernel<15, 32>
2026-09-12T21:54:11.983 DEBUG   :curobo                                  :Cache hit: curobo::geometry::self_collision::self_collision_max_distance_kernel<false>
2026-09-12T21:54:11.984 DEBUG   :curobo                                  :Cache hit: curobo::kinematics::kinematics_backward_kernel<float, float, 16, true, false, false>
2026-09-12T21:54:11.984 DEBUG   :curobo                                  :Cache hit: curobo::trajectory::bspline::bspline_backward_kernel<3, float, (curobo::trajectory::bspline::BasisBackend)2>
2026-09-12T21:54:11.984 DEBUG   :curobo                                  :Cache hit: curobo::optimization::line_search::kernel_line_search<float, 4>
2026-09-12T21:54:11.985 DEBUG   :curobo                                  :Cache hit: curobo::optimization::kernel_lbfgs_step_shared_memory<float, false, 27>
2026-09-12T21:54:11.985 DEBUG   :curobo                                  :Cache hit: curobo::trajectory::bspline::interpolate_bspline_kernel<float, 3, (curobo::trajectory::bspline::BasisBackend)2>
2026-09-12T21:54:11.985 DEBUG   :curobo                                  :Cache hit: curobo::kinematics::kinematics_forward_spheres_kernel<15, 32>
2026-09-12T21:54:11.986 DEBUG   :curobo                                  :Cache hit: curobo::geometry::self_collision::self_collision_max_distance_kernel<false>
2026-09-12T21:54:11.988 DEBUG   :curobo                                  :Cache hit: curobo::kinematics::kinematics_backward_kernel<float, float, 16, true, false, false>
2026-09-12T21:54:11.988 DEBUG   :curobo                                  :Cache hit: curobo::trajectory::bspline::bspline_backward_kernel<3, float, (curobo::trajectory::bspline::BasisBackend)2>
2026-09-12T21:54:11.990 DEBUG   :curobo                                  :Cache hit: curobo::optimization::line_search::kernel_line_search<float, 4>
2026-09-12T21:54:11.990 DEBUG   :curobo                                  :Cache hit: curobo::optimization::kernel_lbfgs_step_shared_memory<float, false, 27>
2026-09-12T21:54:11.991 DEBUG   :curobo                                  :Cache hit: curobo::trajectory::bspline::interpolate_bspline_kernel<float, 3, (curobo::trajectory::bspline::BasisBackend)2>
2026-09-12T21:54:11.991 DEBUG   :curobo                                  :Cache hit: curobo::kinematics::kinematics_forward_spheres_kernel<15, 32>
2026-09-12T21:54:11.993 DEBUG   :curobo                                  :Cache hit: curobo::geometry::self_collision::self_collision_max_distance_kernel<false>
2026-09-12T21:54:11.994 DEBUG   :curobo                                  :Cache hit: curobo::kinematics::kinematics_backward_kernel<float, float, 16, true, false, false>
2026-09-12T21:54:11.994 DEBUG   :curobo                                  :Cache hit: curobo::trajectory::bspline::bspline_backward_kernel<3, float, (curobo::trajectory::bspline::BasisBackend)2>
2026-09-12T21:54:11.994 DEBUG   :curobo                                  :Cache hit: curobo::optimization::line_search::kernel_line_search<float, 4>
2026-09-12T21:54:11.995 DEBUG   :curobo                                  :Cache hit: curobo::optimization::kernel_lbfgs_step_shared_memory<float, false, 27>
2026-09-12T21:54:11.995 DEBUG   :curobo                                  :Cache hit: curobo::trajectory::bspline::interpolate_bspline_kernel<float, 3, (curobo::trajectory::bspline::BasisBackend)2>
2026-09-12T21:54:11.996 DEBUG   :curobo                                  :Cache hit: curobo::kinematics::kinematics_forward_spheres_kernel<15, 32>
2026-09-12T21:54:11.997 DEBUG   :curobo                                  :Cache hit: curobo::geometry::self_collision::self_collision_max_distance_kernel<false>
2026-09-12T21:54:11.998 DEBUG   :curobo                                  :Cache hit: curobo::kinematics::kinematics_backward_kernel<float, float, 16, true, false, false>
2026-09-12T21:54:11.999 DEBUG   :curobo                                  :Cache hit: curobo::trajectory::bspline::bspline_backward_kernel<3, float, (curobo::trajectory::bspline::BasisBackend)2>
2026-09-12T21:54:11.999 DEBUG   :curobo                                  :Cache hit: curobo::optimization::line_search::kernel_line_search<float, 4>
2026-09-12T21:54:12.000 DEBUG   :curobo                                  :Cache hit: curobo::optimization::kernel_lbfgs_step_shared_memory<float, false, 27>
2026-09-12T21:54:12.000 DEBUG   :curobo                                  :Cache hit: curobo::trajectory::bspline::interpolate_bspline_kernel<float, 3, (curobo::trajectory::bspline::BasisBackend)2>
2026-09-12T21:54:12.001 DEBUG   :curobo                                  :Cache hit: curobo::kinematics::kinematics_forward_spheres_kernel<15, 32>
2026-09-12T21:54:12.002 DEBUG   :curobo                                  :Cache hit: curobo::geometry::self_collision::self_collision_max_distance_kernel<false>
2026-09-12T21:54:12.003 DEBUG   :curobo                                  :Cache hit: curobo::kinematics::kinematics_backward_kernel<float, float, 16, true, false, false>
2026-09-12T21:54:12.003 DEBUG   :curobo                                  :Cache hit: curobo::trajectory::bspline::bspline_backward_kernel<3, float, (curobo::trajectory::bspline::BasisBackend)2>
2026-09-12T21:54:12.004 DEBUG   :curobo                                  :Cache hit: curobo::optimization::line_search::kernel_line_search<float, 4>
2026-09-12T21:54:12.004 DEBUG   :curobo                                  :Cache hit: curobo::optimization::kernel_lbfgs_step_shared_memory<float, false, 27>
2026-09-12T21:54:12.005 DEBUG   :curobo                                  :Cache hit: curobo::trajectory::bspline::interpolate_bspline_kernel<float, 3, (curobo::trajectory::bspline::BasisBackend)2>
2026-09-12T21:54:12.005 DEBUG   :curobo                                  :Cache hit: curobo::kinematics::kinematics_forward_spheres_kernel<15, 32>
2026-09-12T21:54:12.006 DEBUG   :curobo                                  :Cache hit: curobo::geometry::self_collision::self_collision_max_distance_kernel<false>
2026-09-12T21:54:12.007 DEBUG   :curobo                                  :Cache hit: curobo::kinematics::kinematics_backward_kernel<float, float, 16, true, false, false>
2026-09-12T21:54:12.008 DEBUG   :curobo                                  :Cache hit: curobo::trajectory::bspline::bspline_backward_kernel<3, float, (curobo::trajectory::bspline::BasisBackend)2>
2026-09-12T21:54:12.008 DEBUG   :curobo                                  :Cache hit: curobo::optimization::line_search::kernel_line_search<float, 4>
2026-09-12T21:54:12.009 DEBUG   :curobo                                  :Cache hit: curobo::optimization::kernel_lbfgs_step_shared_memory<float, false, 27>
2026-09-12T21:54:12.009 DEBUG   :curobo                                  :Cache hit: curobo::trajectory::bspline::interpolate_bspline_kernel<float, 3, (curobo::trajectory::bspline::BasisBackend)2>
2026-09-12T21:54:12.009 DEBUG   :curobo                                  :Cache hit: curobo::kinematics::kinematics_forward_spheres_kernel<15, 32>
2026-09-12T21:54:12.011 DEBUG   :curobo                                  :Cache hit: curobo::geometry::self_collision::self_collision_max_distance_kernel<false>
2026-09-12T21:54:12.013 DEBUG   :curobo                                  :Cache hit: curobo::kinematics::kinematics_backward_kernel<float, float, 16, true, false, false>
2026-09-12T21:54:12.013 DEBUG   :curobo                                  :Cache hit: curobo::trajectory::bspline::bspline_backward_kernel<3, float, (curobo::trajectory::bspline::BasisBackend)2>
2026-09-12T21:54:12.013 DEBUG   :curobo                                  :Cache hit: curobo::optimization::line_search::kernel_line_search<float, 4>
2026-09-12T21:54:12.014 DEBUG   :curobo                                  :Cache hit: curobo::optimization::kernel_lbfgs_step_shared_memory<float, false, 27>
2026-09-12T21:54:12.014 DEBUG   :curobo                                  :Cache hit: curobo::trajectory::bspline::interpolate_bspline_kernel<float, 3, (curobo::trajectory::bspline::BasisBackend)2>
2026-09-12T21:54:12.015 DEBUG   :curobo                                  :Cache hit: curobo::kinematics::kinematics_forward_spheres_kernel<15, 32>
2026-09-12T21:54:12.016 DEBUG   :curobo                                  :Cache hit: curobo::geometry::self_collision::self_collision_max_distance_kernel<false>
2026-09-12T21:54:12.018 DEBUG   :curobo                                  :Cache hit: curobo::kinematics::kinematics_backward_kernel<float, float, 16, true, false, false>
2026-09-12T21:54:12.018 DEBUG   :curobo                                  :Cache hit: curobo::trajectory::bspline::bspline_backward_kernel<3, float, (curobo::trajectory::bspline::BasisBackend)2>
2026-09-12T21:54:12.018 DEBUG   :curobo                                  :Cache hit: curobo::optimization::line_search::kernel_line_search<float, 4>
2026-09-12T21:54:12.019 DEBUG   :curobo                                  :Cache hit: curobo::optimization::kernel_lbfgs_step_shared_memory<float, false, 27>
2026-09-12T21:54:12.019 DEBUG   :curobo                                  :Cache hit: curobo::trajectory::bspline::interpolate_bspline_kernel<float, 3, (curobo::trajectory::bspline::BasisBackend)2>
2026-09-12T21:54:12.020 DEBUG   :curobo                                  :Cache hit: curobo::kinematics::kinematics_forward_spheres_kernel<15, 32>
2026-09-12T21:54:12.021 DEBUG   :curobo                                  :Cache hit: curobo::geometry::self_collision::self_collision_max_distance_kernel<false>
2026-09-12T21:54:12.022 DEBUG   :curobo                                  :Cache hit: curobo::kinematics::kinematics_backward_kernel<float, float, 16, true, false, false>
2026-09-12T21:54:12.022 DEBUG   :curobo                                  :Cache hit: curobo::trajectory::bspline::bspline_backward_kernel<3, float, (curobo::trajectory::bspline::BasisBackend)2>
2026-09-12T21:54:12.023 DEBUG   :curobo                                  :Cache hit: curobo::optimization::line_search::kernel_line_search<float, 4>
2026-09-12T21:54:12.023 DEBUG   :curobo                                  :Cache hit: curobo::optimization::kernel_lbfgs_step_shared_memory<float, false, 27>
2026-09-12T21:54:12.023 DEBUG   :curobo                                  :Cache hit: curobo::trajectory::bspline::interpolate_bspline_kernel<float, 3, (curobo::trajectory::bspline::BasisBackend)2>
2026-09-12T21:54:12.024 DEBUG   :curobo                                  :Cache hit: curobo::kinematics::kinematics_forward_spheres_kernel<15, 32>
2026-09-12T21:54:12.025 DEBUG   :curobo                                  :Cache hit: curobo::geometry::self_collision::self_collision_max_distance_kernel<false>
2026-09-12T21:54:12.026 DEBUG   :curobo                                  :Cache hit: curobo::kinematics::kinematics_backward_kernel<float, float, 16, true, false, false>
2026-09-12T21:54:12.026 DEBUG   :curobo                                  :Cache hit: curobo::trajectory::bspline::bspline_backward_kernel<3, float, (curobo::trajectory::bspline::BasisBackend)2>
2026-09-12T21:54:12.026 DEBUG   :curobo                                  :Cache hit: curobo::optimization::line_search::kernel_line_search<float, 4>
2026-09-12T21:54:12.027 DEBUG   :curobo                                  :Cache hit: curobo::optimization::kernel_lbfgs_step_shared_memory<float, false, 27>
2026-09-12T21:54:12.027 DEBUG   :curobo                                  :Cache hit: curobo::trajectory::bspline::interpolate_bspline_kernel<float, 3, (curobo::trajectory::bspline::BasisBackend)2>
2026-09-12T21:54:12.027 DEBUG   :curobo                                  :Cache hit: curobo::kinematics::kinematics_forward_spheres_kernel<15, 32>
2026-09-12T21:54:12.029 DEBUG   :curobo                                  :Cache hit: curobo::geometry::self_collision::self_collision_max_distance_kernel<false>
2026-09-12T21:54:12.030 DEBUG   :curobo                                  :Cache hit: curobo::kinematics::kinematics_backward_kernel<float, float, 16, true, false, false>
2026-09-12T21:54:12.030 DEBUG   :curobo                                  :Cache hit: curobo::trajectory::bspline::bspline_backward_kernel<3, float, (curobo::trajectory::bspline::BasisBackend)2>
2026-09-12T21:54:12.031 DEBUG   :curobo                                  :Cache hit: curobo::optimization::line_search::kernel_line_search<float, 4>
2026-09-12T21:54:12.031 DEBUG   :curobo                                  :Cache hit: curobo::optimization::kernel_lbfgs_step_shared_memory<float, false, 27>
2026-09-12T21:54:12.032 DEBUG   :curobo                                  :Cache hit: curobo::trajectory::bspline::interpolate_bspline_kernel<float, 3, (curobo::trajectory::bspline::BasisBackend)2>
2026-09-12T21:54:12.032 DEBUG   :curobo                                  :Cache hit: curobo::kinematics::kinematics_forward_spheres_kernel<15, 32>
2026-09-12T21:54:12.033 DEBUG   :curobo                                  :Cache hit: curobo::geometry::self_collision::self_collision_max_distance_kernel<false>
2026-09-12T21:54:12.034 DEBUG   :curobo                                  :Cache hit: curobo::kinematics::kinematics_backward_kernel<float, float, 16, true, false, false>
2026-09-12T21:54:12.035 DEBUG   :curobo                                  :Cache hit: curobo::trajectory::bspline::bspline_backward_kernel<3, float, (curobo::trajectory::bspline::BasisBackend)2>
2026-09-12T21:54:12.035 DEBUG   :curobo                                  :Cache hit: curobo::optimization::line_search::kernel_line_search<float, 4>
2026-09-12T21:54:12.035 DEBUG   :curobo                                  :Cache hit: curobo::optimization::kernel_lbfgs_step_shared_memory<float, false, 27>
2026-09-12T21:54:12.036 DEBUG   :curobo                                  :Cache hit: curobo::trajectory::bspline::interpolate_bspline_kernel<float, 3, (curobo::trajectory::bspline::BasisBackend)2>
2026-09-12T21:54:12.036 DEBUG   :curobo                                  :Cache hit: curobo::kinematics::kinematics_forward_spheres_kernel<15, 32>
2026-09-12T21:54:12.037 DEBUG   :curobo                                  :Cache hit: curobo::geometry::self_collision::self_collision_max_distance_kernel<false>
2026-09-12T21:54:12.039 DEBUG   :curobo                                  :Cache hit: curobo::kinematics::kinematics_backward_kernel<float, float, 16, true, false, false>
2026-09-12T21:54:12.039 DEBUG   :curobo                                  :Cache hit: curobo::trajectory::bspline::bspline_backward_kernel<3, float, (curobo::trajectory::bspline::BasisBackend)2>
2026-09-12T21:54:12.039 DEBUG   :curobo                                  :Cache hit: curobo::optimization::line_search::kernel_line_search<float, 4>
2026-09-12T21:54:12.040 DEBUG   :curobo                                  :Cache hit: curobo::optimization::kernel_lbfgs_step_shared_memory<float, false, 27>
2026-09-12T21:54:12.040 DEBUG   :curobo                                  :Cache hit: curobo::trajectory::bspline::interpolate_bspline_kernel<float, 3, (curobo::trajectory::bspline::BasisBackend)2>
2026-09-12T21:54:12.041 DEBUG   :curobo                                  :Cache hit: curobo::kinematics::kinematics_forward_spheres_kernel<15, 32>
2026-09-12T21:54:12.042 DEBUG   :curobo                                  :Cache hit: curobo::geometry::self_collision::self_collision_max_distance_kernel<false>
2026-09-12T21:54:12.042 DEBUG   :curobo                                  :Cache hit: curobo::kinematics::kinematics_backward_kernel<float, float, 16, true, false, false>
2026-09-12T21:54:12.043 DEBUG   :curobo                                  :Cache hit: curobo::trajectory::bspline::bspline_backward_kernel<3, float, (curobo::trajectory::bspline::BasisBackend)2>
2026-09-12T21:54:12.043 DEBUG   :curobo                                  :Cache hit: curobo::optimization::line_search::kernel_line_search<float, 4>
2026-09-12T21:54:12.043 DEBUG   :curobo                                  :Cache hit: curobo::optimization::kernel_lbfgs_step_shared_memory<float, false, 27>
2026-09-12T21:54:12.044 DEBUG   :curobo                                  :Cache hit: curobo::trajectory::bspline::interpolate_bspline_kernel<float, 3, (curobo::trajectory::bspline::BasisBackend)2>
2026-09-12T21:54:12.044 DEBUG   :curobo                                  :Cache hit: curobo::kinematics::kinematics_forward_spheres_kernel<15, 32>
2026-09-12T21:54:12.045 DEBUG   :curobo                                  :Cache hit: curobo::geometry::self_collision::self_collision_max_distance_kernel<false>
2026-09-12T21:54:12.046 DEBUG   :curobo                                  :Cache hit: curobo::kinematics::kinematics_backward_kernel<float, float, 16, true, false, false>
2026-09-12T21:54:12.046 DEBUG   :curobo                                  :Cache hit: curobo::trajectory::bspline::bspline_backward_kernel<3, float, (curobo::trajectory::bspline::BasisBackend)2>
2026-09-12T21:54:12.047 DEBUG   :curobo                                  :Cache hit: curobo::optimization::line_search::kernel_line_search<float, 4>
2026-09-12T21:54:12.047 DEBUG   :curobo                                  :Cache hit: curobo::optimization::kernel_lbfgs_step_shared_memory<float, false, 27>
2026-09-12T21:54:12.048 DEBUG   :curobo                                  :Cache hit: curobo::trajectory::bspline::interpolate_bspline_kernel<float, 3, (curobo::trajectory::bspline::BasisBackend)2>
2026-09-12T21:54:12.048 DEBUG   :curobo                                  :Cache hit: curobo::kinematics::kinematics_forward_spheres_kernel<15, 32>
2026-09-12T21:54:12.049 DEBUG   :curobo                                  :Cache hit: curobo::geometry::self_collision::self_collision_max_distance_kernel<false>
2026-09-12T21:54:12.051 DEBUG   :curobo                                  :Cache hit: curobo::kinematics::kinematics_backward_kernel<float, float, 16, true, false, false>
2026-09-12T21:54:12.051 DEBUG   :curobo                                  :Cache hit: curobo::trajectory::bspline::bspline_backward_kernel<3, float, (curobo::trajectory::bspline::BasisBackend)2>
2026-09-12T21:54:12.051 DEBUG   :curobo                                  :Cache hit: curobo::optimization::line_search::kernel_line_search<float, 4>
2026-09-12T21:54:12.052 DEBUG   :curobo                                  :Cache hit: curobo::optimization::kernel_lbfgs_step_shared_memory<float, false, 27>
2026-09-12T21:54:12.052 DEBUG   :curobo                                  :Cache hit: curobo::trajectory::bspline::interpolate_bspline_kernel<float, 3, (curobo::trajectory::bspline::BasisBackend)2>
2026-09-12T21:54:12.053 DEBUG   :curobo                                  :Cache hit: curobo::kinematics::kinematics_forward_spheres_kernel<15, 32>
2026-09-12T21:54:12.054 DEBUG   :curobo                                  :Cache hit: curobo::geometry::self_collision::self_collision_max_distance_kernel<false>
2026-09-12T21:54:12.055 DEBUG   :curobo                                  :Cache hit: curobo::kinematics::kinematics_backward_kernel<float, float, 16, true, false, false>
2026-09-12T21:54:12.055 DEBUG   :curobo                                  :Cache hit: curobo::trajectory::bspline::bspline_backward_kernel<3, float, (curobo::trajectory::bspline::BasisBackend)2>
2026-09-12T21:54:12.056 DEBUG   :curobo                                  :Cache hit: curobo::optimization::line_search::kernel_line_search<float, 4>
2026-09-12T21:54:12.056 DEBUG   :curobo                                  :Cache hit: curobo::optimization::kernel_lbfgs_step_shared_memory<float, false, 27>
2026-09-12T21:54:12.057 DEBUG   :curobo                                  :Cache hit: curobo::trajectory::bspline::interpolate_bspline_kernel<float, 3, (curobo::trajectory::bspline::BasisBackend)2>
2026-09-12T21:54:12.057 DEBUG   :curobo                                  :Cache hit: curobo::kinematics::kinematics_forward_spheres_kernel<15, 32>
2026-09-12T21:54:12.058 DEBUG   :curobo                                  :Cache hit: curobo::geometry::self_collision::self_collision_max_distance_kernel<false>
2026-09-12T21:54:12.059 DEBUG   :curobo                                  :Cache hit: curobo::kinematics::kinematics_backward_kernel<float, float, 16, true, false, false>
2026-09-12T21:54:12.060 DEBUG   :curobo                                  :Cache hit: curobo::trajectory::bspline::bspline_backward_kernel<3, float, (curobo::trajectory::bspline::BasisBackend)2>
2026-09-12T21:54:12.060 DEBUG   :curobo                                  :Cache hit: curobo::optimization::line_search::kernel_line_search<float, 4>
2026-09-12T21:54:12.060 DEBUG   :curobo                                  :Cache hit: curobo::optimization::kernel_lbfgs_step_shared_memory<float, false, 27>
2026-09-12T21:54:12.061 DEBUG   :curobo                                  :Cache hit: curobo::trajectory::bspline::interpolate_bspline_kernel<float, 3, (curobo::trajectory::bspline::BasisBackend)2>
2026-09-12T21:54:12.061 DEBUG   :curobo                                  :Cache hit: curobo::kinematics::kinematics_forward_spheres_kernel<15, 32>
2026-09-12T21:54:12.062 DEBUG   :curobo                                  :Cache hit: curobo::geometry::self_collision::self_collision_max_distance_kernel<false>
2026-09-12T21:54:12.063 DEBUG   :curobo                                  :Cache hit: curobo::kinematics::kinematics_backward_kernel<float, float, 16, true, false, false>
2026-09-12T21:54:12.064 DEBUG   :curobo                                  :Cache hit: curobo::trajectory::bspline::bspline_backward_kernel<3, float, (curobo::trajectory::bspline::BasisBackend)2>
2026-09-12T21:54:12.064 DEBUG   :curobo                                  :Cache hit: curobo::optimization::line_search::kernel_line_search<float, 4>
2026-09-12T21:54:12.064 DEBUG   :curobo                                  :Cache hit: curobo::optimization::kernel_lbfgs_step_shared_memory<float, false, 27>
2026-09-12T21:54:12.065 DEBUG   :curobo                                  :Cache hit: curobo::trajectory::bspline::interpolate_bspline_kernel<float, 3, (curobo::trajectory::bspline::BasisBackend)2>
2026-09-12T21:54:12.065 DEBUG   :curobo                                  :Cache hit: curobo::kinematics::kinematics_forward_spheres_kernel<15, 32>
2026-09-12T21:54:12.066 DEBUG   :curobo                                  :Cache hit: curobo::geometry::self_collision::self_collision_max_distance_kernel<false>
2026-09-12T21:54:12.067 DEBUG   :curobo                                  :Cache hit: curobo::kinematics::kinematics_backward_kernel<float, float, 16, true, false, false>
2026-09-12T21:54:12.068 DEBUG   :curobo                                  :Cache hit: curobo::trajectory::bspline::bspline_backward_kernel<3, float, (curobo::trajectory::bspline::BasisBackend)2>
2026-09-12T21:54:12.068 DEBUG   :curobo                                  :Cache hit: curobo::optimization::line_search::kernel_line_search<float, 4>
2026-09-12T21:54:12.068 DEBUG   :curobo                                  :Cache hit: curobo::optimization::kernel_lbfgs_step_shared_memory<float, false, 27>
2026-09-12T21:54:12.069 DEBUG   :curobo                                  :Cache hit: curobo::trajectory::bspline::interpolate_bspline_kernel<float, 3, (curobo::trajectory::bspline::BasisBackend)2>
2026-09-12T21:54:12.069 DEBUG   :curobo                                  :Cache hit: curobo::kinematics::kinematics_forward_spheres_kernel<15, 32>
2026-09-12T21:54:12.070 DEBUG   :curobo                                  :Cache hit: curobo::geometry::self_collision::self_collision_max_distance_kernel<false>
2026-09-12T21:54:12.071 DEBUG   :curobo                                  :Cache hit: curobo::kinematics::kinematics_backward_kernel<float, float, 16, true, false, false>
2026-09-12T21:54:12.071 DEBUG   :curobo                                  :Cache hit: curobo::trajectory::bspline::bspline_backward_kernel<3, float, (curobo::trajectory::bspline::BasisBackend)2>
2026-09-12T21:54:12.071 DEBUG   :curobo                                  :Cache hit: curobo::optimization::line_search::kernel_line_search<float, 4>
2026-09-12T21:54:12.072 DEBUG   :curobo                                  :Cache hit: curobo::optimization::kernel_lbfgs_step_shared_memory<float, false, 27>
2026-09-12T21:54:12.072 DEBUG   :curobo                                  :Cache hit: curobo::trajectory::bspline::interpolate_bspline_kernel<float, 3, (curobo::trajectory::bspline::BasisBackend)2>
2026-09-12T21:54:12.073 DEBUG   :curobo                                  :Cache hit: curobo::kinematics::kinematics_forward_spheres_kernel<15, 32>
2026-09-12T21:54:12.074 DEBUG   :curobo                                  :Cache hit: curobo::geometry::self_collision::self_collision_max_distance_kernel<false>
2026-09-12T21:54:12.075 DEBUG   :curobo                                  :Cache hit: curobo::kinematics::kinematics_backward_kernel<float, float, 16, true, false, false>
2026-09-12T21:54:12.076 DEBUG   :curobo                                  :Cache hit: curobo::trajectory::bspline::bspline_backward_kernel<3, float, (curobo::trajectory::bspline::BasisBackend)2>
2026-09-12T21:54:12.076 DEBUG   :curobo                                  :Cache hit: curobo::optimization::line_search::kernel_line_search<float, 4>
2026-09-12T21:54:12.076 DEBUG   :curobo                                  :Cache hit: curobo::optimization::kernel_lbfgs_step_shared_memory<float, false, 27>
2026-09-12T21:54:12.077 DEBUG   :curobo                                  :Cache hit: curobo::trajectory::bspline::interpolate_bspline_kernel<float, 3, (curobo::trajectory::bspline::BasisBackend)2>
2026-09-12T21:54:12.077 DEBUG   :curobo                                  :Cache hit: curobo::kinematics::kinematics_forward_spheres_kernel<15, 32>
2026-09-12T21:54:12.079 DEBUG   :curobo                                  :Cache hit: curobo::geometry::self_collision::self_collision_max_distance_kernel<false>
2026-09-12T21:54:12.080 DEBUG   :curobo                                  :Cache hit: curobo::kinematics::kinematics_backward_kernel<float, float, 16, true, false, false>
2026-09-12T21:54:12.080 DEBUG   :curobo                                  :Cache hit: curobo::trajectory::bspline::bspline_backward_kernel<3, float, (curobo::trajectory::bspline::BasisBackend)2>
2026-09-12T21:54:12.081 DEBUG   :curobo                                  :Cache hit: curobo::optimization::line_search::kernel_line_search<float, 4>
2026-09-12T21:54:12.081 DEBUG   :curobo                                  :Cache hit: curobo::optimization::kernel_lbfgs_step_shared_memory<float, false, 27>
2026-09-12T21:54:12.082 DEBUG   :curobo                                  :Cache hit: curobo::trajectory::bspline::interpolate_bspline_kernel<float, 3, (curobo::trajectory::bspline::BasisBackend)2>
2026-09-12T21:54:12.082 DEBUG   :curobo                                  :Cache hit: curobo::kinematics::kinematics_forward_spheres_kernel<15, 32>
2026-09-12T21:54:12.084 DEBUG   :curobo                                  :Cache hit: curobo::geometry::self_collision::self_collision_max_distance_kernel<false>
2026-09-12T21:54:12.085 DEBUG   :curobo                                  :Cache hit: curobo::kinematics::kinematics_backward_kernel<float, float, 16, true, false, false>
2026-09-12T21:54:12.085 DEBUG   :curobo                                  :Cache hit: curobo::trajectory::bspline::bspline_backward_kernel<3, float, (curobo::trajectory::bspline::BasisBackend)2>
2026-09-12T21:54:12.085 DEBUG   :curobo                                  :Cache hit: curobo::optimization::line_search::kernel_line_search<float, 4>
2026-09-12T21:54:12.086 DEBUG   :curobo                                  :Cache hit: curobo::optimization::kernel_lbfgs_step_shared_memory<float, false, 27>
2026-09-12T21:54:12.086 DEBUG   :curobo                                  :Cache hit: curobo::trajectory::bspline::interpolate_bspline_kernel<float, 3, (curobo::trajectory::bspline::BasisBackend)2>
2026-09-12T21:54:12.086 DEBUG   :curobo                                  :Cache hit: curobo::kinematics::kinematics_forward_spheres_kernel<15, 32>
2026-09-12T21:54:12.088 DEBUG   :curobo                                  :Cache hit: curobo::geometry::self_collision::self_collision_max_distance_kernel<false>
2026-09-12T21:54:12.089 DEBUG   :curobo                                  :Cache hit: curobo::kinematics::kinematics_backward_kernel<float, float, 16, true, false, false>
2026-09-12T21:54:12.089 DEBUG   :curobo                                  :Cache hit: curobo::trajectory::bspline::bspline_backward_kernel<3, float, (curobo::trajectory::bspline::BasisBackend)2>
2026-09-12T21:54:12.089 DEBUG   :curobo                                  :Cache hit: curobo::optimization::line_search::kernel_line_search<float, 4>
2026-09-12T21:54:12.090 DEBUG   :curobo                                  :Cache hit: curobo::optimization::kernel_lbfgs_step_shared_memory<float, false, 27>
2026-09-12T21:54:12.090 DEBUG   :curobo                                  :Cache hit: curobo::trajectory::bspline::interpolate_bspline_kernel<float, 3, (curobo::trajectory::bspline::BasisBackend)2>
2026-09-12T21:54:12.091 DEBUG   :curobo                                  :Cache hit: curobo::kinematics::kinematics_forward_spheres_kernel<15, 32>
2026-09-12T21:54:12.092 DEBUG   :curobo                                  :Cache hit: curobo::geometry::self_collision::self_collision_max_distance_kernel<false>
2026-09-12T21:54:12.093 DEBUG   :curobo                                  :Cache hit: curobo::kinematics::kinematics_backward_kernel<float, float, 16, true, false, false>
2026-09-12T21:54:12.093 DEBUG   :curobo                                  :Cache hit: curobo::trajectory::bspline::bspline_backward_kernel<3, float, (curobo::trajectory::bspline::BasisBackend)2>
2026-09-12T21:54:12.093 DEBUG   :curobo                                  :Cache hit: curobo::optimization::line_search::kernel_line_search<float, 4>
2026-09-12T21:54:12.094 DEBUG   :curobo                                  :Cache hit: curobo::optimization::kernel_lbfgs_step_shared_memory<float, false, 27>
2026-09-12T21:54:12.094 DEBUG   :curobo                                  :Cache hit: curobo::trajectory::bspline::interpolate_bspline_kernel<float, 3, (curobo::trajectory::bspline::BasisBackend)2>
2026-09-12T21:54:12.095 DEBUG   :curobo                                  :Cache hit: curobo::kinematics::kinematics_forward_spheres_kernel<15, 32>
2026-09-12T21:54:12.096 DEBUG   :curobo                                  :Cache hit: curobo::geometry::self_collision::self_collision_max_distance_kernel<false>
2026-09-12T21:54:12.097 DEBUG   :curobo                                  :Cache hit: curobo::kinematics::kinematics_backward_kernel<float, float, 16, true, false, false>
2026-09-12T21:54:12.097 DEBUG   :curobo                                  :Cache hit: curobo::trajectory::bspline::bspline_backward_kernel<3, float, (curobo::trajectory::bspline::BasisBackend)2>
2026-09-12T21:54:12.098 DEBUG   :curobo                                  :Cache hit: curobo::optimization::line_search::kernel_line_search<float, 4>
2026-09-12T21:54:12.098 DEBUG   :curobo                                  :Cache hit: curobo::optimization::kernel_lbfgs_step_shared_memory<float, false, 27>
2026-09-12T21:54:12.098 DEBUG   :curobo                                  :Cache hit: curobo::trajectory::bspline::interpolate_bspline_kernel<float, 3, (curobo::trajectory::bspline::BasisBackend)2>
2026-09-12T21:54:12.099 DEBUG   :curobo                                  :Cache hit: curobo::kinematics::kinematics_forward_spheres_kernel<15, 32>
2026-09-12T21:54:12.100 DEBUG   :curobo                                  :Cache hit: curobo::geometry::self_collision::self_collision_max_distance_kernel<false>
2026-09-12T21:54:12.101 DEBUG   :curobo                                  :Cache hit: curobo::kinematics::kinematics_backward_kernel<float, float, 16, true, false, false>
2026-09-12T21:54:12.102 DEBUG   :curobo                                  :Cache hit: curobo::trajectory::bspline::bspline_backward_kernel<3, float, (curobo::trajectory::bspline::BasisBackend)2>
2026-09-12T21:54:12.102 DEBUG   :curobo                                  :Cache hit: curobo::optimization::line_search::kernel_line_search<float, 4>
2026-09-12T21:54:12.102 DEBUG   :curobo                                  :Cache hit: curobo::optimization::kernel_lbfgs_step_shared_memory<float, false, 27>
2026-09-12T21:54:12.103 DEBUG   :curobo                                  :Cache hit: curobo::trajectory::bspline::interpolate_bspline_kernel<float, 3, (curobo::trajectory::bspline::BasisBackend)2>
2026-09-12T21:54:12.103 DEBUG   :curobo                                  :Cache hit: curobo::kinematics::kinematics_forward_spheres_kernel<15, 32>
2026-09-12T21:54:12.104 DEBUG   :curobo                                  :Cache hit: curobo::geometry::self_collision::self_collision_max_distance_kernel<false>
2026-09-12T21:54:12.105 DEBUG   :curobo                                  :Cache hit: curobo::kinematics::kinematics_backward_kernel<float, float, 16, true, false, false>
2026-09-12T21:54:12.105 DEBUG   :curobo                                  :Cache hit: curobo::trajectory::bspline::bspline_backward_kernel<3, float, (curobo::trajectory::bspline::BasisBackend)2>
2026-09-12T21:54:12.106 DEBUG   :curobo                                  :Cache hit: curobo::optimization::line_search::kernel_line_search<float, 4>
2026-09-12T21:54:12.106 DEBUG   :curobo                                  :Cache hit: curobo::optimization::kernel_lbfgs_step_shared_memory<float, false, 27>
2026-09-12T21:54:12.106 DEBUG   :curobo                                  :Cache hit: curobo::trajectory::bspline::interpolate_bspline_kernel<float, 3, (curobo::trajectory::bspline::BasisBackend)2>
2026-09-12T21:54:12.107 DEBUG   :curobo                                  :Cache hit: curobo::kinematics::kinematics_forward_spheres_kernel<15, 32>
2026-09-12T21:54:12.107 DEBUG   :curobo                                  :Cache hit: curobo::geometry::self_collision::self_collision_max_distance_kernel<false>
2026-09-12T21:54:12.109 DEBUG   :curobo                                  :Cache hit: curobo::kinematics::kinematics_backward_kernel<float, float, 16, true, false, false>
2026-09-12T21:54:12.109 DEBUG   :curobo                                  :Cache hit: curobo::trajectory::bspline::bspline_backward_kernel<3, float, (curobo::trajectory::bspline::BasisBackend)2>
2026-09-12T21:54:12.109 DEBUG   :curobo                                  :Cache hit: curobo::optimization::line_search::kernel_line_search<float, 4>
2026-09-12T21:54:12.109 DEBUG   :curobo                                  :Cache hit: curobo::optimization::kernel_lbfgs_step_shared_memory<float, false, 27>
2026-09-12T21:54:12.110 DEBUG   :curobo                                  :Cache hit: curobo::trajectory::bspline::interpolate_bspline_kernel<float, 3, (curobo::trajectory::bspline::BasisBackend)2>
2026-09-12T21:54:12.110 DEBUG   :curobo                                  :Cache hit: curobo::kinematics::kinematics_forward_spheres_kernel<15, 32>
2026-09-12T21:54:12.111 DEBUG   :curobo                                  :Cache hit: curobo::geometry::self_collision::self_collision_max_distance_kernel<false>
2026-09-12T21:54:12.112 DEBUG   :curobo                                  :Cache hit: curobo::kinematics::kinematics_backward_kernel<float, float, 16, true, false, false>
2026-09-12T21:54:12.112 DEBUG   :curobo                                  :Cache hit: curobo::trajectory::bspline::bspline_backward_kernel<3, float, (curobo::trajectory::bspline::BasisBackend)2>
2026-09-12T21:54:12.113 DEBUG   :curobo                                  :Cache hit: curobo::optimization::line_search::kernel_line_search<float, 4>
2026-09-12T21:54:12.113 DEBUG   :curobo                                  :Cache hit: curobo::optimization::kernel_lbfgs_step_shared_memory<float, false, 27>
2026-09-12T21:54:12.113 DEBUG   :curobo                                  :Cache hit: curobo::trajectory::bspline::interpolate_bspline_kernel<float, 3, (curobo::trajectory::bspline::BasisBackend)2>
2026-09-12T21:54:12.114 DEBUG   :curobo                                  :Cache hit: curobo::kinematics::kinematics_forward_spheres_kernel<15, 32>
2026-09-12T21:54:12.115 DEBUG   :curobo                                  :Cache hit: curobo::geometry::self_collision::self_collision_max_distance_kernel<false>
2026-09-12T21:54:12.117 DEBUG   :curobo                                  :Cache hit: curobo::kinematics::kinematics_backward_kernel<float, float, 16, true, false, false>
2026-09-12T21:54:12.117 DEBUG   :curobo                                  :Cache hit: curobo::trajectory::bspline::bspline_backward_kernel<3, float, (curobo::trajectory::bspline::BasisBackend)2>
2026-09-12T21:54:12.118 DEBUG   :curobo                                  :Cache hit: curobo::optimization::line_search::kernel_line_search<float, 4>
2026-09-12T21:54:12.118 DEBUG   :curobo                                  :Cache hit: curobo::optimization::kernel_lbfgs_step_shared_memory<float, false, 27>
2026-09-12T21:54:12.118 DEBUG   :curobo                                  :Cache hit: curobo::trajectory::bspline::interpolate_bspline_kernel<float, 3, (curobo::trajectory::bspline::BasisBackend)2>
2026-09-12T21:54:12.119 DEBUG   :curobo                                  :Cache hit: curobo::kinematics::kinematics_forward_spheres_kernel<15, 32>
2026-09-12T21:54:12.120 DEBUG   :curobo                                  :Cache hit: curobo::geometry::self_collision::self_collision_max_distance_kernel<false>
2026-09-12T21:54:12.120 DEBUG   :curobo                                  :Cache hit: curobo::kinematics::kinematics_backward_kernel<float, float, 16, true, false, false>
2026-09-12T21:54:12.121 DEBUG   :curobo                                  :Cache hit: curobo::trajectory::bspline::bspline_backward_kernel<3, float, (curobo::trajectory::bspline::BasisBackend)2>
2026-09-12T21:54:12.121 DEBUG   :curobo                                  :Cache hit: curobo::optimization::line_search::kernel_line_search<float, 4>
2026-09-12T21:54:12.121 DEBUG   :curobo                                  :Cache hit: curobo::optimization::kernel_lbfgs_step_shared_memory<float, false, 27>
2026-09-12T21:54:12.122 DEBUG   :curobo                                  :Cache hit: curobo::trajectory::bspline::interpolate_bspline_kernel<float, 3, (curobo::trajectory::bspline::BasisBackend)2>
2026-09-12T21:54:12.122 DEBUG   :curobo                                  :Cache hit: curobo::kinematics::kinematics_forward_spheres_kernel<15, 32>
2026-09-12T21:54:12.123 DEBUG   :curobo                                  :Cache hit: curobo::geometry::self_collision::self_collision_max_distance_kernel<false>
2026-09-12T21:54:12.124 DEBUG   :curobo                                  :Cache hit: curobo::kinematics::kinematics_backward_kernel<float, float, 16, true, false, false>
2026-09-12T21:54:12.124 DEBUG   :curobo                                  :Cache hit: curobo::trajectory::bspline::bspline_backward_kernel<3, float, (curobo::trajectory::bspline::BasisBackend)2>
2026-09-12T21:54:12.124 DEBUG   :curobo                                  :Cache hit: curobo::optimization::line_search::kernel_line_search<float, 4>
2026-09-12T21:54:12.124 DEBUG   :curobo                                  :Cache hit: curobo::optimization::kernel_lbfgs_step_shared_memory<float, false, 27>
2026-09-12T21:54:12.125 DEBUG   :curobo                                  :Cache hit: curobo::trajectory::bspline::interpolate_bspline_kernel<float, 3, (curobo::trajectory::bspline::BasisBackend)2>
2026-09-12T21:54:12.125 DEBUG   :curobo                                  :Cache hit: curobo::kinematics::kinematics_forward_spheres_kernel<15, 32>
2026-09-12T21:54:12.127 DEBUG   :curobo                                  :Cache hit: curobo::geometry::self_collision::self_collision_max_distance_kernel<false>
2026-09-12T21:54:12.127 DEBUG   :curobo                                  :Cache hit: curobo::kinematics::kinematics_backward_kernel<float, float, 16, true, false, false>
2026-09-12T21:54:12.128 DEBUG   :curobo                                  :Cache hit: curobo::trajectory::bspline::bspline_backward_kernel<3, float, (curobo::trajectory::bspline::BasisBackend)2>
2026-09-12T21:54:12.128 DEBUG   :curobo                                  :Cache hit: curobo::optimization::line_search::kernel_line_search<float, 4>
2026-09-12T21:54:12.128 DEBUG   :curobo                                  :Cache hit: curobo::optimization::kernel_lbfgs_step_shared_memory<float, false, 27>
2026-09-12T21:54:12.129 DEBUG   :curobo                                  :Cache hit: curobo::trajectory::bspline::interpolate_bspline_kernel<float, 3, (curobo::trajectory::bspline::BasisBackend)2>
2026-09-12T21:54:12.129 DEBUG   :curobo                                  :Cache hit: curobo::kinematics::kinematics_forward_spheres_kernel<15, 32>
2026-09-12T21:54:12.130 DEBUG   :curobo                                  :Cache hit: curobo::geometry::self_collision::self_collision_max_distance_kernel<false>
2026-09-12T21:54:12.131 DEBUG   :curobo                                  :Cache hit: curobo::kinematics::kinematics_backward_kernel<float, float, 16, true, false, false>
2026-09-12T21:54:12.131 DEBUG   :curobo                                  :Cache hit: curobo::trajectory::bspline::bspline_backward_kernel<3, float, (curobo::trajectory::bspline::BasisBackend)2>
2026-09-12T21:54:12.131 DEBUG   :curobo                                  :Cache hit: curobo::optimization::line_search::kernel_line_search<float, 4>
2026-09-12T21:54:12.131 DEBUG   :curobo                                  :Cache hit: curobo::optimization::kernel_lbfgs_step_shared_memory<float, false, 27>
2026-09-12T21:54:12.132 DEBUG   :curobo                                  :Cache hit: curobo::trajectory::bspline::interpolate_bspline_kernel<float, 3, (curobo::trajectory::bspline::BasisBackend)2>
2026-09-12T21:54:12.132 DEBUG   :curobo                                  :Cache hit: curobo::kinematics::kinematics_forward_spheres_kernel<15, 32>
2026-09-12T21:54:12.133 DEBUG   :curobo                                  :Cache hit: curobo::geometry::self_collision::self_collision_max_distance_kernel<false>
2026-09-12T21:54:12.134 DEBUG   :curobo                                  :Cache hit: curobo::kinematics::kinematics_backward_kernel<float, float, 16, true, false, false>
2026-09-12T21:54:12.134 DEBUG   :curobo                                  :Cache hit: curobo::trajectory::bspline::bspline_backward_kernel<3, float, (curobo::trajectory::bspline::BasisBackend)2>
2026-09-12T21:54:12.135 DEBUG   :curobo                                  :Cache hit: curobo::optimization::line_search::kernel_line_search<float, 4>
2026-09-12T21:54:12.135 DEBUG   :curobo                                  :Cache hit: curobo::optimization::kernel_lbfgs_step_shared_memory<float, false, 27>
2026-09-12T21:54:12.136 DEBUG   :curobo                                  :Cache hit: curobo::trajectory::bspline::interpolate_bspline_kernel<float, 3, (curobo::trajectory::bspline::BasisBackend)2>
2026-09-12T21:54:12.136 DEBUG   :curobo                                  :Cache hit: curobo::kinematics::kinematics_forward_spheres_kernel<15, 32>
2026-09-12T21:54:12.138 DEBUG   :curobo                                  :Cache hit: curobo::geometry::self_collision::self_collision_max_distance_kernel<false>
2026-09-12T21:54:12.139 DEBUG   :curobo                                  :Cache hit: curobo::kinematics::kinematics_backward_kernel<float, float, 16, true, false, false>
2026-09-12T21:54:12.140 DEBUG   :curobo                                  :Cache hit: curobo::trajectory::bspline::bspline_backward_kernel<3, float, (curobo::trajectory::bspline::BasisBackend)2>
2026-09-12T21:54:12.140 DEBUG   :curobo                                  :Cache hit: curobo::optimization::line_search::kernel_line_search<float, 4>
2026-09-12T21:54:12.141 DEBUG   :curobo                                  :Cache hit: curobo::optimization::kernel_lbfgs_step_shared_memory<float, false, 27>
2026-09-12T21:54:12.142 DEBUG   :curobo                                  :Cache hit: curobo::trajectory::bspline::interpolate_bspline_kernel<float, 3, (curobo::trajectory::bspline::BasisBackend)2>
2026-09-12T21:54:12.142 DEBUG   :curobo                                  :Cache hit: curobo::kinematics::kinematics_forward_spheres_kernel<15, 32>
2026-09-12T21:54:12.144 DEBUG   :curobo                                  :Cache hit: curobo::geometry::self_collision::self_collision_max_distance_kernel<false>
2026-09-12T21:54:12.145 DEBUG   :curobo                                  :Cache hit: curobo::kinematics::kinematics_backward_kernel<float, float, 16, true, false, false>
2026-09-12T21:54:12.146 DEBUG   :curobo                                  :Cache hit: curobo::trajectory::bspline::bspline_backward_kernel<3, float, (curobo::trajectory::bspline::BasisBackend)2>
2026-09-12T21:54:12.146 DEBUG   :curobo                                  :Cache hit: curobo::optimization::line_search::kernel_line_search<float, 4>
2026-09-12T21:54:12.147 DEBUG   :curobo                                  :Cache hit: curobo::optimization::kernel_lbfgs_step_shared_memory<float, false, 27>
2026-09-12T21:54:12.148 DEBUG   :curobo                                  :Cache hit: curobo::trajectory::bspline::interpolate_bspline_kernel<float, 3, (curobo::trajectory::bspline::BasisBackend)2>
2026-09-12T21:54:12.148 DEBUG   :curobo                                  :Cache hit: curobo::kinematics::kinematics_forward_spheres_kernel<15, 32>
2026-09-12T21:54:12.149 DEBUG   :curobo                                  :Cache hit: curobo::geometry::self_collision::self_collision_max_distance_kernel<false>
2026-09-12T21:54:12.151 DEBUG   :curobo                                  :Cache hit: curobo::kinematics::kinematics_backward_kernel<float, float, 16, true, false, false>
2026-09-12T21:54:12.151 DEBUG   :curobo                                  :Cache hit: curobo::trajectory::bspline::bspline_backward_kernel<3, float, (curobo::trajectory::bspline::BasisBackend)2>
2026-09-12T21:54:12.152 DEBUG   :curobo                                  :Cache hit: curobo::optimization::line_search::kernel_line_search<float, 4>
2026-09-12T21:54:12.153 DEBUG   :curobo                                  :Cache hit: curobo::optimization::kernel_lbfgs_step_shared_memory<float, false, 27>
2026-09-12T21:54:12.153 DEBUG   :curobo                                  :Cache hit: curobo::trajectory::bspline::interpolate_bspline_kernel<float, 3, (curobo::trajectory::bspline::BasisBackend)2>
2026-09-12T21:54:12.154 DEBUG   :curobo                                  :Cache hit: curobo::kinematics::kinematics_forward_spheres_kernel<15, 32>
2026-09-12T21:54:12.157 DEBUG   :curobo                                  :Cache hit: curobo::geometry::self_collision::self_collision_max_distance_kernel<false>
2026-09-12T21:54:12.158 DEBUG   :curobo                                  :Cache hit: curobo::kinematics::kinematics_backward_kernel<float, float, 16, true, false, false>
2026-09-12T21:54:12.158 DEBUG   :curobo                                  :Cache hit: curobo::trajectory::bspline::bspline_backward_kernel<3, float, (curobo::trajectory::bspline::BasisBackend)2>
2026-09-12T21:54:12.159 DEBUG   :curobo                                  :Cache hit: curobo::optimization::line_search::kernel_line_search<float, 4>
2026-09-12T21:54:12.159 DEBUG   :curobo                                  :Cache hit: curobo::optimization::kernel_lbfgs_step_shared_memory<float, false, 27>
2026-09-12T21:54:12.159 DEBUG   :curobo                                  :Cache hit: curobo::trajectory::bspline::interpolate_bspline_kernel<float, 3, (curobo::trajectory::bspline::BasisBackend)2>
2026-09-12T21:54:12.160 DEBUG   :curobo                                  :Cache hit: curobo::kinematics::kinematics_forward_spheres_kernel<15, 32>
2026-09-12T21:54:12.161 DEBUG   :curobo                                  :Cache hit: curobo::geometry::self_collision::self_collision_max_distance_kernel<false>
2026-09-12T21:54:12.162 DEBUG   :curobo                                  :Cache hit: curobo::kinematics::kinematics_backward_kernel<float, float, 16, true, false, false>
2026-09-12T21:54:12.162 DEBUG   :curobo                                  :Cache hit: curobo::trajectory::bspline::bspline_backward_kernel<3, float, (curobo::trajectory::bspline::BasisBackend)2>
2026-09-12T21:54:12.162 DEBUG   :curobo                                  :Cache hit: curobo::optimization::line_search::kernel_line_search<float, 4>
2026-09-12T21:54:12.162 DEBUG   :curobo                                  :Cache hit: curobo::optimization::kernel_lbfgs_step_shared_memory<float, false, 27>
2026-09-12T21:54:12.163 DEBUG   :curobo                                  :Cache hit: curobo::trajectory::bspline::interpolate_bspline_kernel<float, 3, (curobo::trajectory::bspline::BasisBackend)2>
2026-09-12T21:54:12.163 DEBUG   :curobo                                  :Cache hit: curobo::kinematics::kinematics_forward_spheres_kernel<15, 32>
2026-09-12T21:54:12.164 DEBUG   :curobo                                  :Cache hit: curobo::geometry::self_collision::self_collision_max_distance_kernel<false>
2026-09-12T21:54:12.166 DEBUG   :curobo                                  :Cache hit: curobo::kinematics::kinematics_backward_kernel<float, float, 16, true, false, false>
2026-09-12T21:54:12.166 DEBUG   :curobo                                  :Cache hit: curobo::trajectory::bspline::bspline_backward_kernel<3, float, (curobo::trajectory::bspline::BasisBackend)2>
2026-09-12T21:54:12.166 DEBUG   :curobo                                  :Cache hit: curobo::optimization::line_search::kernel_line_search<float, 4>
2026-09-12T21:54:12.166 DEBUG   :curobo                                  :Cache hit: curobo::optimization::kernel_lbfgs_step_shared_memory<float, false, 27>
2026-09-12T21:54:12.167 DEBUG   :curobo                                  :Cache hit: curobo::trajectory::bspline::interpolate_bspline_kernel<float, 3, (curobo::trajectory::bspline::BasisBackend)2>
2026-09-12T21:54:12.167 DEBUG   :curobo                                  :Cache hit: curobo::kinematics::kinematics_forward_spheres_kernel<15, 32>
2026-09-12T21:54:12.168 DEBUG   :curobo                                  :Cache hit: curobo::geometry::self_collision::self_collision_max_distance_kernel<false>
2026-09-12T21:54:12.168 DEBUG   :curobo                                  :Cache hit: curobo::kinematics::kinematics_backward_kernel<float, float, 16, true, false, false>
2026-09-12T21:54:12.169 DEBUG   :curobo                                  :Cache hit: curobo::trajectory::bspline::bspline_backward_kernel<3, float, (curobo::trajectory::bspline::BasisBackend)2>
2026-09-12T21:54:12.169 DEBUG   :curobo                                  :Cache hit: curobo::optimization::line_search::kernel_line_search<float, 4>
2026-09-12T21:54:12.169 DEBUG   :curobo                                  :Cache hit: curobo::optimization::kernel_lbfgs_step_shared_memory<float, false, 27>
2026-09-12T21:54:12.170 DEBUG   :curobo                                  :Cache hit: curobo::trajectory::bspline::interpolate_bspline_kernel<float, 3, (curobo::trajectory::bspline::BasisBackend)2>
2026-09-12T21:54:12.170 DEBUG   :curobo                                  :Cache hit: curobo::kinematics::kinematics_forward_spheres_kernel<15, 32>
2026-09-12T21:54:12.171 DEBUG   :curobo                                  :Cache hit: curobo::geometry::self_collision::self_collision_max_distance_kernel<false>
2026-09-12T21:54:12.172 DEBUG   :curobo                                  :Cache hit: curobo::kinematics::kinematics_backward_kernel<float, float, 16, true, false, false>
2026-09-12T21:54:12.172 DEBUG   :curobo                                  :Cache hit: curobo::trajectory::bspline::bspline_backward_kernel<3, float, (curobo::trajectory::bspline::BasisBackend)2>
2026-09-12T21:54:12.173 DEBUG   :curobo                                  :Cache hit: curobo::optimization::line_search::kernel_line_search<float, 4>
2026-09-12T21:54:12.173 DEBUG   :curobo                                  :Cache hit: curobo::optimization::kernel_lbfgs_step_shared_memory<float, false, 27>
2026-09-12T21:54:12.174 DEBUG   :curobo                                  :Cache hit: curobo::trajectory::bspline::interpolate_bspline_kernel<float, 3, (curobo::trajectory::bspline::BasisBackend)2>
2026-09-12T21:54:12.174 DEBUG   :curobo                                  :Cache hit: curobo::kinematics::kinematics_forward_spheres_kernel<15, 32>
2026-09-12T21:54:12.175 DEBUG   :curobo                                  :Cache hit: curobo::geometry::self_collision::self_collision_max_distance_kernel<false>
2026-09-12T21:54:12.176 DEBUG   :curobo                                  :Cache hit: curobo::kinematics::kinematics_backward_kernel<float, float, 16, true, false, false>
2026-09-12T21:54:12.176 DEBUG   :curobo                                  :Cache hit: curobo::trajectory::bspline::bspline_backward_kernel<3, float, (curobo::trajectory::bspline::BasisBackend)2>
2026-09-12T21:54:12.176 DEBUG   :curobo                                  :Cache hit: curobo::optimization::line_search::kernel_line_search<float, 4>
2026-09-12T21:54:12.177 DEBUG   :curobo                                  :Cache hit: curobo::optimization::kernel_lbfgs_step_shared_memory<float, false, 27>
2026-09-12T21:54:12.177 DEBUG   :curobo                                  :Cache hit: curobo::trajectory::bspline::interpolate_bspline_kernel<float, 3, (curobo::trajectory::bspline::BasisBackend)2>
2026-09-12T21:54:12.178 DEBUG   :curobo                                  :Cache hit: curobo::kinematics::kinematics_forward_spheres_kernel<15, 32>
2026-09-12T21:54:12.180 DEBUG   :curobo                                  :Cache hit: curobo::geometry::self_collision::self_collision_max_distance_kernel<false>
2026-09-12T21:54:12.181 DEBUG   :curobo                                  :Cache hit: curobo::kinematics::kinematics_backward_kernel<float, float, 16, true, false, false>
2026-09-12T21:54:12.181 DEBUG   :curobo                                  :Cache hit: curobo::trajectory::bspline::bspline_backward_kernel<3, float, (curobo::trajectory::bspline::BasisBackend)2>
2026-09-12T21:54:12.182 DEBUG   :curobo                                  :Cache hit: curobo::optimization::line_search::kernel_line_search<float, 4>
2026-09-12T21:54:12.182 DEBUG   :curobo                                  :Cache hit: curobo::optimization::kernel_lbfgs_step_shared_memory<float, false, 27>
2026-09-12T21:54:12.183 DEBUG   :curobo                                  :Cache hit: curobo::trajectory::bspline::interpolate_bspline_kernel<float, 3, (curobo::trajectory::bspline::BasisBackend)2>
2026-09-12T21:54:12.183 DEBUG   :curobo                                  :Cache hit: curobo::kinematics::kinematics_forward_spheres_kernel<15, 32>
2026-09-12T21:54:12.184 DEBUG   :curobo                                  :Cache hit: curobo::geometry::self_collision::self_collision_max_distance_kernel<false>
2026-09-12T21:54:12.186 DEBUG   :curobo                                  :Cache hit: curobo::kinematics::kinematics_backward_kernel<float, float, 16, true, false, false>
2026-09-12T21:54:12.186 DEBUG   :curobo                                  :Cache hit: curobo::trajectory::bspline::bspline_backward_kernel<3, float, (curobo::trajectory::bspline::BasisBackend)2>
2026-09-12T21:54:12.187 DEBUG   :curobo                                  :Cache hit: curobo::optimization::line_search::kernel_line_search<float, 4>
2026-09-12T21:54:12.187 DEBUG   :curobo                                  :Cache hit: curobo::optimization::kernel_lbfgs_step_shared_memory<float, false, 27>
2026-09-12T21:54:12.188 DEBUG   :curobo                                  :Cache hit: curobo::trajectory::bspline::interpolate_bspline_kernel<float, 3, (curobo::trajectory::bspline::BasisBackend)2>
2026-09-12T21:54:12.188 DEBUG   :curobo                                  :Cache hit: curobo::kinematics::kinematics_forward_spheres_kernel<15, 32>
2026-09-12T21:54:12.190 DEBUG   :curobo                                  :Cache hit: curobo::geometry::self_collision::self_collision_max_distance_kernel<false>
2026-09-12T21:54:12.191 DEBUG   :curobo                                  :Cache hit: curobo::kinematics::kinematics_backward_kernel<float, float, 16, true, false, false>
2026-09-12T21:54:12.191 DEBUG   :curobo                                  :Cache hit: curobo::trajectory::bspline::bspline_backward_kernel<3, float, (curobo::trajectory::bspline::BasisBackend)2>
2026-09-12T21:54:12.191 DEBUG   :curobo                                  :Cache hit: curobo::optimization::line_search::kernel_line_search<float, 4>
2026-09-12T21:54:12.192 DEBUG   :curobo                                  :Cache hit: curobo::optimization::kernel_lbfgs_step_shared_memory<float, false, 27>
2026-09-12T21:54:12.192 DEBUG   :curobo                                  :Cache hit: curobo::trajectory::bspline::interpolate_bspline_kernel<float, 3, (curobo::trajectory::bspline::BasisBackend)2>
2026-09-12T21:54:12.193 DEBUG   :curobo                                  :Cache hit: curobo::kinematics::kinematics_forward_spheres_kernel<15, 32>
2026-09-12T21:54:12.194 DEBUG   :curobo                                  :Cache hit: curobo::geometry::self_collision::self_collision_max_distance_kernel<false>
2026-09-12T21:54:12.195 DEBUG   :curobo                                  :Cache hit: curobo::kinematics::kinematics_backward_kernel<float, float, 16, true, false, false>
2026-09-12T21:54:12.195 DEBUG   :curobo                                  :Cache hit: curobo::trajectory::bspline::bspline_backward_kernel<3, float, (curobo::trajectory::bspline::BasisBackend)2>
2026-09-12T21:54:12.196 DEBUG   :curobo                                  :Cache hit: curobo::optimization::line_search::kernel_line_search<float, 4>
2026-09-12T21:54:12.196 DEBUG   :curobo                                  :Cache hit: curobo::optimization::kernel_lbfgs_step_shared_memory<float, false, 27>
2026-09-12T21:54:12.197 DEBUG   :curobo                                  :Cache hit: curobo::trajectory::bspline::interpolate_bspline_kernel<float, 3, (curobo::trajectory::bspline::BasisBackend)2>
2026-09-12T21:54:12.197 DEBUG   :curobo                                  :Cache hit: curobo::kinematics::kinematics_forward_spheres_kernel<15, 32>
2026-09-12T21:54:12.198 DEBUG   :curobo                                  :Cache hit: curobo::geometry::self_collision::self_collision_max_distance_kernel<false>
2026-09-12T21:54:12.199 DEBUG   :curobo                                  :Cache hit: curobo::kinematics::kinematics_backward_kernel<float, float, 16, true, false, false>
2026-09-12T21:54:12.199 DEBUG   :curobo                                  :Cache hit: curobo::trajectory::bspline::bspline_backward_kernel<3, float, (curobo::trajectory::bspline::BasisBackend)2>
2026-09-12T21:54:12.200 DEBUG   :curobo                                  :Cache hit: curobo::optimization::line_search::kernel_line_search<float, 4>
2026-09-12T21:54:12.200 DEBUG   :curobo                                  :Cache hit: curobo::optimization::kernel_lbfgs_step_shared_memory<float, false, 27>
2026-09-12T21:54:12.201 DEBUG   :curobo                                  :Cache hit: curobo::trajectory::bspline::interpolate_bspline_kernel<float, 3, (curobo::trajectory::bspline::BasisBackend)2>
2026-09-12T21:54:12.201 DEBUG   :curobo                                  :Cache hit: curobo::kinematics::kinematics_forward_spheres_kernel<15, 32>
2026-09-12T21:54:12.202 DEBUG   :curobo                                  :Cache hit: curobo::geometry::self_collision::self_collision_max_distance_kernel<false>
2026-09-12T21:54:12.204 DEBUG   :curobo                                  :Cache hit: curobo::kinematics::kinematics_backward_kernel<float, float, 16, true, false, false>
2026-09-12T21:54:12.204 DEBUG   :curobo                                  :Cache hit: curobo::trajectory::bspline::bspline_backward_kernel<3, float, (curobo::trajectory::bspline::BasisBackend)2>
2026-09-12T21:54:12.204 DEBUG   :curobo                                  :Cache hit: curobo::optimization::line_search::kernel_line_search<float, 4>
2026-09-12T21:54:12.205 DEBUG   :curobo                                  :Cache hit: curobo::optimization::kernel_lbfgs_step_shared_memory<float, false, 27>
2026-09-12T21:54:12.209 DEBUG   :curobo                                  :Cache hit: curobo::trajectory::bspline::interpolate_bspline_kernel<float, 3, (curobo::trajectory::bspline::BasisBackend)2>
2026-09-12T21:54:12.209 DEBUG   :curobo                                  :Cache hit: curobo::kinematics::kinematics_forward_spheres_kernel<15, 32>
2026-09-12T21:54:12.210 DEBUG   :curobo                                  :Cache hit: curobo::geometry::self_collision::self_collision_max_distance_kernel<false>
2026-09-12T21:54:12.212 DEBUG   :curobo                                  :Cache hit: curobo::kinematics::kinematics_backward_kernel<float, float, 16, true, false, false>
2026-09-12T21:54:12.212 DEBUG   :curobo                                  :Cache hit: curobo::trajectory::bspline::bspline_backward_kernel<3, float, (curobo::trajectory::bspline::BasisBackend)2>
2026-09-12T21:54:12.212 DEBUG   :curobo                                  :Cache hit: curobo::optimization::line_search::kernel_line_search<float, 4>
2026-09-12T21:54:12.213 DEBUG   :curobo                                  :Cache hit: curobo::optimization::kernel_lbfgs_step_shared_memory<float, false, 27>
2026-09-12T21:54:12.213 DEBUG   :curobo                                  :Cache hit: curobo::trajectory::bspline::interpolate_bspline_kernel<float, 3, (curobo::trajectory::bspline::BasisBackend)2>
2026-09-12T21:54:12.214 DEBUG   :curobo                                  :Cache hit: curobo::kinematics::kinematics_forward_spheres_kernel<15, 32>
2026-09-12T21:54:12.215 DEBUG   :curobo                                  :Cache hit: curobo::geometry::self_collision::self_collision_max_distance_kernel<false>
2026-09-12T21:54:12.216 DEBUG   :curobo                                  :Cache hit: curobo::kinematics::kinematics_backward_kernel<float, float, 16, true, false, false>
2026-09-12T21:54:12.216 DEBUG   :curobo                                  :Cache hit: curobo::trajectory::bspline::bspline_backward_kernel<3, float, (curobo::trajectory::bspline::BasisBackend)2>
2026-09-12T21:54:12.217 DEBUG   :curobo                                  :Cache hit: curobo::optimization::line_search::kernel_line_search<float, 4>
2026-09-12T21:54:12.217 DEBUG   :curobo                                  :Cache hit: curobo::optimization::kernel_lbfgs_step_shared_memory<float, false, 27>
2026-09-12T21:54:12.218 DEBUG   :curobo                                  :Cache hit: curobo::trajectory::bspline::interpolate_bspline_kernel<float, 3, (curobo::trajectory::bspline::BasisBackend)2>
2026-09-12T21:54:12.218 DEBUG   :curobo                                  :Cache hit: curobo::kinematics::kinematics_forward_spheres_kernel<15, 32>
2026-09-12T21:54:12.219 DEBUG   :curobo                                  :Cache hit: curobo::geometry::self_collision::self_collision_max_distance_kernel<false>
2026-09-12T21:54:12.220 DEBUG   :curobo                                  :Cache hit: curobo::kinematics::kinematics_backward_kernel<float, float, 16, true, false, false>
2026-09-12T21:54:12.221 DEBUG   :curobo                                  :Cache hit: curobo::trajectory::bspline::bspline_backward_kernel<3, float, (curobo::trajectory::bspline::BasisBackend)2>
2026-09-12T21:54:12.221 DEBUG   :curobo                                  :Cache hit: curobo::optimization::line_search::kernel_line_search<float, 4>
2026-09-12T21:54:12.221 DEBUG   :curobo                                  :Cache hit: curobo::optimization::kernel_lbfgs_step_shared_memory<float, false, 27>
2026-09-12T21:54:12.222 DEBUG   :curobo                                  :Cache hit: curobo::trajectory::bspline::interpolate_bspline_kernel<float, 3, (curobo::trajectory::bspline::BasisBackend)2>
2026-09-12T21:54:12.222 DEBUG   :curobo                                  :Cache hit: curobo::kinematics::kinematics_forward_spheres_kernel<15, 32>
2026-09-12T21:54:12.223 DEBUG   :curobo                                  :Cache hit: curobo::geometry::self_collision::self_collision_max_distance_kernel<false>
2026-09-12T21:54:12.224 DEBUG   :curobo                                  :Cache hit: curobo::kinematics::kinematics_backward_kernel<float, float, 16, true, false, false>
2026-09-12T21:54:12.225 DEBUG   :curobo                                  :Cache hit: curobo::trajectory::bspline::bspline_backward_kernel<3, float, (curobo::trajectory::bspline::BasisBackend)2>
2026-09-12T21:54:12.225 DEBUG   :curobo                                  :Cache hit: curobo::optimization::line_search::kernel_line_search<float, 4>
2026-09-12T21:54:12.225 DEBUG   :curobo                                  :Cache hit: curobo::optimization::kernel_lbfgs_step_shared_memory<float, false, 27>
2026-09-12T21:54:12.226 DEBUG   :curobo                                  :Cache hit: curobo::trajectory::bspline::interpolate_bspline_kernel<float, 3, (curobo::trajectory::bspline::BasisBackend)2>
2026-09-12T21:54:12.226 DEBUG   :curobo                                  :Cache hit: curobo::kinematics::kinematics_forward_spheres_kernel<15, 32>
2026-09-12T21:54:12.227 DEBUG   :curobo                                  :Cache hit: curobo::geometry::self_collision::self_collision_max_distance_kernel<false>
2026-09-12T21:54:12.228 DEBUG   :curobo                                  :Cache hit: curobo::kinematics::kinematics_backward_kernel<float, float, 16, true, false, false>
2026-09-12T21:54:12.229 DEBUG   :curobo                                  :Cache hit: curobo::trajectory::bspline::bspline_backward_kernel<3, float, (curobo::trajectory::bspline::BasisBackend)2>
2026-09-12T21:54:12.229 DEBUG   :curobo                                  :Cache hit: curobo::optimization::line_search::kernel_line_search<float, 4>
2026-09-12T21:54:12.229 DEBUG   :curobo                                  :Cache hit: curobo::optimization::kernel_lbfgs_step_shared_memory<float, false, 27>
2026-09-12T21:54:12.230 DEBUG   :curobo                                  :Cache hit: curobo::trajectory::bspline::interpolate_bspline_kernel<float, 3, (curobo::trajectory::bspline::BasisBackend)2>
2026-09-12T21:54:12.230 DEBUG   :curobo                                  :Cache hit: curobo::kinematics::kinematics_forward_spheres_kernel<15, 32>
2026-09-12T21:54:12.232 DEBUG   :curobo                                  :Cache hit: curobo::geometry::self_collision::self_collision_max_distance_kernel<false>
2026-09-12T21:54:12.233 DEBUG   :curobo                                  :Cache hit: curobo::kinematics::kinematics_backward_kernel<float, float, 16, true, false, false>
2026-09-12T21:54:12.233 DEBUG   :curobo                                  :Cache hit: curobo::trajectory::bspline::bspline_backward_kernel<3, float, (curobo::trajectory::bspline::BasisBackend)2>
2026-09-12T21:54:12.233 DEBUG   :curobo                                  :Cache hit: curobo::optimization::line_search::kernel_line_search<float, 4>
2026-09-12T21:54:12.234 DEBUG   :curobo                                  :Cache hit: curobo::optimization::kernel_lbfgs_step_shared_memory<float, false, 27>
2026-09-12T21:54:12.234 DEBUG   :curobo                                  :Cache hit: curobo::trajectory::bspline::interpolate_bspline_kernel<float, 3, (curobo::trajectory::bspline::BasisBackend)2>
2026-09-12T21:54:12.234 DEBUG   :curobo                                  :Cache hit: curobo::kinematics::kinematics_forward_spheres_kernel<15, 32>
2026-09-12T21:54:12.236 DEBUG   :curobo                                  :Cache hit: curobo::geometry::self_collision::self_collision_max_distance_kernel<false>
2026-09-12T21:54:12.237 DEBUG   :curobo                                  :Cache hit: curobo::kinematics::kinematics_backward_kernel<float, float, 16, true, false, false>
2026-09-12T21:54:12.237 DEBUG   :curobo                                  :Cache hit: curobo::trajectory::bspline::bspline_backward_kernel<3, float, (curobo::trajectory::bspline::BasisBackend)2>
2026-09-12T21:54:12.238 DEBUG   :curobo                                  :Cache hit: curobo::optimization::line_search::kernel_line_search<float, 4>
2026-09-12T21:54:12.238 DEBUG   :curobo                                  :Cache hit: curobo::optimization::kernel_lbfgs_step_shared_memory<float, false, 27>
2026-09-12T21:54:12.239 DEBUG   :curobo                                  :Cache hit: curobo::trajectory::bspline::interpolate_bspline_kernel<float, 3, (curobo::trajectory::bspline::BasisBackend)2>
2026-09-12T21:54:12.239 DEBUG   :curobo                                  :Cache hit: curobo::kinematics::kinematics_forward_spheres_kernel<15, 32>
2026-09-12T21:54:12.240 DEBUG   :curobo                                  :Cache hit: curobo::geometry::self_collision::self_collision_max_distance_kernel<false>
2026-09-12T21:54:12.243 DEBUG   :curobo                                  :Cache hit: curobo::kinematics::kinematics_backward_kernel<float, float, 16, true, false, false>
2026-09-12T21:54:12.244 DEBUG   :curobo                                  :Cache hit: curobo::trajectory::bspline::bspline_backward_kernel<3, float, (curobo::trajectory::bspline::BasisBackend)2>
2026-09-12T21:54:12.244 DEBUG   :curobo                                  :Cache hit: curobo::optimization::line_search::kernel_line_search<float, 4>
2026-09-12T21:54:12.244 DEBUG   :curobo                                  :Cache hit: curobo::optimization::kernel_lbfgs_step_shared_memory<float, false, 27>
2026-09-12T21:54:12.245 DEBUG   :curobo                                  :Cache hit: curobo::trajectory::bspline::interpolate_bspline_kernel<float, 3, (curobo::trajectory::bspline::BasisBackend)2>
2026-09-12T21:54:12.245 DEBUG   :curobo                                  :Cache hit: curobo::kinematics::kinematics_forward_spheres_kernel<15, 32>
2026-09-12T21:54:12.247 DEBUG   :curobo                                  :Cache hit: curobo::geometry::self_collision::self_collision_max_distance_kernel<false>
2026-09-12T21:54:12.248 DEBUG   :curobo                                  :Cache hit: curobo::kinematics::kinematics_backward_kernel<float, float, 16, true, false, false>
2026-09-12T21:54:12.248 DEBUG   :curobo                                  :Cache hit: curobo::trajectory::bspline::bspline_backward_kernel<3, float, (curobo::trajectory::bspline::BasisBackend)2>
2026-09-12T21:54:12.248 DEBUG   :curobo                                  :Cache hit: curobo::optimization::line_search::kernel_line_search<float, 4>
2026-09-12T21:54:12.249 DEBUG   :curobo                                  :Cache hit: curobo::optimization::kernel_lbfgs_step_shared_memory<float, false, 27>
2026-09-12T21:54:12.249 DEBUG   :curobo                                  :Cache hit: curobo::trajectory::bspline::interpolate_bspline_kernel<float, 3, (curobo::trajectory::bspline::BasisBackend)2>
2026-09-12T21:54:12.250 DEBUG   :curobo                                  :Cache hit: curobo::kinematics::kinematics_forward_spheres_kernel<15, 32>
2026-09-12T21:54:12.251 DEBUG   :curobo                                  :Cache hit: curobo::geometry::self_collision::self_collision_max_distance_kernel<false>
2026-09-12T21:54:12.252 DEBUG   :curobo                                  :Cache hit: curobo::kinematics::kinematics_backward_kernel<float, float, 16, true, false, false>
2026-09-12T21:54:12.252 DEBUG   :curobo                                  :Cache hit: curobo::trajectory::bspline::bspline_backward_kernel<3, float, (curobo::trajectory::bspline::BasisBackend)2>
2026-09-12T21:54:12.253 DEBUG   :curobo                                  :Cache hit: curobo::optimization::line_search::kernel_line_search<float, 4>
2026-09-12T21:54:12.253 DEBUG   :curobo                                  :Cache hit: curobo::optimization::kernel_lbfgs_step_shared_memory<float, false, 27>
2026-09-12T21:54:12.253 DEBUG   :curobo                                  :Cache hit: curobo::trajectory::bspline::interpolate_bspline_kernel<float, 3, (curobo::trajectory::bspline::BasisBackend)2>
2026-09-12T21:54:12.254 DEBUG   :curobo                                  :Cache hit: curobo::kinematics::kinematics_forward_spheres_kernel<15, 32>
2026-09-12T21:54:12.255 DEBUG   :curobo                                  :Cache hit: curobo::geometry::self_collision::self_collision_max_distance_kernel<false>
2026-09-12T21:54:12.256 DEBUG   :curobo                                  :Cache hit: curobo::kinematics::kinematics_backward_kernel<float, float, 16, true, false, false>
2026-09-12T21:54:12.257 DEBUG   :curobo                                  :Cache hit: curobo::trajectory::bspline::bspline_backward_kernel<3, float, (curobo::trajectory::bspline::BasisBackend)2>
2026-09-12T21:54:12.257 DEBUG   :curobo                                  :Cache hit: curobo::optimization::line_search::kernel_line_search<float, 4>
2026-09-12T21:54:12.258 DEBUG   :curobo                                  :Cache hit: curobo::optimization::kernel_lbfgs_step_shared_memory<float, false, 27>
2026-09-12T21:54:12.258 DEBUG   :curobo                                  :Cache hit: curobo::trajectory::bspline::interpolate_bspline_kernel<float, 3, (curobo::trajectory::bspline::BasisBackend)2>
2026-09-12T21:54:12.258 DEBUG   :curobo                                  :Cache hit: curobo::kinematics::kinematics_forward_spheres_kernel<15, 32>
2026-09-12T21:54:12.260 DEBUG   :curobo                                  :Cache hit: curobo::geometry::self_collision::self_collision_max_distance_kernel<false>
2026-09-12T21:54:12.261 DEBUG   :curobo                                  :Cache hit: curobo::kinematics::kinematics_backward_kernel<float, float, 16, true, false, false>
2026-09-12T21:54:12.261 DEBUG   :curobo                                  :Cache hit: curobo::trajectory::bspline::bspline_backward_kernel<3, float, (curobo::trajectory::bspline::BasisBackend)2>
2026-09-12T21:54:12.262 DEBUG   :curobo                                  :Cache hit: curobo::optimization::line_search::kernel_line_search<float, 4>
2026-09-12T21:54:12.262 DEBUG   :curobo                                  :Cache hit: curobo::optimization::kernel_lbfgs_step_shared_memory<float, false, 27>
2026-09-12T21:54:12.262 DEBUG   :curobo                                  :Cache hit: curobo::trajectory::bspline::interpolate_bspline_kernel<float, 3, (curobo::trajectory::bspline::BasisBackend)2>
2026-09-12T21:54:12.263 DEBUG   :curobo                                  :Cache hit: curobo::kinematics::kinematics_forward_spheres_kernel<15, 32>
2026-09-12T21:54:12.264 DEBUG   :curobo                                  :Cache hit: curobo::geometry::self_collision::self_collision_max_distance_kernel<false>
2026-09-12T21:54:12.265 DEBUG   :curobo                                  :Cache hit: curobo::kinematics::kinematics_backward_kernel<float, float, 16, true, false, false>
2026-09-12T21:54:12.265 DEBUG   :curobo                                  :Cache hit: curobo::trajectory::bspline::bspline_backward_kernel<3, float, (curobo::trajectory::bspline::BasisBackend)2>
2026-09-12T21:54:12.265 DEBUG   :curobo                                  :Cache hit: curobo::optimization::line_search::kernel_line_search<float, 4>
2026-09-12T21:54:12.266 DEBUG   :curobo                                  :Cache hit: curobo::optimization::kernel_lbfgs_step_shared_memory<float, false, 27>
2026-09-12T21:54:12.266 DEBUG   :curobo                                  :Cache hit: curobo::trajectory::bspline::interpolate_bspline_kernel<float, 3, (curobo::trajectory::bspline::BasisBackend)2>
2026-09-12T21:54:12.267 DEBUG   :curobo                                  :Cache hit: curobo::kinematics::kinematics_forward_spheres_kernel<15, 32>
2026-09-12T21:54:12.268 DEBUG   :curobo                                  :Cache hit: curobo::geometry::self_collision::self_collision_max_distance_kernel<false>
2026-09-12T21:54:12.270 DEBUG   :curobo                                  :Cache hit: curobo::kinematics::kinematics_backward_kernel<float, float, 16, true, false, false>
2026-09-12T21:54:12.270 DEBUG   :curobo                                  :Cache hit: curobo::trajectory::bspline::bspline_backward_kernel<3, float, (curobo::trajectory::bspline::BasisBackend)2>
2026-09-12T21:54:12.270 DEBUG   :curobo                                  :Cache hit: curobo::optimization::line_search::kernel_line_search<float, 4>
2026-09-12T21:54:12.271 DEBUG   :curobo                                  :Cache hit: curobo::optimization::kernel_lbfgs_step_shared_memory<float, false, 27>
2026-09-12T21:54:12.272 DEBUG   :curobo                                  :Cache hit: curobo::trajectory::bspline::interpolate_bspline_kernel<float, 3, (curobo::trajectory::bspline::BasisBackend)2>
2026-09-12T21:54:12.272 DEBUG   :curobo                                  :Cache hit: curobo::kinematics::kinematics_forward_spheres_kernel<15, 32>
2026-09-12T21:54:12.274 DEBUG   :curobo                                  :Cache hit: curobo::geometry::self_collision::self_collision_max_distance_kernel<false>
2026-09-12T21:54:12.275 DEBUG   :curobo                                  :Cache hit: curobo::kinematics::kinematics_backward_kernel<float, float, 16, true, false, false>
2026-09-12T21:54:12.275 DEBUG   :curobo                                  :Cache hit: curobo::trajectory::bspline::bspline_backward_kernel<3, float, (curobo::trajectory::bspline::BasisBackend)2>
2026-09-12T21:54:12.275 DEBUG   :curobo                                  :Cache hit: curobo::optimization::line_search::kernel_line_search<float, 4>
2026-09-12T21:54:12.276 DEBUG   :curobo                                  :Cache hit: curobo::optimization::kernel_lbfgs_step_shared_memory<float, false, 27>
2026-09-12T21:54:12.276 DEBUG   :curobo                                  :Cache hit: curobo::trajectory::bspline::interpolate_bspline_kernel<float, 3, (curobo::trajectory::bspline::BasisBackend)2>
2026-09-12T21:54:12.277 DEBUG   :curobo                                  :Cache hit: curobo::kinematics::kinematics_forward_spheres_kernel<15, 32>
2026-09-12T21:54:12.278 DEBUG   :curobo                                  :Cache hit: curobo::geometry::self_collision::self_collision_max_distance_kernel<false>
2026-09-12T21:54:12.279 DEBUG   :curobo                                  :Cache hit: curobo::kinematics::kinematics_backward_kernel<float, float, 16, true, false, false>
2026-09-12T21:54:12.280 DEBUG   :curobo                                  :Cache hit: curobo::trajectory::bspline::bspline_backward_kernel<3, float, (curobo::trajectory::bspline::BasisBackend)2>
2026-09-12T21:54:12.280 DEBUG   :curobo                                  :Cache hit: curobo::optimization::line_search::kernel_line_search<float, 4>
2026-09-12T21:54:12.281 DEBUG   :curobo                                  :Cache hit: curobo::optimization::kernel_lbfgs_step_shared_memory<float, false, 27>
2026-09-12T21:54:12.281 DEBUG   :curobo                                  :Cache hit: curobo::trajectory::bspline::interpolate_bspline_kernel<float, 3, (curobo::trajectory::bspline::BasisBackend)2>
2026-09-12T21:54:12.281 DEBUG   :curobo                                  :Cache hit: curobo::kinematics::kinematics_forward_spheres_kernel<15, 32>
2026-09-12T21:54:12.283 DEBUG   :curobo                                  :Cache hit: curobo::geometry::self_collision::self_collision_max_distance_kernel<false>
2026-09-12T21:54:12.284 DEBUG   :curobo                                  :Cache hit: curobo::kinematics::kinematics_backward_kernel<float, float, 16, true, false, false>
2026-09-12T21:54:12.284 DEBUG   :curobo                                  :Cache hit: curobo::trajectory::bspline::bspline_backward_kernel<3, float, (curobo::trajectory::bspline::BasisBackend)2>
2026-09-12T21:54:12.284 DEBUG   :curobo                                  :Cache hit: curobo::optimization::line_search::kernel_line_search<float, 4>
2026-09-12T21:54:12.285 DEBUG   :curobo                                  :Cache hit: curobo::optimization::kernel_lbfgs_step_shared_memory<float, false, 27>
2026-09-12T21:54:12.285 DEBUG   :curobo                                  :Cache hit: curobo::trajectory::bspline::interpolate_bspline_kernel<float, 3, (curobo::trajectory::bspline::BasisBackend)2>
2026-09-12T21:54:12.285 DEBUG   :curobo                                  :Cache hit: curobo::kinematics::kinematics_forward_spheres_kernel<15, 32>
2026-09-12T21:54:12.287 DEBUG   :curobo                                  :Cache hit: curobo::geometry::self_collision::self_collision_max_distance_kernel<false>
2026-09-12T21:54:12.290 DEBUG   :curobo                                  :Cache hit: curobo::kinematics::kinematics_backward_kernel<float, float, 16, true, false, false>
2026-09-12T21:54:12.290 DEBUG   :curobo                                  :Cache hit: curobo::trajectory::bspline::bspline_backward_kernel<3, float, (curobo::trajectory::bspline::BasisBackend)2>
2026-09-12T21:54:12.291 DEBUG   :curobo                                  :Cache hit: curobo::optimization::line_search::kernel_line_search<float, 4>
2026-09-12T21:54:12.291 DEBUG   :curobo                                  :Cache hit: curobo::optimization::kernel_lbfgs_step_shared_memory<float, false, 27>
2026-09-12T21:54:12.292 DEBUG   :curobo                                  :Cache hit: curobo::trajectory::bspline::interpolate_bspline_kernel<float, 3, (curobo::trajectory::bspline::BasisBackend)2>
2026-09-12T21:54:12.292 DEBUG   :curobo                                  :Cache hit: curobo::kinematics::kinematics_forward_spheres_kernel<15, 32>
2026-09-12T21:54:12.293 DEBUG   :curobo                                  :Cache hit: curobo::geometry::self_collision::self_collision_max_distance_kernel<false>
2026-09-12T21:54:12.294 DEBUG   :curobo                                  :Cache hit: curobo::kinematics::kinematics_backward_kernel<float, float, 16, true, false, false>
2026-09-12T21:54:12.295 DEBUG   :curobo                                  :Cache hit: curobo::trajectory::bspline::bspline_backward_kernel<3, float, (curobo::trajectory::bspline::BasisBackend)2>
2026-09-12T21:54:12.295 DEBUG   :curobo                                  :Cache hit: curobo::optimization::line_search::kernel_line_search<float, 4>
2026-09-12T21:54:12.296 DEBUG   :curobo                                  :Cache hit: curobo::optimization::kernel_lbfgs_step_shared_memory<float, false, 27>
2026-09-12T21:54:12.296 DEBUG   :curobo                                  :Cache hit: curobo::trajectory::bspline::interpolate_bspline_kernel<float, 3, (curobo::trajectory::bspline::BasisBackend)2>
2026-09-12T21:54:12.297 DEBUG   :curobo                                  :Cache hit: curobo::kinematics::kinematics_forward_spheres_kernel<15, 32>
2026-09-12T21:54:12.298 DEBUG   :curobo                                  :Cache hit: curobo::geometry::self_collision::self_collision_max_distance_kernel<false>
2026-09-12T21:54:12.299 DEBUG   :curobo                                  :Cache hit: curobo::kinematics::kinematics_backward_kernel<float, float, 16, true, false, false>
2026-09-12T21:54:12.300 DEBUG   :curobo                                  :Cache hit: curobo::trajectory::bspline::bspline_backward_kernel<3, float, (curobo::trajectory::bspline::BasisBackend)2>
2026-09-12T21:54:12.300 DEBUG   :curobo                                  :Cache hit: curobo::optimization::line_search::kernel_line_search<float, 4>
2026-09-12T21:54:12.300 DEBUG   :curobo                                  :Cache hit: curobo::optimization::kernel_lbfgs_step_shared_memory<float, false, 27>
2026-09-12T21:54:12.301 DEBUG   :curobo                                  :Cache hit: curobo::trajectory::bspline::interpolate_bspline_kernel<float, 3, (curobo::trajectory::bspline::BasisBackend)2>
2026-09-12T21:54:12.301 DEBUG   :curobo                                  :Cache hit: curobo::kinematics::kinematics_forward_spheres_kernel<15, 32>
2026-09-12T21:54:12.303 DEBUG   :curobo                                  :Cache hit: curobo::geometry::self_collision::self_collision_max_distance_kernel<false>
2026-09-12T21:54:12.304 DEBUG   :curobo                                  :Cache hit: curobo::kinematics::kinematics_backward_kernel<float, float, 16, true, false, false>
2026-09-12T21:54:12.304 DEBUG   :curobo                                  :Cache hit: curobo::trajectory::bspline::bspline_backward_kernel<3, float, (curobo::trajectory::bspline::BasisBackend)2>
2026-09-12T21:54:12.305 DEBUG   :curobo                                  :Cache hit: curobo::optimization::line_search::kernel_line_search<float, 4>
2026-09-12T21:54:12.305 DEBUG   :curobo                                  :Cache hit: curobo::optimization::kernel_lbfgs_step_shared_memory<float, false, 27>
2026-09-12T21:54:12.306 DEBUG   :curobo                                  :Cache hit: curobo::trajectory::bspline::interpolate_bspline_kernel<float, 3, (curobo::trajectory::bspline::BasisBackend)2>
2026-09-12T21:54:12.306 DEBUG   :curobo                                  :Cache hit: curobo::kinematics::kinematics_forward_spheres_kernel<15, 32>
2026-09-12T21:54:12.308 DEBUG   :curobo                                  :Cache hit: curobo::geometry::self_collision::self_collision_max_distance_kernel<false>
2026-09-12T21:54:12.309 DEBUG   :curobo                                  :Cache hit: curobo::kinematics::kinematics_backward_kernel<float, float, 16, true, false, false>
2026-09-12T21:54:12.309 DEBUG   :curobo                                  :Cache hit: curobo::trajectory::bspline::bspline_backward_kernel<3, float, (curobo::trajectory::bspline::BasisBackend)2>
2026-09-12T21:54:12.310 DEBUG   :curobo                                  :Cache hit: curobo::optimization::line_search::kernel_line_search<float, 4>
2026-09-12T21:54:12.310 DEBUG   :curobo                                  :Cache hit: curobo::optimization::kernel_lbfgs_step_shared_memory<float, false, 27>
2026-09-12T21:54:12.310 DEBUG   :curobo                                  :Cache hit: curobo::trajectory::bspline::interpolate_bspline_kernel<float, 3, (curobo::trajectory::bspline::BasisBackend)2>
2026-09-12T21:54:12.311 DEBUG   :curobo                                  :Cache hit: curobo::kinematics::kinematics_forward_spheres_kernel<15, 32>
2026-09-12T21:54:12.312 DEBUG   :curobo                                  :Cache hit: curobo::geometry::self_collision::self_collision_max_distance_kernel<false>
2026-09-12T21:54:12.313 DEBUG   :curobo                                  :Cache hit: curobo::kinematics::kinematics_backward_kernel<float, float, 16, true, false, false>
2026-09-12T21:54:12.313 DEBUG   :curobo                                  :Cache hit: curobo::trajectory::bspline::bspline_backward_kernel<3, float, (curobo::trajectory::bspline::BasisBackend)2>
2026-09-12T21:54:12.314 DEBUG   :curobo                                  :Cache hit: curobo::optimization::line_search::kernel_line_search<float, 4>
2026-09-12T21:54:12.314 DEBUG   :curobo                                  :Cache hit: curobo::optimization::kernel_lbfgs_step_shared_memory<float, false, 27>
2026-09-12T21:54:12.315 DEBUG   :curobo                                  :Cache hit: curobo::trajectory::bspline::interpolate_bspline_kernel<float, 3, (curobo::trajectory::bspline::BasisBackend)2>
2026-09-12T21:54:12.315 DEBUG   :curobo                                  :Cache hit: curobo::kinematics::kinematics_forward_spheres_kernel<15, 32>
2026-09-12T21:54:12.316 DEBUG   :curobo                                  :Cache hit: curobo::geometry::self_collision::self_collision_max_distance_kernel<false>
2026-09-12T21:54:12.317 DEBUG   :curobo                                  :Cache hit: curobo::kinematics::kinematics_backward_kernel<float, float, 16, true, false, false>
2026-09-12T21:54:12.317 DEBUG   :curobo                                  :Cache hit: curobo::trajectory::bspline::bspline_backward_kernel<3, float, (curobo::trajectory::bspline::BasisBackend)2>
2026-09-12T21:54:12.318 DEBUG   :curobo                                  :Cache hit: curobo::optimization::line_search::kernel_line_search<float, 4>
2026-09-12T21:54:12.318 DEBUG   :curobo                                  :Cache hit: curobo::optimization::kernel_lbfgs_step_shared_memory<float, false, 27>
2026-09-12T21:54:12.319 DEBUG   :curobo                                  :Cache hit: curobo::trajectory::bspline::interpolate_bspline_kernel<float, 3, (curobo::trajectory::bspline::BasisBackend)2>
2026-09-12T21:54:12.319 DEBUG   :curobo                                  :Cache hit: curobo::kinematics::kinematics_forward_spheres_kernel<15, 32>
2026-09-12T21:54:12.320 DEBUG   :curobo                                  :Cache hit: curobo::geometry::self_collision::self_collision_max_distance_kernel<false>
2026-09-12T21:54:12.321 DEBUG   :curobo                                  :Cache hit: curobo::kinematics::kinematics_backward_kernel<float, float, 16, true, false, false>
2026-09-12T21:54:12.321 DEBUG   :curobo                                  :Cache hit: curobo::trajectory::bspline::bspline_backward_kernel<3, float, (curobo::trajectory::bspline::BasisBackend)2>
2026-09-12T21:54:12.322 DEBUG   :curobo                                  :Cache hit: curobo::optimization::line_search::kernel_line_search<float, 4>
2026-09-12T21:54:12.322 DEBUG   :curobo                                  :Cache hit: curobo::optimization::kernel_lbfgs_step_shared_memory<float, false, 27>
2026-09-12T21:54:12.404 DEBUG   :curobo                                  :Cache hit: curobo::trajectory::bspline::interpolate_bspline_kernel<float, 3, (curobo::trajectory::bspline::BasisBackend)2>
2026-09-12T21:54:12.404 DEBUG   :curobo                                  :Cache hit: curobo::kinematics::kinematics_forward_spheres_kernel<15, 32>
2026-09-12T21:54:12.405 INFO    :curobo                                  :Recording CUDA Graph for _compute_metrics_from_action_impl
2026-09-12T21:54:12.496 INFO    :curobo                                  :Updating state_seq buffer reference (created new tensor)
2026-09-12T21:54:12.497 DEBUG   :curobo                                  :Cache hit: curobo::trajectory::bspline::interpolate_bspline_kernel<float, 3, (curobo::trajectory::bspline::BasisBackend)2>
2026-09-12T21:54:12.497 DEBUG   :curobo                                  :Cache hit: curobo::kinematics::kinematics_forward_spheres_kernel<15, 32>
2026-09-12T21:54:12.498 DEBUG   :curobo                                  :Cache hit: curobo::geometry::self_collision::self_collision_max_distance_kernel<false>
2026-09-12T21:54:12.503 DEBUG   :curobo                                  :Cache hit: curobo::trajectory::bspline::interpolate_bspline_kernel<float, 3, (curobo::trajectory::bspline::BasisBackend)2>
2026-09-12T21:54:12.503 DEBUG   :curobo                                  :Cache hit: curobo::kinematics::kinematics_forward_spheres_kernel<15, 32>
2026-09-12T21:54:12.504 DEBUG   :curobo                                  :Cache hit: curobo::geometry::self_collision::self_collision_max_distance_kernel<false>
2026-09-12T21:54:12.504 DEBUG   :curobo                                  :Cache hit: curobo::trajectory::bspline::interpolate_bspline_kernel<float, 3, (curobo::trajectory::bspline::BasisBackend)2>
2026-09-12T21:54:12.505 DEBUG   :curobo                                  :Cache hit: curobo::kinematics::kinematics_forward_spheres_kernel<15, 32>
2026-09-12T21:54:12.505 DEBUG   :curobo                                  :Cache hit: curobo::geometry::self_collision::self_collision_max_distance_kernel<false>
2026-09-12T21:54:12.506 DEBUG   :curobo                                  :Cache hit: curobo::trajectory::bspline::interpolate_bspline_kernel<float, 3, (curobo::trajectory::bspline::BasisBackend)2>
2026-09-12T21:54:12.506 DEBUG   :curobo                                  :Cache hit: curobo::kinematics::kinematics_forward_spheres_kernel<15, 32>
2026-09-12T21:54:12.507 DEBUG   :curobo                                  :Cache hit: curobo::geometry::self_collision::self_collision_max_distance_kernel<false>
2026-09-12T21:54:12.508 DEBUG   :curobo                                  :Cache hit: curobo::trajectory::bspline::interpolate_bspline_single_dt_kernel<float, 3, (curobo::trajectory::bspline::BasisBackend)2>
2026-09-12T21:54:12.509 DEBUG   :curobo                                  :Cache hit: curobo::kinematics::kinematics_forward_spheres_kernel<15, 32>
2026-09-12T21:54:12.509 INFO    :curobo                                  :Recording CUDA Graph for _compute_metrics_from_state_impl
2026-09-12T21:54:12.588 DEBUG   :curobo                                  :Cache hit: curobo::geometry::self_collision::self_collision_max_distance_kernel<false>
2026-09-12T21:54:12.591 DEBUG   :curobo                                  :Cache hit: curobo::geometry::self_collision::self_collision_max_distance_kernel<false>
2026-09-12T21:54:12.593 DEBUG   :curobo                                  :Cache hit: curobo::geometry::self_collision::self_collision_max_distance_kernel<false>
2026-09-12T21:54:12.595 DEBUG   :curobo                                  :Cache hit: curobo::geometry::self_collision::self_collision_max_distance_kernel<false>
2026-09-12T21:54:12.601 INFO    :curobo                                  :Updating state_seq buffer reference (created new tensor)
2026-09-12T21:54:12.602 INFO    :curobo                                  :Recording CUDA Graph for _compute_metrics_from_action_impl
2026-09-12T21:54:12.678 INFO    :curobo                                  :Updating state_seq buffer reference (created new tensor)
2026-09-12T21:54:12.678 DEBUG   :curobo                                  :Cache hit: curobo::kinematics::kinematics_forward_spheres_kernel<15, 32>
2026-09-12T21:54:12.681 DEBUG   :curobo                                  :Cache hit: curobo::geometry::self_collision::self_collision_max_distance_kernel<false>
2026-09-12T21:54:12.682 DEBUG   :curobo                                  :Cache hit: curobo::kinematics::kinematics_forward_spheres_kernel<15, 32>
2026-09-12T21:54:12.683 DEBUG   :curobo                                  :Cache hit: curobo::geometry::self_collision::self_collision_max_distance_kernel<false>
2026-09-12T21:54:12.683 DEBUG   :curobo                                  :Cache hit: curobo::kinematics::kinematics_forward_spheres_kernel<15, 32>
2026-09-12T21:54:12.684 DEBUG   :curobo                                  :Cache hit: curobo::geometry::self_collision::self_collision_max_distance_kernel<false>
2026-09-12T21:54:12.695 DEBUG   :curobo                                  :Cache hit: curobo::kinematics::kinematics_forward_spheres_kernel<15, 32>
2026-09-12T21:54:12.696 DEBUG   :curobo                                  :Cache hit: curobo::geometry::self_collision::self_collision_max_distance_kernel<false>
2026-09-12T21:54:12.698 WARNING :curobo                                  :Start or End state in collision
2026-09-12T21:54:12.698 WARNING :curobo                                  :Start or End state in collision
