2026-09-12T21:57:35.677 DEBUG   :curobo                                  :Self Collision skipped %: 48.38903944595002
2026-09-12T21:57:35.677 DEBUG   :curobo                                  :Self Collision count: 1714
2026-09-12T21:57:35.677 DEBUG   :curobo                                  :Self Collision per thread: 4
2026-09-12T21:57:35.749 DEBUG   :curobo                                  :Warp initialized - Version: 1.17.0
2026-09-12T21:57:35.749 DEBUG   :curobo                                  :Warp Devices: ['cpu', 'cuda:0']
2026-09-12T21:57:35.750 INFO    :curobo                                  :Initialized 2 costs for robot rollout
2026-09-12T21:57:35.750 DEBUG   :curobo                                  :Warp initialized - Version: 1.17.0
2026-09-12T21:57:35.750 DEBUG   :curobo                                  :Warp Devices: ['cpu', 'cuda:0']
2026-09-12T21:57:35.750 INFO    :curobo                                  :Initialized 2 costs for robot rollout
2026-09-12T21:57:35.750 DEBUG   :curobo                                  :Warp initialized - Version: 1.17.0
2026-09-12T21:57:35.750 DEBUG   :curobo                                  :Warp Devices: ['cpu', 'cuda:0']
2026-09-12T21:57:35.750 DEBUG   :curobo                                  :Warp initialized - Version: 1.17.0
2026-09-12T21:57:35.750 DEBUG   :curobo                                  :Warp Devices: ['cpu', 'cuda:0']
2026-09-12T21:57:35.750 INFO    :curobo                                  :Initialized 3 costs for robot rollout
2026-09-12T21:57:35.753 DEBUG   :curobo                                  :Warp initialized - Version: 1.17.0
2026-09-12T21:57:35.753 DEBUG   :curobo                                  :Warp Devices: ['cpu', 'cuda:0']
2026-09-12T21:57:35.753 INFO    :curobo                                  :Initialized 2 costs for robot rollout
2026-09-12T21:57:35.753 DEBUG   :curobo                                  :Warp initialized - Version: 1.17.0
2026-09-12T21:57:35.753 DEBUG   :curobo                                  :Warp Devices: ['cpu', 'cuda:0']
2026-09-12T21:57:35.753 INFO    :curobo                                  :Initialized 2 costs for robot rollout
2026-09-12T21:57:35.753 DEBUG   :curobo                                  :Warp initialized - Version: 1.17.0
2026-09-12T21:57:35.753 DEBUG   :curobo                                  :Warp Devices: ['cpu', 'cuda:0']
2026-09-12T21:57:35.753 DEBUG   :curobo                                  :Warp initialized - Version: 1.17.0
2026-09-12T21:57:35.753 DEBUG   :curobo                                  :Warp Devices: ['cpu', 'cuda:0']
2026-09-12T21:57:35.753 INFO    :curobo                                  :Initialized 3 costs for robot rollout
2026-09-12T21:57:35.755 DEBUG   :curobo                                  :Warp initialized - Version: 1.17.0
2026-09-12T21:57:35.755 DEBUG   :curobo                                  :Warp Devices: ['cpu', 'cuda:0']
2026-09-12T21:57:35.755 INFO    :curobo                                  :Initialized 2 costs for robot rollout
2026-09-12T21:57:35.756 DEBUG   :curobo                                  :Warp initialized - Version: 1.17.0
2026-09-12T21:57:35.756 DEBUG   :curobo                                  :Warp Devices: ['cpu', 'cuda:0']
2026-09-12T21:57:35.756 INFO    :curobo                                  :Initialized 2 costs for robot rollout
2026-09-12T21:57:35.756 INFO    :curobo                                  :Initialized 1 costs for robot rollout
2026-09-12T21:57:35.756 INFO    :curobo                                  :Initialized 1 costs for robot rollout
2026-09-12T21:57:35.758 DEBUG   :curobo                                  :Warp initialized - Version: 1.17.0
2026-09-12T21:57:35.758 DEBUG   :curobo                                  :Warp Devices: ['cpu', 'cuda:0']
2026-09-12T21:57:35.758 INFO    :curobo                                  :Initialized 2 costs for robot rollout
2026-09-12T21:57:35.759 DEBUG   :curobo                                  :Warp initialized - Version: 1.17.0
2026-09-12T21:57:35.759 DEBUG   :curobo                                  :Warp Devices: ['cpu', 'cuda:0']
2026-09-12T21:57:35.759 INFO    :curobo                                  :Initialized 2 costs for robot rollout
2026-09-12T21:57:35.759 INFO    :curobo                                  :Initialized 1 costs for robot rollout
2026-09-12T21:57:35.759 INFO    :curobo                                  :Initialized 1 costs for robot rollout
2026-09-12T21:57:35.759 INFO    :curobo                                  :LBFGS: history >= opt_dim, reducing history to opt_dim-1
2026-09-12T21:57:35.763 INFO    :curobo                                  :Updating state_seq buffer reference (created new tensor)
2026-09-12T21:57:35.764 INFO    :curobo                                  :Updating state_seq buffer reference (created new tensor)
2026-09-12T21:57:35.768 DEBUG   :curobo                                  :Warp initialized - Version: 1.17.0
2026-09-12T21:57:35.768 DEBUG   :curobo                                  :Warp Devices: ['cpu', 'cuda:0']
2026-09-12T21:57:35.772 INFO    :curobo                                  :Seed IK Solver initialized for robot with 6 DOF
2026-09-12T21:57:35.772 INFO    :curobo                                  :Controlled links: ['tcp']
2026-09-12T21:57:35.791 DEBUG   :curobo                                  :Warp initialized - Version: 1.17.0
2026-09-12T21:57:35.791 DEBUG   :curobo                                  :Warp Devices: ['cpu', 'cuda:0']
2026-09-12T21:57:35.792 INFO    :curobo                                  :Initialized 2 costs for robot rollout
2026-09-12T21:57:35.793 DEBUG   :curobo                                  :Warp initialized - Version: 1.17.0
2026-09-12T21:57:35.793 DEBUG   :curobo                                  :Warp Devices: ['cpu', 'cuda:0']
2026-09-12T21:57:35.793 INFO    :curobo                                  :Initialized 2 costs for robot rollout
2026-09-12T21:57:35.793 DEBUG   :curobo                                  :Warp initialized - Version: 1.17.0
2026-09-12T21:57:35.793 DEBUG   :curobo                                  :Warp Devices: ['cpu', 'cuda:0']
2026-09-12T21:57:35.793 DEBUG   :curobo                                  :Warp initialized - Version: 1.17.0
2026-09-12T21:57:35.793 DEBUG   :curobo                                  :Warp Devices: ['cpu', 'cuda:0']
2026-09-12T21:57:35.793 INFO    :curobo                                  :Initialized 3 costs for robot rollout
2026-09-12T21:57:35.797 DEBUG   :curobo                                  :Warp initialized - Version: 1.17.0
2026-09-12T21:57:35.797 DEBUG   :curobo                                  :Warp Devices: ['cpu', 'cuda:0']
2026-09-12T21:57:35.797 INFO    :curobo                                  :Initialized 2 costs for robot rollout
2026-09-12T21:57:35.798 DEBUG   :curobo                                  :Warp initialized - Version: 1.17.0
2026-09-12T21:57:35.798 DEBUG   :curobo                                  :Warp Devices: ['cpu', 'cuda:0']
2026-09-12T21:57:35.798 INFO    :curobo                                  :Initialized 2 costs for robot rollout
2026-09-12T21:57:35.798 DEBUG   :curobo                                  :Warp initialized - Version: 1.17.0
2026-09-12T21:57:35.798 DEBUG   :curobo                                  :Warp Devices: ['cpu', 'cuda:0']
2026-09-12T21:57:35.798 DEBUG   :curobo                                  :Warp initialized - Version: 1.17.0
2026-09-12T21:57:35.798 DEBUG   :curobo                                  :Warp Devices: ['cpu', 'cuda:0']
2026-09-12T21:57:35.798 INFO    :curobo                                  :Initialized 3 costs for robot rollout
2026-09-12T21:57:35.800 DEBUG   :curobo                                  :Warp initialized - Version: 1.17.0
2026-09-12T21:57:35.800 DEBUG   :curobo                                  :Warp Devices: ['cpu', 'cuda:0']
2026-09-12T21:57:35.800 INFO    :curobo                                  :Initialized 2 costs for robot rollout
2026-09-12T21:57:35.800 DEBUG   :curobo                                  :Warp initialized - Version: 1.17.0
2026-09-12T21:57:35.800 DEBUG   :curobo                                  :Warp Devices: ['cpu', 'cuda:0']
2026-09-12T21:57:35.800 INFO    :curobo                                  :Initialized 2 costs for robot rollout
2026-09-12T21:57:35.800 INFO    :curobo                                  :Initialized 1 costs for robot rollout
2026-09-12T21:57:35.801 INFO    :curobo                                  :Initialized 1 costs for robot rollout
2026-09-12T21:57:35.803 DEBUG   :curobo                                  :Warp initialized - Version: 1.17.0
2026-09-12T21:57:35.803 DEBUG   :curobo                                  :Warp Devices: ['cpu', 'cuda:0']
2026-09-12T21:57:35.803 INFO    :curobo                                  :Initialized 2 costs for robot rollout
2026-09-12T21:57:35.803 DEBUG   :curobo                                  :Warp initialized - Version: 1.17.0
2026-09-12T21:57:35.803 DEBUG   :curobo                                  :Warp Devices: ['cpu', 'cuda:0']
2026-09-12T21:57:35.803 INFO    :curobo                                  :Initialized 2 costs for robot rollout
2026-09-12T21:57:35.803 INFO    :curobo                                  :Initialized 1 costs for robot rollout
2026-09-12T21:57:35.803 INFO    :curobo                                  :Initialized 1 costs for robot rollout
2026-09-12T21:57:35.804 INFO    :curobo                                  :Updating state_seq buffer reference (created new tensor)
2026-09-12T21:57:35.804 INFO    :curobo                                  :Updating state_seq buffer reference (created new tensor)
2026-09-12T21:57:35.809 DEBUG   :curobo                                  :Warp initialized - Version: 1.17.0
2026-09-12T21:57:35.809 DEBUG   :curobo                                  :Warp Devices: ['cpu', 'cuda:0']
2026-09-12T21:57:35.809 INFO    :curobo                                  :Initialized 2 costs for robot rollout
2026-09-12T21:57:35.810 DEBUG   :curobo                                  :Warp initialized - Version: 1.17.0
2026-09-12T21:57:35.810 DEBUG   :curobo                                  :Warp Devices: ['cpu', 'cuda:0']
2026-09-12T21:57:35.810 INFO    :curobo                                  :Initialized 2 costs for robot rollout
2026-09-12T21:57:35.810 DEBUG   :curobo                                  :Warp initialized - Version: 1.17.0
2026-09-12T21:57:35.810 DEBUG   :curobo                                  :Warp Devices: ['cpu', 'cuda:0']
2026-09-12T21:57:35.810 DEBUG   :curobo                                  :Warp initialized - Version: 1.17.0
2026-09-12T21:57:35.810 DEBUG   :curobo                                  :Warp Devices: ['cpu', 'cuda:0']
2026-09-12T21:57:35.810 INFO    :curobo                                  :Initialized 3 costs for robot rollout
2026-09-12T21:57:35.812 DEBUG   :curobo                                  :Warp initialized - Version: 1.17.0
2026-09-12T21:57:35.812 DEBUG   :curobo                                  :Warp Devices: ['cpu', 'cuda:0']
2026-09-12T21:57:35.812 INFO    :curobo                                  :Initialized 2 costs for robot rollout
2026-09-12T21:57:35.813 DEBUG   :curobo                                  :Warp initialized - Version: 1.17.0
2026-09-12T21:57:35.813 DEBUG   :curobo                                  :Warp Devices: ['cpu', 'cuda:0']
2026-09-12T21:57:35.813 INFO    :curobo                                  :Initialized 2 costs for robot rollout
2026-09-12T21:57:35.813 DEBUG   :curobo                                  :Warp initialized - Version: 1.17.0
2026-09-12T21:57:35.813 DEBUG   :curobo                                  :Warp Devices: ['cpu', 'cuda:0']
2026-09-12T21:57:35.813 DEBUG   :curobo                                  :Warp initialized - Version: 1.17.0
2026-09-12T21:57:35.813 DEBUG   :curobo                                  :Warp Devices: ['cpu', 'cuda:0']
2026-09-12T21:57:35.813 INFO    :curobo                                  :Initialized 3 costs for robot rollout
2026-09-12T21:57:35.815 DEBUG   :curobo                                  :Warp initialized - Version: 1.17.0
2026-09-12T21:57:35.815 DEBUG   :curobo                                  :Warp Devices: ['cpu', 'cuda:0']
2026-09-12T21:57:35.815 INFO    :curobo                                  :Initialized 2 costs for robot rollout
2026-09-12T21:57:35.815 DEBUG   :curobo                                  :Warp initialized - Version: 1.17.0
2026-09-12T21:57:35.815 DEBUG   :curobo                                  :Warp Devices: ['cpu', 'cuda:0']
2026-09-12T21:57:35.815 INFO    :curobo                                  :Initialized 2 costs for robot rollout
2026-09-12T21:57:35.815 DEBUG   :curobo                                  :Warp initialized - Version: 1.17.0
2026-09-12T21:57:35.815 DEBUG   :curobo                                  :Warp Devices: ['cpu', 'cuda:0']
2026-09-12T21:57:35.817 DEBUG   :curobo                                  :Warp initialized - Version: 1.17.0
2026-09-12T21:57:35.817 DEBUG   :curobo                                  :Warp Devices: ['cpu', 'cuda:0']
2026-09-12T21:57:35.817 INFO    :curobo                                  :Initialized 3 costs for robot rollout
2026-09-12T21:57:35.879 INFO    :curobo                                  :CuRobo kernel backend: 'cuda_core'
2026-09-12T21:57:35.880 INFO    :curobo                                  :cuda.core backend initialized: sm_89
2026-09-12T21:57:35.880 INFO    :curobo                                  :Compiling kernel: curobo::kinematics::kinematics_forward_spheres_kernel<15, 32>
2026-09-12T21:57:35.997 INFO    :curobo                                  :Successfully compiled kernel: curobo::kinematics::kinematics_forward_spheres_kernel<15, 32>
2026-09-12T21:57:35.998 DEBUG   :curobo                                  :Cache hit: curobo::kinematics::kinematics_forward_spheres_kernel<15, 32>
2026-09-12T21:57:36.000 DEBUG   :curobo                                  :Cache hit: curobo::kinematics::kinematics_forward_spheres_kernel<15, 32>
2026-09-12T21:57:36.000 INFO    :curobo                                  :exploration_idx.shape != (num_problems, n_linesearch): torch.Size([1, 4]) != (4, 4)
2026-09-12T21:57:36.000 INFO    :curobo                                  :selected_idx.shape != (num_problems, n_linesearch): torch.Size([1, 4]) != (4, 4)
2026-09-12T21:57:36.000 INFO    :curobo                                  :exploration_idx.shape != (num_problems, n_linesearch): torch.Size([1, 4]) != (4, 4)
2026-09-12T21:57:36.000 INFO    :curobo                                  :selected_idx.shape != (num_problems, n_linesearch): torch.Size([1, 4]) != (4, 4)
2026-09-12T21:57:36.000 INFO    :curobo                                  :Updating state_seq buffer reference (created new tensor)
2026-09-12T21:57:36.001 INFO    :curobo                                  :Updating state_seq buffer reference (created new tensor)
2026-09-12T21:57:36.001 INFO    :curobo                                  :Updating state_seq buffer reference (created new tensor)
2026-09-12T21:57:36.002 INFO    :curobo                                  :Updating state_seq buffer reference (created new tensor)
2026-09-12T21:57:36.002 INFO    :curobo                                  :Compiling kernel: curobo::trajectory::bspline::interpolate_bspline_kernel<float, 3, (curobo::trajectory::bspline::BasisBackend)2>
2026-09-12T21:57:36.081 INFO    :curobo                                  :Successfully compiled kernel: curobo::trajectory::bspline::interpolate_bspline_kernel<float, 3, (curobo::trajectory::bspline::BasisBackend)2>
2026-09-12T21:57:36.081 DEBUG   :curobo                                  :Cache hit: curobo::kinematics::kinematics_forward_spheres_kernel<15, 32>
2026-09-12T21:57:36.113 DEBUG   :curobo                                  :Cache hit: curobo::trajectory::bspline::interpolate_bspline_kernel<float, 3, (curobo::trajectory::bspline::BasisBackend)2>
2026-09-12T21:57:36.113 DEBUG   :curobo                                  :Cache hit: curobo::kinematics::kinematics_forward_spheres_kernel<15, 32>
2026-09-12T21:57:36.259 INFO    :curobo                                  :Compiling kernel: curobo::kinematics::kinematics_backward_kernel<float, float, 16, true, false, false>
2026-09-12T21:57:36.371 INFO    :curobo                                  :Successfully compiled kernel: curobo::kinematics::kinematics_backward_kernel<float, float, 16, true, false, false>
2026-09-12T21:57:36.372 INFO    :curobo                                  :Compiling kernel: curobo::trajectory::bspline::bspline_backward_kernel<3, float, (curobo::trajectory::bspline::BasisBackend)2>
2026-09-12T21:57:36.435 INFO    :curobo                                  :Successfully compiled kernel: curobo::trajectory::bspline::bspline_backward_kernel<3, float, (curobo::trajectory::bspline::BasisBackend)2>
2026-09-12T21:57:36.436 INFO    :curobo                                  :Compiling kernel: curobo::optimization::line_search::kernel_line_search<float, 4>
2026-09-12T21:57:36.501 INFO    :curobo                                  :Successfully compiled kernel: curobo::optimization::line_search::kernel_line_search<float, 4>
2026-09-12T21:57:36.502 INFO    :curobo                                  :Running optimizer 1/1: LBFGSOpt
2026-09-12T21:57:36.502 INFO    :curobo                                  :Recording CUDA Graph for _opt_iters
2026-09-12T21:57:36.573 DEBUG   :curobo                                  :Cache hit: curobo::trajectory::bspline::interpolate_bspline_kernel<float, 3, (curobo::trajectory::bspline::BasisBackend)2>
2026-09-12T21:57:36.574 DEBUG   :curobo                                  :Cache hit: curobo::kinematics::kinematics_forward_spheres_kernel<15, 32>
2026-09-12T21:57:36.578 DEBUG   :curobo                                  :Cache hit: curobo::kinematics::kinematics_backward_kernel<float, float, 16, true, false, false>
2026-09-12T21:57:36.579 DEBUG   :curobo                                  :Cache hit: curobo::trajectory::bspline::bspline_backward_kernel<3, float, (curobo::trajectory::bspline::BasisBackend)2>
2026-09-12T21:57:36.579 DEBUG   :curobo                                  :Cache hit: curobo::optimization::line_search::kernel_line_search<float, 4>
2026-09-12T21:57:36.579 INFO    :curobo                                  :Compiling kernel: curobo::optimization::kernel_lbfgs_step_shared_memory<float, false, 27>
2026-09-12T21:57:36.706 INFO    :curobo                                  :Successfully compiled kernel: curobo::optimization::kernel_lbfgs_step_shared_memory<float, false, 27>
2026-09-12T21:57:36.707 DEBUG   :curobo                                  :Cache hit: curobo::trajectory::bspline::interpolate_bspline_kernel<float, 3, (curobo::trajectory::bspline::BasisBackend)2>
2026-09-12T21:57:36.707 DEBUG   :curobo                                  :Cache hit: curobo::kinematics::kinematics_forward_spheres_kernel<15, 32>
2026-09-12T21:57:36.709 DEBUG   :curobo                                  :Cache hit: curobo::kinematics::kinematics_backward_kernel<float, float, 16, true, false, false>
2026-09-12T21:57:36.709 DEBUG   :curobo                                  :Cache hit: curobo::trajectory::bspline::bspline_backward_kernel<3, float, (curobo::trajectory::bspline::BasisBackend)2>
2026-09-12T21:57:36.709 DEBUG   :curobo                                  :Cache hit: curobo::optimization::line_search::kernel_line_search<float, 4>
2026-09-12T21:57:36.710 DEBUG   :curobo                                  :Cache hit: curobo::optimization::kernel_lbfgs_step_shared_memory<float, false, 27>
2026-09-12T21:57:36.710 DEBUG   :curobo                                  :Cache hit: curobo::trajectory::bspline::interpolate_bspline_kernel<float, 3, (curobo::trajectory::bspline::BasisBackend)2>
2026-09-12T21:57:36.710 DEBUG   :curobo                                  :Cache hit: curobo::kinematics::kinematics_forward_spheres_kernel<15, 32>
2026-09-12T21:57:36.711 DEBUG   :curobo                                  :Cache hit: curobo::kinematics::kinematics_backward_kernel<float, float, 16, true, false, false>
2026-09-12T21:57:36.712 DEBUG   :curobo                                  :Cache hit: curobo::trajectory::bspline::bspline_backward_kernel<3, float, (curobo::trajectory::bspline::BasisBackend)2>
2026-09-12T21:57:36.713 DEBUG   :curobo                                  :Cache hit: curobo::optimization::line_search::kernel_line_search<float, 4>
2026-09-12T21:57:36.713 DEBUG   :curobo                                  :Cache hit: curobo::optimization::kernel_lbfgs_step_shared_memory<float, false, 27>
2026-09-12T21:57:36.713 DEBUG   :curobo                                  :Cache hit: curobo::trajectory::bspline::interpolate_bspline_kernel<float, 3, (curobo::trajectory::bspline::BasisBackend)2>
2026-09-12T21:57:36.714 DEBUG   :curobo                                  :Cache hit: curobo::kinematics::kinematics_forward_spheres_kernel<15, 32>
2026-09-12T21:57:36.714 DEBUG   :curobo                                  :Cache hit: curobo::kinematics::kinematics_backward_kernel<float, float, 16, true, false, false>
2026-09-12T21:57:36.715 DEBUG   :curobo                                  :Cache hit: curobo::trajectory::bspline::bspline_backward_kernel<3, float, (curobo::trajectory::bspline::BasisBackend)2>
2026-09-12T21:57:36.715 DEBUG   :curobo                                  :Cache hit: curobo::optimization::line_search::kernel_line_search<float, 4>
2026-09-12T21:57:36.715 DEBUG   :curobo                                  :Cache hit: curobo::optimization::kernel_lbfgs_step_shared_memory<float, false, 27>
2026-09-12T21:57:36.715 DEBUG   :curobo                                  :Cache hit: curobo::trajectory::bspline::interpolate_bspline_kernel<float, 3, (curobo::trajectory::bspline::BasisBackend)2>
2026-09-12T21:57:36.716 DEBUG   :curobo                                  :Cache hit: curobo::kinematics::kinematics_forward_spheres_kernel<15, 32>
2026-09-12T21:57:36.716 DEBUG   :curobo                                  :Cache hit: curobo::kinematics::kinematics_backward_kernel<float, float, 16, true, false, false>
2026-09-12T21:57:36.717 DEBUG   :curobo                                  :Cache hit: curobo::trajectory::bspline::bspline_backward_kernel<3, float, (curobo::trajectory::bspline::BasisBackend)2>
2026-09-12T21:57:36.717 DEBUG   :curobo                                  :Cache hit: curobo::optimization::line_search::kernel_line_search<float, 4>
2026-09-12T21:57:36.717 DEBUG   :curobo                                  :Cache hit: curobo::optimization::kernel_lbfgs_step_shared_memory<float, false, 27>
2026-09-12T21:57:36.717 DEBUG   :curobo                                  :Cache hit: curobo::trajectory::bspline::interpolate_bspline_kernel<float, 3, (curobo::trajectory::bspline::BasisBackend)2>
2026-09-12T21:57:36.717 DEBUG   :curobo                                  :Cache hit: curobo::kinematics::kinematics_forward_spheres_kernel<15, 32>
2026-09-12T21:57:36.718 DEBUG   :curobo                                  :Cache hit: curobo::kinematics::kinematics_backward_kernel<float, float, 16, true, false, false>
2026-09-12T21:57:36.718 DEBUG   :curobo                                  :Cache hit: curobo::trajectory::bspline::bspline_backward_kernel<3, float, (curobo::trajectory::bspline::BasisBackend)2>
2026-09-12T21:57:36.719 DEBUG   :curobo                                  :Cache hit: curobo::optimization::line_search::kernel_line_search<float, 4>
2026-09-12T21:57:36.719 DEBUG   :curobo                                  :Cache hit: curobo::optimization::kernel_lbfgs_step_shared_memory<float, false, 27>
2026-09-12T21:57:36.719 DEBUG   :curobo                                  :Cache hit: curobo::trajectory::bspline::interpolate_bspline_kernel<float, 3, (curobo::trajectory::bspline::BasisBackend)2>
2026-09-12T21:57:36.719 DEBUG   :curobo                                  :Cache hit: curobo::kinematics::kinematics_forward_spheres_kernel<15, 32>
2026-09-12T21:57:36.720 DEBUG   :curobo                                  :Cache hit: curobo::kinematics::kinematics_backward_kernel<float, float, 16, true, false, false>
2026-09-12T21:57:36.721 DEBUG   :curobo                                  :Cache hit: curobo::trajectory::bspline::bspline_backward_kernel<3, float, (curobo::trajectory::bspline::BasisBackend)2>
2026-09-12T21:57:36.721 DEBUG   :curobo                                  :Cache hit: curobo::optimization::line_search::kernel_line_search<float, 4>
2026-09-12T21:57:36.721 DEBUG   :curobo                                  :Cache hit: curobo::optimization::kernel_lbfgs_step_shared_memory<float, false, 27>
2026-09-12T21:57:36.722 DEBUG   :curobo                                  :Cache hit: curobo::trajectory::bspline::interpolate_bspline_kernel<float, 3, (curobo::trajectory::bspline::BasisBackend)2>
2026-09-12T21:57:36.722 DEBUG   :curobo                                  :Cache hit: curobo::kinematics::kinematics_forward_spheres_kernel<15, 32>
2026-09-12T21:57:36.724 DEBUG   :curobo                                  :Cache hit: curobo::kinematics::kinematics_backward_kernel<float, float, 16, true, false, false>
2026-09-12T21:57:36.724 DEBUG   :curobo                                  :Cache hit: curobo::trajectory::bspline::bspline_backward_kernel<3, float, (curobo::trajectory::bspline::BasisBackend)2>
2026-09-12T21:57:36.725 DEBUG   :curobo                                  :Cache hit: curobo::optimization::line_search::kernel_line_search<float, 4>
2026-09-12T21:57:36.725 DEBUG   :curobo                                  :Cache hit: curobo::optimization::kernel_lbfgs_step_shared_memory<float, false, 27>
2026-09-12T21:57:36.726 DEBUG   :curobo                                  :Cache hit: curobo::trajectory::bspline::interpolate_bspline_kernel<float, 3, (curobo::trajectory::bspline::BasisBackend)2>
2026-09-12T21:57:36.726 DEBUG   :curobo                                  :Cache hit: curobo::kinematics::kinematics_forward_spheres_kernel<15, 32>
2026-09-12T21:57:36.728 DEBUG   :curobo                                  :Cache hit: curobo::kinematics::kinematics_backward_kernel<float, float, 16, true, false, false>
2026-09-12T21:57:36.728 DEBUG   :curobo                                  :Cache hit: curobo::trajectory::bspline::bspline_backward_kernel<3, float, (curobo::trajectory::bspline::BasisBackend)2>
2026-09-12T21:57:36.728 DEBUG   :curobo                                  :Cache hit: curobo::optimization::line_search::kernel_line_search<float, 4>
2026-09-12T21:57:36.729 DEBUG   :curobo                                  :Cache hit: curobo::optimization::kernel_lbfgs_step_shared_memory<float, false, 27>
2026-09-12T21:57:36.729 DEBUG   :curobo                                  :Cache hit: curobo::trajectory::bspline::interpolate_bspline_kernel<float, 3, (curobo::trajectory::bspline::BasisBackend)2>
2026-09-12T21:57:36.730 DEBUG   :curobo                                  :Cache hit: curobo::kinematics::kinematics_forward_spheres_kernel<15, 32>
2026-09-12T21:57:36.730 DEBUG   :curobo                                  :Cache hit: curobo::kinematics::kinematics_backward_kernel<float, float, 16, true, false, false>
2026-09-12T21:57:36.730 DEBUG   :curobo                                  :Cache hit: curobo::trajectory::bspline::bspline_backward_kernel<3, float, (curobo::trajectory::bspline::BasisBackend)2>
2026-09-12T21:57:36.731 DEBUG   :curobo                                  :Cache hit: curobo::optimization::line_search::kernel_line_search<float, 4>
2026-09-12T21:57:36.731 DEBUG   :curobo                                  :Cache hit: curobo::optimization::kernel_lbfgs_step_shared_memory<float, false, 27>
2026-09-12T21:57:36.731 DEBUG   :curobo                                  :Cache hit: curobo::trajectory::bspline::interpolate_bspline_kernel<float, 3, (curobo::trajectory::bspline::BasisBackend)2>
2026-09-12T21:57:36.731 DEBUG   :curobo                                  :Cache hit: curobo::kinematics::kinematics_forward_spheres_kernel<15, 32>
2026-09-12T21:57:36.732 DEBUG   :curobo                                  :Cache hit: curobo::kinematics::kinematics_backward_kernel<float, float, 16, true, false, false>
2026-09-12T21:57:36.732 DEBUG   :curobo                                  :Cache hit: curobo::trajectory::bspline::bspline_backward_kernel<3, float, (curobo::trajectory::bspline::BasisBackend)2>
2026-09-12T21:57:36.733 DEBUG   :curobo                                  :Cache hit: curobo::optimization::line_search::kernel_line_search<float, 4>
2026-09-12T21:57:36.733 DEBUG   :curobo                                  :Cache hit: curobo::optimization::kernel_lbfgs_step_shared_memory<float, false, 27>
2026-09-12T21:57:36.733 DEBUG   :curobo                                  :Cache hit: curobo::trajectory::bspline::interpolate_bspline_kernel<float, 3, (curobo::trajectory::bspline::BasisBackend)2>
2026-09-12T21:57:36.733 DEBUG   :curobo                                  :Cache hit: curobo::kinematics::kinematics_forward_spheres_kernel<15, 32>
2026-09-12T21:57:36.734 DEBUG   :curobo                                  :Cache hit: curobo::kinematics::kinematics_backward_kernel<float, float, 16, true, false, false>
2026-09-12T21:57:36.735 DEBUG   :curobo                                  :Cache hit: curobo::trajectory::bspline::bspline_backward_kernel<3, float, (curobo::trajectory::bspline::BasisBackend)2>
2026-09-12T21:57:36.735 DEBUG   :curobo                                  :Cache hit: curobo::optimization::line_search::kernel_line_search<float, 4>
2026-09-12T21:57:36.735 DEBUG   :curobo                                  :Cache hit: curobo::optimization::kernel_lbfgs_step_shared_memory<float, false, 27>
2026-09-12T21:57:36.736 DEBUG   :curobo                                  :Cache hit: curobo::trajectory::bspline::interpolate_bspline_kernel<float, 3, (curobo::trajectory::bspline::BasisBackend)2>
2026-09-12T21:57:36.736 DEBUG   :curobo                                  :Cache hit: curobo::kinematics::kinematics_forward_spheres_kernel<15, 32>
2026-09-12T21:57:36.737 DEBUG   :curobo                                  :Cache hit: curobo::kinematics::kinematics_backward_kernel<float, float, 16, true, false, false>
2026-09-12T21:57:36.737 DEBUG   :curobo                                  :Cache hit: curobo::trajectory::bspline::bspline_backward_kernel<3, float, (curobo::trajectory::bspline::BasisBackend)2>
2026-09-12T21:57:36.737 DEBUG   :curobo                                  :Cache hit: curobo::optimization::line_search::kernel_line_search<float, 4>
2026-09-12T21:57:36.738 DEBUG   :curobo                                  :Cache hit: curobo::optimization::kernel_lbfgs_step_shared_memory<float, false, 27>
2026-09-12T21:57:36.738 DEBUG   :curobo                                  :Cache hit: curobo::trajectory::bspline::interpolate_bspline_kernel<float, 3, (curobo::trajectory::bspline::BasisBackend)2>
2026-09-12T21:57:36.738 DEBUG   :curobo                                  :Cache hit: curobo::kinematics::kinematics_forward_spheres_kernel<15, 32>
2026-09-12T21:57:36.739 DEBUG   :curobo                                  :Cache hit: curobo::kinematics::kinematics_backward_kernel<float, float, 16, true, false, false>
2026-09-12T21:57:36.740 DEBUG   :curobo                                  :Cache hit: curobo::trajectory::bspline::bspline_backward_kernel<3, float, (curobo::trajectory::bspline::BasisBackend)2>
2026-09-12T21:57:36.740 DEBUG   :curobo                                  :Cache hit: curobo::optimization::line_search::kernel_line_search<float, 4>
2026-09-12T21:57:36.740 DEBUG   :curobo                                  :Cache hit: curobo::optimization::kernel_lbfgs_step_shared_memory<float, false, 27>
2026-09-12T21:57:36.740 DEBUG   :curobo                                  :Cache hit: curobo::trajectory::bspline::interpolate_bspline_kernel<float, 3, (curobo::trajectory::bspline::BasisBackend)2>
2026-09-12T21:57:36.741 DEBUG   :curobo                                  :Cache hit: curobo::kinematics::kinematics_forward_spheres_kernel<15, 32>
2026-09-12T21:57:36.742 DEBUG   :curobo                                  :Cache hit: curobo::kinematics::kinematics_backward_kernel<float, float, 16, true, false, false>
2026-09-12T21:57:36.742 DEBUG   :curobo                                  :Cache hit: curobo::trajectory::bspline::bspline_backward_kernel<3, float, (curobo::trajectory::bspline::BasisBackend)2>
2026-09-12T21:57:36.742 DEBUG   :curobo                                  :Cache hit: curobo::optimization::line_search::kernel_line_search<float, 4>
2026-09-12T21:57:36.742 DEBUG   :curobo                                  :Cache hit: curobo::optimization::kernel_lbfgs_step_shared_memory<float, false, 27>
2026-09-12T21:57:36.743 DEBUG   :curobo                                  :Cache hit: curobo::trajectory::bspline::interpolate_bspline_kernel<float, 3, (curobo::trajectory::bspline::BasisBackend)2>
2026-09-12T21:57:36.743 DEBUG   :curobo                                  :Cache hit: curobo::kinematics::kinematics_forward_spheres_kernel<15, 32>
2026-09-12T21:57:36.744 DEBUG   :curobo                                  :Cache hit: curobo::kinematics::kinematics_backward_kernel<float, float, 16, true, false, false>
2026-09-12T21:57:36.744 DEBUG   :curobo                                  :Cache hit: curobo::trajectory::bspline::bspline_backward_kernel<3, float, (curobo::trajectory::bspline::BasisBackend)2>
2026-09-12T21:57:36.745 DEBUG   :curobo                                  :Cache hit: curobo::optimization::line_search::kernel_line_search<float, 4>
2026-09-12T21:57:36.745 DEBUG   :curobo                                  :Cache hit: curobo::optimization::kernel_lbfgs_step_shared_memory<float, false, 27>
2026-09-12T21:57:36.745 DEBUG   :curobo                                  :Cache hit: curobo::trajectory::bspline::interpolate_bspline_kernel<float, 3, (curobo::trajectory::bspline::BasisBackend)2>
2026-09-12T21:57:36.745 DEBUG   :curobo                                  :Cache hit: curobo::kinematics::kinematics_forward_spheres_kernel<15, 32>
2026-09-12T21:57:36.746 DEBUG   :curobo                                  :Cache hit: curobo::kinematics::kinematics_backward_kernel<float, float, 16, true, false, false>
2026-09-12T21:57:36.747 DEBUG   :curobo                                  :Cache hit: curobo::trajectory::bspline::bspline_backward_kernel<3, float, (curobo::trajectory::bspline::BasisBackend)2>
2026-09-12T21:57:36.747 DEBUG   :curobo                                  :Cache hit: curobo::optimization::line_search::kernel_line_search<float, 4>
2026-09-12T21:57:36.747 DEBUG   :curobo                                  :Cache hit: curobo::optimization::kernel_lbfgs_step_shared_memory<float, false, 27>
2026-09-12T21:57:36.747 DEBUG   :curobo                                  :Cache hit: curobo::trajectory::bspline::interpolate_bspline_kernel<float, 3, (curobo::trajectory::bspline::BasisBackend)2>
2026-09-12T21:57:36.748 DEBUG   :curobo                                  :Cache hit: curobo::kinematics::kinematics_forward_spheres_kernel<15, 32>
2026-09-12T21:57:36.748 DEBUG   :curobo                                  :Cache hit: curobo::kinematics::kinematics_backward_kernel<float, float, 16, true, false, false>
2026-09-12T21:57:36.749 DEBUG   :curobo                                  :Cache hit: curobo::trajectory::bspline::bspline_backward_kernel<3, float, (curobo::trajectory::bspline::BasisBackend)2>
2026-09-12T21:57:36.749 DEBUG   :curobo                                  :Cache hit: curobo::optimization::line_search::kernel_line_search<float, 4>
2026-09-12T21:57:36.749 DEBUG   :curobo                                  :Cache hit: curobo::optimization::kernel_lbfgs_step_shared_memory<float, false, 27>
2026-09-12T21:57:36.749 DEBUG   :curobo                                  :Cache hit: curobo::trajectory::bspline::interpolate_bspline_kernel<float, 3, (curobo::trajectory::bspline::BasisBackend)2>
2026-09-12T21:57:36.750 DEBUG   :curobo                                  :Cache hit: curobo::kinematics::kinematics_forward_spheres_kernel<15, 32>
2026-09-12T21:57:36.751 DEBUG   :curobo                                  :Cache hit: curobo::kinematics::kinematics_backward_kernel<float, float, 16, true, false, false>
2026-09-12T21:57:36.751 DEBUG   :curobo                                  :Cache hit: curobo::trajectory::bspline::bspline_backward_kernel<3, float, (curobo::trajectory::bspline::BasisBackend)2>
2026-09-12T21:57:36.751 DEBUG   :curobo                                  :Cache hit: curobo::optimization::line_search::kernel_line_search<float, 4>
2026-09-12T21:57:36.751 DEBUG   :curobo                                  :Cache hit: curobo::optimization::kernel_lbfgs_step_shared_memory<float, false, 27>
2026-09-12T21:57:36.752 DEBUG   :curobo                                  :Cache hit: curobo::trajectory::bspline::interpolate_bspline_kernel<float, 3, (curobo::trajectory::bspline::BasisBackend)2>
2026-09-12T21:57:36.752 DEBUG   :curobo                                  :Cache hit: curobo::kinematics::kinematics_forward_spheres_kernel<15, 32>
2026-09-12T21:57:36.753 DEBUG   :curobo                                  :Cache hit: curobo::kinematics::kinematics_backward_kernel<float, float, 16, true, false, false>
2026-09-12T21:57:36.754 DEBUG   :curobo                                  :Cache hit: curobo::trajectory::bspline::bspline_backward_kernel<3, float, (curobo::trajectory::bspline::BasisBackend)2>
2026-09-12T21:57:36.754 DEBUG   :curobo                                  :Cache hit: curobo::optimization::line_search::kernel_line_search<float, 4>
2026-09-12T21:57:36.754 DEBUG   :curobo                                  :Cache hit: curobo::optimization::kernel_lbfgs_step_shared_memory<float, false, 27>
2026-09-12T21:57:36.755 DEBUG   :curobo                                  :Cache hit: curobo::trajectory::bspline::interpolate_bspline_kernel<float, 3, (curobo::trajectory::bspline::BasisBackend)2>
2026-09-12T21:57:36.755 DEBUG   :curobo                                  :Cache hit: curobo::kinematics::kinematics_forward_spheres_kernel<15, 32>
2026-09-12T21:57:36.756 DEBUG   :curobo                                  :Cache hit: curobo::kinematics::kinematics_backward_kernel<float, float, 16, true, false, false>
2026-09-12T21:57:36.757 DEBUG   :curobo                                  :Cache hit: curobo::trajectory::bspline::bspline_backward_kernel<3, float, (curobo::trajectory::bspline::BasisBackend)2>
2026-09-12T21:57:36.757 DEBUG   :curobo                                  :Cache hit: curobo::optimization::line_search::kernel_line_search<float, 4>
2026-09-12T21:57:36.757 DEBUG   :curobo                                  :Cache hit: curobo::optimization::kernel_lbfgs_step_shared_memory<float, false, 27>
2026-09-12T21:57:36.758 DEBUG   :curobo                                  :Cache hit: curobo::trajectory::bspline::interpolate_bspline_kernel<float, 3, (curobo::trajectory::bspline::BasisBackend)2>
2026-09-12T21:57:36.758 DEBUG   :curobo                                  :Cache hit: curobo::kinematics::kinematics_forward_spheres_kernel<15, 32>
2026-09-12T21:57:36.760 DEBUG   :curobo                                  :Cache hit: curobo::kinematics::kinematics_backward_kernel<float, float, 16, true, false, false>
2026-09-12T21:57:36.760 DEBUG   :curobo                                  :Cache hit: curobo::trajectory::bspline::bspline_backward_kernel<3, float, (curobo::trajectory::bspline::BasisBackend)2>
2026-09-12T21:57:36.760 DEBUG   :curobo                                  :Cache hit: curobo::optimization::line_search::kernel_line_search<float, 4>
2026-09-12T21:57:36.761 DEBUG   :curobo                                  :Cache hit: curobo::optimization::kernel_lbfgs_step_shared_memory<float, false, 27>
2026-09-12T21:57:36.761 DEBUG   :curobo                                  :Cache hit: curobo::trajectory::bspline::interpolate_bspline_kernel<float, 3, (curobo::trajectory::bspline::BasisBackend)2>
2026-09-12T21:57:36.762 DEBUG   :curobo                                  :Cache hit: curobo::kinematics::kinematics_forward_spheres_kernel<15, 32>
2026-09-12T21:57:36.763 DEBUG   :curobo                                  :Cache hit: curobo::kinematics::kinematics_backward_kernel<float, float, 16, true, false, false>
2026-09-12T21:57:36.763 DEBUG   :curobo                                  :Cache hit: curobo::trajectory::bspline::bspline_backward_kernel<3, float, (curobo::trajectory::bspline::BasisBackend)2>
2026-09-12T21:57:36.763 DEBUG   :curobo                                  :Cache hit: curobo::optimization::line_search::kernel_line_search<float, 4>
2026-09-12T21:57:36.763 DEBUG   :curobo                                  :Cache hit: curobo::optimization::kernel_lbfgs_step_shared_memory<float, false, 27>
2026-09-12T21:57:36.763 DEBUG   :curobo                                  :Cache hit: curobo::trajectory::bspline::interpolate_bspline_kernel<float, 3, (curobo::trajectory::bspline::BasisBackend)2>
2026-09-12T21:57:36.764 DEBUG   :curobo                                  :Cache hit: curobo::kinematics::kinematics_forward_spheres_kernel<15, 32>
2026-09-12T21:57:36.764 DEBUG   :curobo                                  :Cache hit: curobo::kinematics::kinematics_backward_kernel<float, float, 16, true, false, false>
2026-09-12T21:57:36.764 DEBUG   :curobo                                  :Cache hit: curobo::trajectory::bspline::bspline_backward_kernel<3, float, (curobo::trajectory::bspline::BasisBackend)2>
2026-09-12T21:57:36.765 DEBUG   :curobo                                  :Cache hit: curobo::optimization::line_search::kernel_line_search<float, 4>
2026-09-12T21:57:36.765 DEBUG   :curobo                                  :Cache hit: curobo::optimization::kernel_lbfgs_step_shared_memory<float, false, 27>
2026-09-12T21:57:36.765 DEBUG   :curobo                                  :Cache hit: curobo::trajectory::bspline::interpolate_bspline_kernel<float, 3, (curobo::trajectory::bspline::BasisBackend)2>
2026-09-12T21:57:36.765 DEBUG   :curobo                                  :Cache hit: curobo::kinematics::kinematics_forward_spheres_kernel<15, 32>
2026-09-12T21:57:36.766 DEBUG   :curobo                                  :Cache hit: curobo::kinematics::kinematics_backward_kernel<float, float, 16, true, false, false>
2026-09-12T21:57:36.767 DEBUG   :curobo                                  :Cache hit: curobo::trajectory::bspline::bspline_backward_kernel<3, float, (curobo::trajectory::bspline::BasisBackend)2>
2026-09-12T21:57:36.767 DEBUG   :curobo                                  :Cache hit: curobo::optimization::line_search::kernel_line_search<float, 4>
2026-09-12T21:57:36.767 DEBUG   :curobo                                  :Cache hit: curobo::optimization::kernel_lbfgs_step_shared_memory<float, false, 27>
2026-09-12T21:57:36.768 DEBUG   :curobo                                  :Cache hit: curobo::trajectory::bspline::interpolate_bspline_kernel<float, 3, (curobo::trajectory::bspline::BasisBackend)2>
2026-09-12T21:57:36.768 DEBUG   :curobo                                  :Cache hit: curobo::kinematics::kinematics_forward_spheres_kernel<15, 32>
2026-09-12T21:57:36.769 DEBUG   :curobo                                  :Cache hit: curobo::kinematics::kinematics_backward_kernel<float, float, 16, true, false, false>
2026-09-12T21:57:36.769 DEBUG   :curobo                                  :Cache hit: curobo::trajectory::bspline::bspline_backward_kernel<3, float, (curobo::trajectory::bspline::BasisBackend)2>
2026-09-12T21:57:36.769 DEBUG   :curobo                                  :Cache hit: curobo::optimization::line_search::kernel_line_search<float, 4>
2026-09-12T21:57:36.770 DEBUG   :curobo                                  :Cache hit: curobo::optimization::kernel_lbfgs_step_shared_memory<float, false, 27>
2026-09-12T21:57:36.770 DEBUG   :curobo                                  :Cache hit: curobo::trajectory::bspline::interpolate_bspline_kernel<float, 3, (curobo::trajectory::bspline::BasisBackend)2>
2026-09-12T21:57:36.771 DEBUG   :curobo                                  :Cache hit: curobo::kinematics::kinematics_forward_spheres_kernel<15, 32>
2026-09-12T21:57:36.772 DEBUG   :curobo                                  :Cache hit: curobo::kinematics::kinematics_backward_kernel<float, float, 16, true, false, false>
2026-09-12T21:57:36.772 DEBUG   :curobo                                  :Cache hit: curobo::trajectory::bspline::bspline_backward_kernel<3, float, (curobo::trajectory::bspline::BasisBackend)2>
2026-09-12T21:57:36.773 DEBUG   :curobo                                  :Cache hit: curobo::optimization::line_search::kernel_line_search<float, 4>
2026-09-12T21:57:36.773 DEBUG   :curobo                                  :Cache hit: curobo::optimization::kernel_lbfgs_step_shared_memory<float, false, 27>
2026-09-12T21:57:36.773 DEBUG   :curobo                                  :Cache hit: curobo::trajectory::bspline::interpolate_bspline_kernel<float, 3, (curobo::trajectory::bspline::BasisBackend)2>
2026-09-12T21:57:36.774 DEBUG   :curobo                                  :Cache hit: curobo::kinematics::kinematics_forward_spheres_kernel<15, 32>
2026-09-12T21:57:36.775 DEBUG   :curobo                                  :Cache hit: curobo::kinematics::kinematics_backward_kernel<float, float, 16, true, false, false>
2026-09-12T21:57:36.775 DEBUG   :curobo                                  :Cache hit: curobo::trajectory::bspline::bspline_backward_kernel<3, float, (curobo::trajectory::bspline::BasisBackend)2>
2026-09-12T21:57:36.775 DEBUG   :curobo                                  :Cache hit: curobo::optimization::line_search::kernel_line_search<float, 4>
2026-09-12T21:57:36.775 DEBUG   :curobo                                  :Cache hit: curobo::optimization::kernel_lbfgs_step_shared_memory<float, false, 27>
2026-09-12T21:57:36.776 DEBUG   :curobo                                  :Cache hit: curobo::trajectory::bspline::interpolate_bspline_kernel<float, 3, (curobo::trajectory::bspline::BasisBackend)2>
2026-09-12T21:57:36.776 DEBUG   :curobo                                  :Cache hit: curobo::kinematics::kinematics_forward_spheres_kernel<15, 32>
2026-09-12T21:57:36.777 DEBUG   :curobo                                  :Cache hit: curobo::kinematics::kinematics_backward_kernel<float, float, 16, true, false, false>
2026-09-12T21:57:36.777 DEBUG   :curobo                                  :Cache hit: curobo::trajectory::bspline::bspline_backward_kernel<3, float, (curobo::trajectory::bspline::BasisBackend)2>
2026-09-12T21:57:36.777 DEBUG   :curobo                                  :Cache hit: curobo::optimization::line_search::kernel_line_search<float, 4>
2026-09-12T21:57:36.778 DEBUG   :curobo                                  :Cache hit: curobo::optimization::kernel_lbfgs_step_shared_memory<float, false, 27>
2026-09-12T21:57:36.778 DEBUG   :curobo                                  :Cache hit: curobo::trajectory::bspline::interpolate_bspline_kernel<float, 3, (curobo::trajectory::bspline::BasisBackend)2>
2026-09-12T21:57:36.778 DEBUG   :curobo                                  :Cache hit: curobo::kinematics::kinematics_forward_spheres_kernel<15, 32>
2026-09-12T21:57:36.779 DEBUG   :curobo                                  :Cache hit: curobo::kinematics::kinematics_backward_kernel<float, float, 16, true, false, false>
2026-09-12T21:57:36.779 DEBUG   :curobo                                  :Cache hit: curobo::trajectory::bspline::bspline_backward_kernel<3, float, (curobo::trajectory::bspline::BasisBackend)2>
2026-09-12T21:57:36.779 DEBUG   :curobo                                  :Cache hit: curobo::optimization::line_search::kernel_line_search<float, 4>
2026-09-12T21:57:36.780 DEBUG   :curobo                                  :Cache hit: curobo::optimization::kernel_lbfgs_step_shared_memory<float, false, 27>
2026-09-12T21:57:36.780 DEBUG   :curobo                                  :Cache hit: curobo::trajectory::bspline::interpolate_bspline_kernel<float, 3, (curobo::trajectory::bspline::BasisBackend)2>
2026-09-12T21:57:36.780 DEBUG   :curobo                                  :Cache hit: curobo::kinematics::kinematics_forward_spheres_kernel<15, 32>
2026-09-12T21:57:36.781 DEBUG   :curobo                                  :Cache hit: curobo::kinematics::kinematics_backward_kernel<float, float, 16, true, false, false>
2026-09-12T21:57:36.781 DEBUG   :curobo                                  :Cache hit: curobo::trajectory::bspline::bspline_backward_kernel<3, float, (curobo::trajectory::bspline::BasisBackend)2>
2026-09-12T21:57:36.781 DEBUG   :curobo                                  :Cache hit: curobo::optimization::line_search::kernel_line_search<float, 4>
2026-09-12T21:57:36.782 DEBUG   :curobo                                  :Cache hit: curobo::optimization::kernel_lbfgs_step_shared_memory<float, false, 27>
2026-09-12T21:57:36.782 DEBUG   :curobo                                  :Cache hit: curobo::trajectory::bspline::interpolate_bspline_kernel<float, 3, (curobo::trajectory::bspline::BasisBackend)2>
2026-09-12T21:57:36.782 DEBUG   :curobo                                  :Cache hit: curobo::kinematics::kinematics_forward_spheres_kernel<15, 32>
2026-09-12T21:57:36.783 DEBUG   :curobo                                  :Cache hit: curobo::kinematics::kinematics_backward_kernel<float, float, 16, true, false, false>
2026-09-12T21:57:36.783 DEBUG   :curobo                                  :Cache hit: curobo::trajectory::bspline::bspline_backward_kernel<3, float, (curobo::trajectory::bspline::BasisBackend)2>
2026-09-12T21:57:36.784 DEBUG   :curobo                                  :Cache hit: curobo::optimization::line_search::kernel_line_search<float, 4>
2026-09-12T21:57:36.784 DEBUG   :curobo                                  :Cache hit: curobo::optimization::kernel_lbfgs_step_shared_memory<float, false, 27>
2026-09-12T21:57:36.784 DEBUG   :curobo                                  :Cache hit: curobo::trajectory::bspline::interpolate_bspline_kernel<float, 3, (curobo::trajectory::bspline::BasisBackend)2>
2026-09-12T21:57:36.784 DEBUG   :curobo                                  :Cache hit: curobo::kinematics::kinematics_forward_spheres_kernel<15, 32>
2026-09-12T21:57:36.785 DEBUG   :curobo                                  :Cache hit: curobo::kinematics::kinematics_backward_kernel<float, float, 16, true, false, false>
2026-09-12T21:57:36.786 DEBUG   :curobo                                  :Cache hit: curobo::trajectory::bspline::bspline_backward_kernel<3, float, (curobo::trajectory::bspline::BasisBackend)2>
2026-09-12T21:57:36.786 DEBUG   :curobo                                  :Cache hit: curobo::optimization::line_search::kernel_line_search<float, 4>
2026-09-12T21:57:36.786 DEBUG   :curobo                                  :Cache hit: curobo::optimization::kernel_lbfgs_step_shared_memory<float, false, 27>
2026-09-12T21:57:36.787 DEBUG   :curobo                                  :Cache hit: curobo::trajectory::bspline::interpolate_bspline_kernel<float, 3, (curobo::trajectory::bspline::BasisBackend)2>
2026-09-12T21:57:36.787 DEBUG   :curobo                                  :Cache hit: curobo::kinematics::kinematics_forward_spheres_kernel<15, 32>
2026-09-12T21:57:36.788 DEBUG   :curobo                                  :Cache hit: curobo::kinematics::kinematics_backward_kernel<float, float, 16, true, false, false>
2026-09-12T21:57:36.788 DEBUG   :curobo                                  :Cache hit: curobo::trajectory::bspline::bspline_backward_kernel<3, float, (curobo::trajectory::bspline::BasisBackend)2>
2026-09-12T21:57:36.789 DEBUG   :curobo                                  :Cache hit: curobo::optimization::line_search::kernel_line_search<float, 4>
2026-09-12T21:57:36.789 DEBUG   :curobo                                  :Cache hit: curobo::optimization::kernel_lbfgs_step_shared_memory<float, false, 27>
2026-09-12T21:57:36.790 DEBUG   :curobo                                  :Cache hit: curobo::trajectory::bspline::interpolate_bspline_kernel<float, 3, (curobo::trajectory::bspline::BasisBackend)2>
2026-09-12T21:57:36.790 DEBUG   :curobo                                  :Cache hit: curobo::kinematics::kinematics_forward_spheres_kernel<15, 32>
2026-09-12T21:57:36.791 DEBUG   :curobo                                  :Cache hit: curobo::kinematics::kinematics_backward_kernel<float, float, 16, true, false, false>
2026-09-12T21:57:36.791 DEBUG   :curobo                                  :Cache hit: curobo::trajectory::bspline::bspline_backward_kernel<3, float, (curobo::trajectory::bspline::BasisBackend)2>
2026-09-12T21:57:36.791 DEBUG   :curobo                                  :Cache hit: curobo::optimization::line_search::kernel_line_search<float, 4>
2026-09-12T21:57:36.791 DEBUG   :curobo                                  :Cache hit: curobo::optimization::kernel_lbfgs_step_shared_memory<float, false, 27>
2026-09-12T21:57:36.792 DEBUG   :curobo                                  :Cache hit: curobo::trajectory::bspline::interpolate_bspline_kernel<float, 3, (curobo::trajectory::bspline::BasisBackend)2>
2026-09-12T21:57:36.792 DEBUG   :curobo                                  :Cache hit: curobo::kinematics::kinematics_forward_spheres_kernel<15, 32>
2026-09-12T21:57:36.793 DEBUG   :curobo                                  :Cache hit: curobo::kinematics::kinematics_backward_kernel<float, float, 16, true, false, false>
2026-09-12T21:57:36.793 DEBUG   :curobo                                  :Cache hit: curobo::trajectory::bspline::bspline_backward_kernel<3, float, (curobo::trajectory::bspline::BasisBackend)2>
2026-09-12T21:57:36.793 DEBUG   :curobo                                  :Cache hit: curobo::optimization::line_search::kernel_line_search<float, 4>
2026-09-12T21:57:36.794 DEBUG   :curobo                                  :Cache hit: curobo::optimization::kernel_lbfgs_step_shared_memory<float, false, 27>
2026-09-12T21:57:36.794 DEBUG   :curobo                                  :Cache hit: curobo::trajectory::bspline::interpolate_bspline_kernel<float, 3, (curobo::trajectory::bspline::BasisBackend)2>
2026-09-12T21:57:36.794 DEBUG   :curobo                                  :Cache hit: curobo::kinematics::kinematics_forward_spheres_kernel<15, 32>
2026-09-12T21:57:36.795 DEBUG   :curobo                                  :Cache hit: curobo::kinematics::kinematics_backward_kernel<float, float, 16, true, false, false>
2026-09-12T21:57:36.795 DEBUG   :curobo                                  :Cache hit: curobo::trajectory::bspline::bspline_backward_kernel<3, float, (curobo::trajectory::bspline::BasisBackend)2>
2026-09-12T21:57:36.796 DEBUG   :curobo                                  :Cache hit: curobo::optimization::line_search::kernel_line_search<float, 4>
2026-09-12T21:57:36.796 DEBUG   :curobo                                  :Cache hit: curobo::optimization::kernel_lbfgs_step_shared_memory<float, false, 27>
2026-09-12T21:57:36.796 DEBUG   :curobo                                  :Cache hit: curobo::trajectory::bspline::interpolate_bspline_kernel<float, 3, (curobo::trajectory::bspline::BasisBackend)2>
2026-09-12T21:57:36.796 DEBUG   :curobo                                  :Cache hit: curobo::kinematics::kinematics_forward_spheres_kernel<15, 32>
2026-09-12T21:57:36.797 DEBUG   :curobo                                  :Cache hit: curobo::kinematics::kinematics_backward_kernel<float, float, 16, true, false, false>
2026-09-12T21:57:36.797 DEBUG   :curobo                                  :Cache hit: curobo::trajectory::bspline::bspline_backward_kernel<3, float, (curobo::trajectory::bspline::BasisBackend)2>
2026-09-12T21:57:36.797 DEBUG   :curobo                                  :Cache hit: curobo::optimization::line_search::kernel_line_search<float, 4>
2026-09-12T21:57:36.798 DEBUG   :curobo                                  :Cache hit: curobo::optimization::kernel_lbfgs_step_shared_memory<float, false, 27>
2026-09-12T21:57:36.798 DEBUG   :curobo                                  :Cache hit: curobo::trajectory::bspline::interpolate_bspline_kernel<float, 3, (curobo::trajectory::bspline::BasisBackend)2>
2026-09-12T21:57:36.798 DEBUG   :curobo                                  :Cache hit: curobo::kinematics::kinematics_forward_spheres_kernel<15, 32>
2026-09-12T21:57:36.799 DEBUG   :curobo                                  :Cache hit: curobo::kinematics::kinematics_backward_kernel<float, float, 16, true, false, false>
2026-09-12T21:57:36.799 DEBUG   :curobo                                  :Cache hit: curobo::trajectory::bspline::bspline_backward_kernel<3, float, (curobo::trajectory::bspline::BasisBackend)2>
2026-09-12T21:57:36.799 DEBUG   :curobo                                  :Cache hit: curobo::optimization::line_search::kernel_line_search<float, 4>
2026-09-12T21:57:36.799 DEBUG   :curobo                                  :Cache hit: curobo::optimization::kernel_lbfgs_step_shared_memory<float, false, 27>
2026-09-12T21:57:36.800 DEBUG   :curobo                                  :Cache hit: curobo::trajectory::bspline::interpolate_bspline_kernel<float, 3, (curobo::trajectory::bspline::BasisBackend)2>
2026-09-12T21:57:36.800 DEBUG   :curobo                                  :Cache hit: curobo::kinematics::kinematics_forward_spheres_kernel<15, 32>
2026-09-12T21:57:36.801 DEBUG   :curobo                                  :Cache hit: curobo::kinematics::kinematics_backward_kernel<float, float, 16, true, false, false>
2026-09-12T21:57:36.801 DEBUG   :curobo                                  :Cache hit: curobo::trajectory::bspline::bspline_backward_kernel<3, float, (curobo::trajectory::bspline::BasisBackend)2>
2026-09-12T21:57:36.801 DEBUG   :curobo                                  :Cache hit: curobo::optimization::line_search::kernel_line_search<float, 4>
2026-09-12T21:57:36.802 DEBUG   :curobo                                  :Cache hit: curobo::optimization::kernel_lbfgs_step_shared_memory<float, false, 27>
2026-09-12T21:57:36.802 DEBUG   :curobo                                  :Cache hit: curobo::trajectory::bspline::interpolate_bspline_kernel<float, 3, (curobo::trajectory::bspline::BasisBackend)2>
2026-09-12T21:57:36.802 DEBUG   :curobo                                  :Cache hit: curobo::kinematics::kinematics_forward_spheres_kernel<15, 32>
2026-09-12T21:57:36.803 DEBUG   :curobo                                  :Cache hit: curobo::kinematics::kinematics_backward_kernel<float, float, 16, true, false, false>
2026-09-12T21:57:36.804 DEBUG   :curobo                                  :Cache hit: curobo::trajectory::bspline::bspline_backward_kernel<3, float, (curobo::trajectory::bspline::BasisBackend)2>
2026-09-12T21:57:36.804 DEBUG   :curobo                                  :Cache hit: curobo::optimization::line_search::kernel_line_search<float, 4>
2026-09-12T21:57:36.804 DEBUG   :curobo                                  :Cache hit: curobo::optimization::kernel_lbfgs_step_shared_memory<float, false, 27>
2026-09-12T21:57:36.804 DEBUG   :curobo                                  :Cache hit: curobo::trajectory::bspline::interpolate_bspline_kernel<float, 3, (curobo::trajectory::bspline::BasisBackend)2>
2026-09-12T21:57:36.805 DEBUG   :curobo                                  :Cache hit: curobo::kinematics::kinematics_forward_spheres_kernel<15, 32>
2026-09-12T21:57:36.806 DEBUG   :curobo                                  :Cache hit: curobo::kinematics::kinematics_backward_kernel<float, float, 16, true, false, false>
2026-09-12T21:57:36.806 DEBUG   :curobo                                  :Cache hit: curobo::trajectory::bspline::bspline_backward_kernel<3, float, (curobo::trajectory::bspline::BasisBackend)2>
2026-09-12T21:57:36.806 DEBUG   :curobo                                  :Cache hit: curobo::optimization::line_search::kernel_line_search<float, 4>
2026-09-12T21:57:36.806 DEBUG   :curobo                                  :Cache hit: curobo::optimization::kernel_lbfgs_step_shared_memory<float, false, 27>
2026-09-12T21:57:36.807 DEBUG   :curobo                                  :Cache hit: curobo::trajectory::bspline::interpolate_bspline_kernel<float, 3, (curobo::trajectory::bspline::BasisBackend)2>
2026-09-12T21:57:36.807 DEBUG   :curobo                                  :Cache hit: curobo::kinematics::kinematics_forward_spheres_kernel<15, 32>
2026-09-12T21:57:36.808 DEBUG   :curobo                                  :Cache hit: curobo::kinematics::kinematics_backward_kernel<float, float, 16, true, false, false>
2026-09-12T21:57:36.808 DEBUG   :curobo                                  :Cache hit: curobo::trajectory::bspline::bspline_backward_kernel<3, float, (curobo::trajectory::bspline::BasisBackend)2>
2026-09-12T21:57:36.808 DEBUG   :curobo                                  :Cache hit: curobo::optimization::line_search::kernel_line_search<float, 4>
2026-09-12T21:57:36.809 DEBUG   :curobo                                  :Cache hit: curobo::optimization::kernel_lbfgs_step_shared_memory<float, false, 27>
2026-09-12T21:57:36.809 DEBUG   :curobo                                  :Cache hit: curobo::trajectory::bspline::interpolate_bspline_kernel<float, 3, (curobo::trajectory::bspline::BasisBackend)2>
2026-09-12T21:57:36.809 DEBUG   :curobo                                  :Cache hit: curobo::kinematics::kinematics_forward_spheres_kernel<15, 32>
2026-09-12T21:57:36.810 DEBUG   :curobo                                  :Cache hit: curobo::kinematics::kinematics_backward_kernel<float, float, 16, true, false, false>
2026-09-12T21:57:36.810 DEBUG   :curobo                                  :Cache hit: curobo::trajectory::bspline::bspline_backward_kernel<3, float, (curobo::trajectory::bspline::BasisBackend)2>
2026-09-12T21:57:36.811 DEBUG   :curobo                                  :Cache hit: curobo::optimization::line_search::kernel_line_search<float, 4>
2026-09-12T21:57:36.811 DEBUG   :curobo                                  :Cache hit: curobo::optimization::kernel_lbfgs_step_shared_memory<float, false, 27>
2026-09-12T21:57:36.811 DEBUG   :curobo                                  :Cache hit: curobo::trajectory::bspline::interpolate_bspline_kernel<float, 3, (curobo::trajectory::bspline::BasisBackend)2>
2026-09-12T21:57:36.811 DEBUG   :curobo                                  :Cache hit: curobo::kinematics::kinematics_forward_spheres_kernel<15, 32>
2026-09-12T21:57:36.812 DEBUG   :curobo                                  :Cache hit: curobo::kinematics::kinematics_backward_kernel<float, float, 16, true, false, false>
2026-09-12T21:57:36.812 DEBUG   :curobo                                  :Cache hit: curobo::trajectory::bspline::bspline_backward_kernel<3, float, (curobo::trajectory::bspline::BasisBackend)2>
2026-09-12T21:57:36.813 DEBUG   :curobo                                  :Cache hit: curobo::optimization::line_search::kernel_line_search<float, 4>
2026-09-12T21:57:36.813 DEBUG   :curobo                                  :Cache hit: curobo::optimization::kernel_lbfgs_step_shared_memory<float, false, 27>
2026-09-12T21:57:36.813 DEBUG   :curobo                                  :Cache hit: curobo::trajectory::bspline::interpolate_bspline_kernel<float, 3, (curobo::trajectory::bspline::BasisBackend)2>
2026-09-12T21:57:36.813 DEBUG   :curobo                                  :Cache hit: curobo::kinematics::kinematics_forward_spheres_kernel<15, 32>
2026-09-12T21:57:36.814 DEBUG   :curobo                                  :Cache hit: curobo::kinematics::kinematics_backward_kernel<float, float, 16, true, false, false>
2026-09-12T21:57:36.815 DEBUG   :curobo                                  :Cache hit: curobo::trajectory::bspline::bspline_backward_kernel<3, float, (curobo::trajectory::bspline::BasisBackend)2>
2026-09-12T21:57:36.815 DEBUG   :curobo                                  :Cache hit: curobo::optimization::line_search::kernel_line_search<float, 4>
2026-09-12T21:57:36.815 DEBUG   :curobo                                  :Cache hit: curobo::optimization::kernel_lbfgs_step_shared_memory<float, false, 27>
2026-09-12T21:57:36.815 DEBUG   :curobo                                  :Cache hit: curobo::trajectory::bspline::interpolate_bspline_kernel<float, 3, (curobo::trajectory::bspline::BasisBackend)2>
2026-09-12T21:57:36.816 DEBUG   :curobo                                  :Cache hit: curobo::kinematics::kinematics_forward_spheres_kernel<15, 32>
2026-09-12T21:57:36.817 DEBUG   :curobo                                  :Cache hit: curobo::kinematics::kinematics_backward_kernel<float, float, 16, true, false, false>
2026-09-12T21:57:36.817 DEBUG   :curobo                                  :Cache hit: curobo::trajectory::bspline::bspline_backward_kernel<3, float, (curobo::trajectory::bspline::BasisBackend)2>
2026-09-12T21:57:36.817 DEBUG   :curobo                                  :Cache hit: curobo::optimization::line_search::kernel_line_search<float, 4>
2026-09-12T21:57:36.817 DEBUG   :curobo                                  :Cache hit: curobo::optimization::kernel_lbfgs_step_shared_memory<float, false, 27>
2026-09-12T21:57:36.818 DEBUG   :curobo                                  :Cache hit: curobo::trajectory::bspline::interpolate_bspline_kernel<float, 3, (curobo::trajectory::bspline::BasisBackend)2>
2026-09-12T21:57:36.818 DEBUG   :curobo                                  :Cache hit: curobo::kinematics::kinematics_forward_spheres_kernel<15, 32>
2026-09-12T21:57:36.819 DEBUG   :curobo                                  :Cache hit: curobo::kinematics::kinematics_backward_kernel<float, float, 16, true, false, false>
2026-09-12T21:57:36.819 DEBUG   :curobo                                  :Cache hit: curobo::trajectory::bspline::bspline_backward_kernel<3, float, (curobo::trajectory::bspline::BasisBackend)2>
2026-09-12T21:57:36.820 DEBUG   :curobo                                  :Cache hit: curobo::optimization::line_search::kernel_line_search<float, 4>
2026-09-12T21:57:36.820 DEBUG   :curobo                                  :Cache hit: curobo::optimization::kernel_lbfgs_step_shared_memory<float, false, 27>
2026-09-12T21:57:36.820 DEBUG   :curobo                                  :Cache hit: curobo::trajectory::bspline::interpolate_bspline_kernel<float, 3, (curobo::trajectory::bspline::BasisBackend)2>
2026-09-12T21:57:36.821 DEBUG   :curobo                                  :Cache hit: curobo::kinematics::kinematics_forward_spheres_kernel<15, 32>
2026-09-12T21:57:36.822 DEBUG   :curobo                                  :Cache hit: curobo::kinematics::kinematics_backward_kernel<float, float, 16, true, false, false>
2026-09-12T21:57:36.822 DEBUG   :curobo                                  :Cache hit: curobo::trajectory::bspline::bspline_backward_kernel<3, float, (curobo::trajectory::bspline::BasisBackend)2>
2026-09-12T21:57:36.822 DEBUG   :curobo                                  :Cache hit: curobo::optimization::line_search::kernel_line_search<float, 4>
2026-09-12T21:57:36.823 DEBUG   :curobo                                  :Cache hit: curobo::optimization::kernel_lbfgs_step_shared_memory<float, false, 27>
2026-09-12T21:57:36.823 DEBUG   :curobo                                  :Cache hit: curobo::trajectory::bspline::interpolate_bspline_kernel<float, 3, (curobo::trajectory::bspline::BasisBackend)2>
2026-09-12T21:57:36.823 DEBUG   :curobo                                  :Cache hit: curobo::kinematics::kinematics_forward_spheres_kernel<15, 32>
2026-09-12T21:57:36.825 DEBUG   :curobo                                  :Cache hit: curobo::kinematics::kinematics_backward_kernel<float, float, 16, true, false, false>
2026-09-12T21:57:36.825 DEBUG   :curobo                                  :Cache hit: curobo::trajectory::bspline::bspline_backward_kernel<3, float, (curobo::trajectory::bspline::BasisBackend)2>
2026-09-12T21:57:36.825 DEBUG   :curobo                                  :Cache hit: curobo::optimization::line_search::kernel_line_search<float, 4>
2026-09-12T21:57:36.825 DEBUG   :curobo                                  :Cache hit: curobo::optimization::kernel_lbfgs_step_shared_memory<float, false, 27>
2026-09-12T21:57:36.826 DEBUG   :curobo                                  :Cache hit: curobo::trajectory::bspline::interpolate_bspline_kernel<float, 3, (curobo::trajectory::bspline::BasisBackend)2>
2026-09-12T21:57:36.826 DEBUG   :curobo                                  :Cache hit: curobo::kinematics::kinematics_forward_spheres_kernel<15, 32>
2026-09-12T21:57:36.828 DEBUG   :curobo                                  :Cache hit: curobo::kinematics::kinematics_backward_kernel<float, float, 16, true, false, false>
2026-09-12T21:57:36.828 DEBUG   :curobo                                  :Cache hit: curobo::trajectory::bspline::bspline_backward_kernel<3, float, (curobo::trajectory::bspline::BasisBackend)2>
2026-09-12T21:57:36.828 DEBUG   :curobo                                  :Cache hit: curobo::optimization::line_search::kernel_line_search<float, 4>
2026-09-12T21:57:36.828 DEBUG   :curobo                                  :Cache hit: curobo::optimization::kernel_lbfgs_step_shared_memory<float, false, 27>
2026-09-12T21:57:36.829 DEBUG   :curobo                                  :Cache hit: curobo::trajectory::bspline::interpolate_bspline_kernel<float, 3, (curobo::trajectory::bspline::BasisBackend)2>
2026-09-12T21:57:36.829 DEBUG   :curobo                                  :Cache hit: curobo::kinematics::kinematics_forward_spheres_kernel<15, 32>
2026-09-12T21:57:36.830 DEBUG   :curobo                                  :Cache hit: curobo::kinematics::kinematics_backward_kernel<float, float, 16, true, false, false>
2026-09-12T21:57:36.830 DEBUG   :curobo                                  :Cache hit: curobo::trajectory::bspline::bspline_backward_kernel<3, float, (curobo::trajectory::bspline::BasisBackend)2>
2026-09-12T21:57:36.830 DEBUG   :curobo                                  :Cache hit: curobo::optimization::line_search::kernel_line_search<float, 4>
2026-09-12T21:57:36.830 DEBUG   :curobo                                  :Cache hit: curobo::optimization::kernel_lbfgs_step_shared_memory<float, false, 27>
2026-09-12T21:57:36.831 DEBUG   :curobo                                  :Cache hit: curobo::trajectory::bspline::interpolate_bspline_kernel<float, 3, (curobo::trajectory::bspline::BasisBackend)2>
2026-09-12T21:57:36.831 DEBUG   :curobo                                  :Cache hit: curobo::kinematics::kinematics_forward_spheres_kernel<15, 32>
2026-09-12T21:57:36.832 DEBUG   :curobo                                  :Cache hit: curobo::kinematics::kinematics_backward_kernel<float, float, 16, true, false, false>
2026-09-12T21:57:36.832 DEBUG   :curobo                                  :Cache hit: curobo::trajectory::bspline::bspline_backward_kernel<3, float, (curobo::trajectory::bspline::BasisBackend)2>
2026-09-12T21:57:36.832 DEBUG   :curobo                                  :Cache hit: curobo::optimization::line_search::kernel_line_search<float, 4>
2026-09-12T21:57:36.832 DEBUG   :curobo                                  :Cache hit: curobo::optimization::kernel_lbfgs_step_shared_memory<float, false, 27>
2026-09-12T21:57:36.832 DEBUG   :curobo                                  :Cache hit: curobo::trajectory::bspline::interpolate_bspline_kernel<float, 3, (curobo::trajectory::bspline::BasisBackend)2>
2026-09-12T21:57:36.833 DEBUG   :curobo                                  :Cache hit: curobo::kinematics::kinematics_forward_spheres_kernel<15, 32>
2026-09-12T21:57:36.833 DEBUG   :curobo                                  :Cache hit: curobo::kinematics::kinematics_backward_kernel<float, float, 16, true, false, false>
2026-09-12T21:57:36.834 DEBUG   :curobo                                  :Cache hit: curobo::trajectory::bspline::bspline_backward_kernel<3, float, (curobo::trajectory::bspline::BasisBackend)2>
2026-09-12T21:57:36.834 DEBUG   :curobo                                  :Cache hit: curobo::optimization::line_search::kernel_line_search<float, 4>
2026-09-12T21:57:36.834 DEBUG   :curobo                                  :Cache hit: curobo::optimization::kernel_lbfgs_step_shared_memory<float, false, 27>
2026-09-12T21:57:36.835 DEBUG   :curobo                                  :Cache hit: curobo::trajectory::bspline::interpolate_bspline_kernel<float, 3, (curobo::trajectory::bspline::BasisBackend)2>
2026-09-12T21:57:36.835 DEBUG   :curobo                                  :Cache hit: curobo::kinematics::kinematics_forward_spheres_kernel<15, 32>
2026-09-12T21:57:36.836 DEBUG   :curobo                                  :Cache hit: curobo::kinematics::kinematics_backward_kernel<float, float, 16, true, false, false>
2026-09-12T21:57:36.836 DEBUG   :curobo                                  :Cache hit: curobo::trajectory::bspline::bspline_backward_kernel<3, float, (curobo::trajectory::bspline::BasisBackend)2>
2026-09-12T21:57:36.836 DEBUG   :curobo                                  :Cache hit: curobo::optimization::line_search::kernel_line_search<float, 4>
2026-09-12T21:57:36.836 DEBUG   :curobo                                  :Cache hit: curobo::optimization::kernel_lbfgs_step_shared_memory<float, false, 27>
2026-09-12T21:57:36.837 DEBUG   :curobo                                  :Cache hit: curobo::trajectory::bspline::interpolate_bspline_kernel<float, 3, (curobo::trajectory::bspline::BasisBackend)2>
2026-09-12T21:57:36.837 DEBUG   :curobo                                  :Cache hit: curobo::kinematics::kinematics_forward_spheres_kernel<15, 32>
2026-09-12T21:57:36.838 DEBUG   :curobo                                  :Cache hit: curobo::kinematics::kinematics_backward_kernel<float, float, 16, true, false, false>
2026-09-12T21:57:36.838 DEBUG   :curobo                                  :Cache hit: curobo::trajectory::bspline::bspline_backward_kernel<3, float, (curobo::trajectory::bspline::BasisBackend)2>
2026-09-12T21:57:36.839 DEBUG   :curobo                                  :Cache hit: curobo::optimization::line_search::kernel_line_search<float, 4>
2026-09-12T21:57:36.839 DEBUG   :curobo                                  :Cache hit: curobo::optimization::kernel_lbfgs_step_shared_memory<float, false, 27>
2026-09-12T21:57:36.839 DEBUG   :curobo                                  :Cache hit: curobo::trajectory::bspline::interpolate_bspline_kernel<float, 3, (curobo::trajectory::bspline::BasisBackend)2>
2026-09-12T21:57:36.840 DEBUG   :curobo                                  :Cache hit: curobo::kinematics::kinematics_forward_spheres_kernel<15, 32>
2026-09-12T21:57:36.841 DEBUG   :curobo                                  :Cache hit: curobo::kinematics::kinematics_backward_kernel<float, float, 16, true, false, false>
2026-09-12T21:57:36.841 DEBUG   :curobo                                  :Cache hit: curobo::trajectory::bspline::bspline_backward_kernel<3, float, (curobo::trajectory::bspline::BasisBackend)2>
2026-09-12T21:57:36.842 DEBUG   :curobo                                  :Cache hit: curobo::optimization::line_search::kernel_line_search<float, 4>
2026-09-12T21:57:36.842 DEBUG   :curobo                                  :Cache hit: curobo::optimization::kernel_lbfgs_step_shared_memory<float, false, 27>
2026-09-12T21:57:36.842 DEBUG   :curobo                                  :Cache hit: curobo::trajectory::bspline::interpolate_bspline_kernel<float, 3, (curobo::trajectory::bspline::BasisBackend)2>
2026-09-12T21:57:36.843 DEBUG   :curobo                                  :Cache hit: curobo::kinematics::kinematics_forward_spheres_kernel<15, 32>
2026-09-12T21:57:36.844 DEBUG   :curobo                                  :Cache hit: curobo::kinematics::kinematics_backward_kernel<float, float, 16, true, false, false>
2026-09-12T21:57:36.844 DEBUG   :curobo                                  :Cache hit: curobo::trajectory::bspline::bspline_backward_kernel<3, float, (curobo::trajectory::bspline::BasisBackend)2>
2026-09-12T21:57:36.844 DEBUG   :curobo                                  :Cache hit: curobo::optimization::line_search::kernel_line_search<float, 4>
2026-09-12T21:57:36.844 DEBUG   :curobo                                  :Cache hit: curobo::optimization::kernel_lbfgs_step_shared_memory<float, false, 27>
2026-09-12T21:57:36.844 DEBUG   :curobo                                  :Cache hit: curobo::trajectory::bspline::interpolate_bspline_kernel<float, 3, (curobo::trajectory::bspline::BasisBackend)2>
2026-09-12T21:57:36.845 DEBUG   :curobo                                  :Cache hit: curobo::kinematics::kinematics_forward_spheres_kernel<15, 32>
2026-09-12T21:57:36.845 DEBUG   :curobo                                  :Cache hit: curobo::kinematics::kinematics_backward_kernel<float, float, 16, true, false, false>
2026-09-12T21:57:36.846 DEBUG   :curobo                                  :Cache hit: curobo::trajectory::bspline::bspline_backward_kernel<3, float, (curobo::trajectory::bspline::BasisBackend)2>
2026-09-12T21:57:36.846 DEBUG   :curobo                                  :Cache hit: curobo::optimization::line_search::kernel_line_search<float, 4>
2026-09-12T21:57:36.846 DEBUG   :curobo                                  :Cache hit: curobo::optimization::kernel_lbfgs_step_shared_memory<float, false, 27>
2026-09-12T21:57:36.847 DEBUG   :curobo                                  :Cache hit: curobo::trajectory::bspline::interpolate_bspline_kernel<float, 3, (curobo::trajectory::bspline::BasisBackend)2>
2026-09-12T21:57:36.847 DEBUG   :curobo                                  :Cache hit: curobo::kinematics::kinematics_forward_spheres_kernel<15, 32>
2026-09-12T21:57:36.848 DEBUG   :curobo                                  :Cache hit: curobo::kinematics::kinematics_backward_kernel<float, float, 16, true, false, false>
2026-09-12T21:57:36.848 DEBUG   :curobo                                  :Cache hit: curobo::trajectory::bspline::bspline_backward_kernel<3, float, (curobo::trajectory::bspline::BasisBackend)2>
2026-09-12T21:57:36.848 DEBUG   :curobo                                  :Cache hit: curobo::optimization::line_search::kernel_line_search<float, 4>
2026-09-12T21:57:36.848 DEBUG   :curobo                                  :Cache hit: curobo::optimization::kernel_lbfgs_step_shared_memory<float, false, 27>
2026-09-12T21:57:36.849 DEBUG   :curobo                                  :Cache hit: curobo::trajectory::bspline::interpolate_bspline_kernel<float, 3, (curobo::trajectory::bspline::BasisBackend)2>
2026-09-12T21:57:36.849 DEBUG   :curobo                                  :Cache hit: curobo::kinematics::kinematics_forward_spheres_kernel<15, 32>
2026-09-12T21:57:36.850 DEBUG   :curobo                                  :Cache hit: curobo::kinematics::kinematics_backward_kernel<float, float, 16, true, false, false>
2026-09-12T21:57:36.850 DEBUG   :curobo                                  :Cache hit: curobo::trajectory::bspline::bspline_backward_kernel<3, float, (curobo::trajectory::bspline::BasisBackend)2>
2026-09-12T21:57:36.850 DEBUG   :curobo                                  :Cache hit: curobo::optimization::line_search::kernel_line_search<float, 4>
2026-09-12T21:57:36.850 DEBUG   :curobo                                  :Cache hit: curobo::optimization::kernel_lbfgs_step_shared_memory<float, false, 27>
2026-09-12T21:57:36.851 DEBUG   :curobo                                  :Cache hit: curobo::trajectory::bspline::interpolate_bspline_kernel<float, 3, (curobo::trajectory::bspline::BasisBackend)2>
2026-09-12T21:57:36.851 DEBUG   :curobo                                  :Cache hit: curobo::kinematics::kinematics_forward_spheres_kernel<15, 32>
2026-09-12T21:57:36.852 DEBUG   :curobo                                  :Cache hit: curobo::kinematics::kinematics_backward_kernel<float, float, 16, true, false, false>
2026-09-12T21:57:36.852 DEBUG   :curobo                                  :Cache hit: curobo::trajectory::bspline::bspline_backward_kernel<3, float, (curobo::trajectory::bspline::BasisBackend)2>
2026-09-12T21:57:36.852 DEBUG   :curobo                                  :Cache hit: curobo::optimization::line_search::kernel_line_search<float, 4>
2026-09-12T21:57:36.852 DEBUG   :curobo                                  :Cache hit: curobo::optimization::kernel_lbfgs_step_shared_memory<float, false, 27>
2026-09-12T21:57:36.853 DEBUG   :curobo                                  :Cache hit: curobo::trajectory::bspline::interpolate_bspline_kernel<float, 3, (curobo::trajectory::bspline::BasisBackend)2>
2026-09-12T21:57:36.853 DEBUG   :curobo                                  :Cache hit: curobo::kinematics::kinematics_forward_spheres_kernel<15, 32>
2026-09-12T21:57:36.854 DEBUG   :curobo                                  :Cache hit: curobo::kinematics::kinematics_backward_kernel<float, float, 16, true, false, false>
2026-09-12T21:57:36.854 DEBUG   :curobo                                  :Cache hit: curobo::trajectory::bspline::bspline_backward_kernel<3, float, (curobo::trajectory::bspline::BasisBackend)2>
2026-09-12T21:57:36.855 DEBUG   :curobo                                  :Cache hit: curobo::optimization::line_search::kernel_line_search<float, 4>
2026-09-12T21:57:36.855 DEBUG   :curobo                                  :Cache hit: curobo::optimization::kernel_lbfgs_step_shared_memory<float, false, 27>
2026-09-12T21:57:36.856 DEBUG   :curobo                                  :Cache hit: curobo::trajectory::bspline::interpolate_bspline_kernel<float, 3, (curobo::trajectory::bspline::BasisBackend)2>
2026-09-12T21:57:36.856 DEBUG   :curobo                                  :Cache hit: curobo::kinematics::kinematics_forward_spheres_kernel<15, 32>
2026-09-12T21:57:36.857 DEBUG   :curobo                                  :Cache hit: curobo::kinematics::kinematics_backward_kernel<float, float, 16, true, false, false>
2026-09-12T21:57:36.858 DEBUG   :curobo                                  :Cache hit: curobo::trajectory::bspline::bspline_backward_kernel<3, float, (curobo::trajectory::bspline::BasisBackend)2>
2026-09-12T21:57:36.858 DEBUG   :curobo                                  :Cache hit: curobo::optimization::line_search::kernel_line_search<float, 4>
2026-09-12T21:57:36.858 DEBUG   :curobo                                  :Cache hit: curobo::optimization::kernel_lbfgs_step_shared_memory<float, false, 27>
2026-09-12T21:57:36.858 DEBUG   :curobo                                  :Cache hit: curobo::trajectory::bspline::interpolate_bspline_kernel<float, 3, (curobo::trajectory::bspline::BasisBackend)2>
2026-09-12T21:57:36.859 DEBUG   :curobo                                  :Cache hit: curobo::kinematics::kinematics_forward_spheres_kernel<15, 32>
2026-09-12T21:57:36.860 DEBUG   :curobo                                  :Cache hit: curobo::kinematics::kinematics_backward_kernel<float, float, 16, true, false, false>
2026-09-12T21:57:36.860 DEBUG   :curobo                                  :Cache hit: curobo::trajectory::bspline::bspline_backward_kernel<3, float, (curobo::trajectory::bspline::BasisBackend)2>
2026-09-12T21:57:36.860 DEBUG   :curobo                                  :Cache hit: curobo::optimization::line_search::kernel_line_search<float, 4>
2026-09-12T21:57:36.861 DEBUG   :curobo                                  :Cache hit: curobo::optimization::kernel_lbfgs_step_shared_memory<float, false, 27>
2026-09-12T21:57:36.861 DEBUG   :curobo                                  :Cache hit: curobo::trajectory::bspline::interpolate_bspline_kernel<float, 3, (curobo::trajectory::bspline::BasisBackend)2>
2026-09-12T21:57:36.861 DEBUG   :curobo                                  :Cache hit: curobo::kinematics::kinematics_forward_spheres_kernel<15, 32>
2026-09-12T21:57:36.862 DEBUG   :curobo                                  :Cache hit: curobo::kinematics::kinematics_backward_kernel<float, float, 16, true, false, false>
2026-09-12T21:57:36.862 DEBUG   :curobo                                  :Cache hit: curobo::trajectory::bspline::bspline_backward_kernel<3, float, (curobo::trajectory::bspline::BasisBackend)2>
2026-09-12T21:57:36.862 DEBUG   :curobo                                  :Cache hit: curobo::optimization::line_search::kernel_line_search<float, 4>
2026-09-12T21:57:36.863 DEBUG   :curobo                                  :Cache hit: curobo::optimization::kernel_lbfgs_step_shared_memory<float, false, 27>
2026-09-12T21:57:36.863 DEBUG   :curobo                                  :Cache hit: curobo::trajectory::bspline::interpolate_bspline_kernel<float, 3, (curobo::trajectory::bspline::BasisBackend)2>
2026-09-12T21:57:36.863 DEBUG   :curobo                                  :Cache hit: curobo::kinematics::kinematics_forward_spheres_kernel<15, 32>
2026-09-12T21:57:36.864 DEBUG   :curobo                                  :Cache hit: curobo::kinematics::kinematics_backward_kernel<float, float, 16, true, false, false>
2026-09-12T21:57:36.864 DEBUG   :curobo                                  :Cache hit: curobo::trajectory::bspline::bspline_backward_kernel<3, float, (curobo::trajectory::bspline::BasisBackend)2>
2026-09-12T21:57:36.865 DEBUG   :curobo                                  :Cache hit: curobo::optimization::line_search::kernel_line_search<float, 4>
2026-09-12T21:57:36.865 DEBUG   :curobo                                  :Cache hit: curobo::optimization::kernel_lbfgs_step_shared_memory<float, false, 27>
2026-09-12T21:57:36.865 DEBUG   :curobo                                  :Cache hit: curobo::trajectory::bspline::interpolate_bspline_kernel<float, 3, (curobo::trajectory::bspline::BasisBackend)2>
2026-09-12T21:57:36.865 DEBUG   :curobo                                  :Cache hit: curobo::kinematics::kinematics_forward_spheres_kernel<15, 32>
2026-09-12T21:57:36.866 DEBUG   :curobo                                  :Cache hit: curobo::kinematics::kinematics_backward_kernel<float, float, 16, true, false, false>
2026-09-12T21:57:36.866 DEBUG   :curobo                                  :Cache hit: curobo::trajectory::bspline::bspline_backward_kernel<3, float, (curobo::trajectory::bspline::BasisBackend)2>
2026-09-12T21:57:36.866 DEBUG   :curobo                                  :Cache hit: curobo::optimization::line_search::kernel_line_search<float, 4>
2026-09-12T21:57:36.866 DEBUG   :curobo                                  :Cache hit: curobo::optimization::kernel_lbfgs_step_shared_memory<float, false, 27>
2026-09-12T21:57:36.867 DEBUG   :curobo                                  :Cache hit: curobo::trajectory::bspline::interpolate_bspline_kernel<float, 3, (curobo::trajectory::bspline::BasisBackend)2>
2026-09-12T21:57:36.867 DEBUG   :curobo                                  :Cache hit: curobo::kinematics::kinematics_forward_spheres_kernel<15, 32>
2026-09-12T21:57:36.868 DEBUG   :curobo                                  :Cache hit: curobo::kinematics::kinematics_backward_kernel<float, float, 16, true, false, false>
2026-09-12T21:57:36.868 DEBUG   :curobo                                  :Cache hit: curobo::trajectory::bspline::bspline_backward_kernel<3, float, (curobo::trajectory::bspline::BasisBackend)2>
2026-09-12T21:57:36.868 DEBUG   :curobo                                  :Cache hit: curobo::optimization::line_search::kernel_line_search<float, 4>
2026-09-12T21:57:36.868 DEBUG   :curobo                                  :Cache hit: curobo::optimization::kernel_lbfgs_step_shared_memory<float, false, 27>
2026-09-12T21:57:36.869 DEBUG   :curobo                                  :Cache hit: curobo::trajectory::bspline::interpolate_bspline_kernel<float, 3, (curobo::trajectory::bspline::BasisBackend)2>
2026-09-12T21:57:36.869 DEBUG   :curobo                                  :Cache hit: curobo::kinematics::kinematics_forward_spheres_kernel<15, 32>
2026-09-12T21:57:36.870 DEBUG   :curobo                                  :Cache hit: curobo::kinematics::kinematics_backward_kernel<float, float, 16, true, false, false>
2026-09-12T21:57:36.870 DEBUG   :curobo                                  :Cache hit: curobo::trajectory::bspline::bspline_backward_kernel<3, float, (curobo::trajectory::bspline::BasisBackend)2>
2026-09-12T21:57:36.870 DEBUG   :curobo                                  :Cache hit: curobo::optimization::line_search::kernel_line_search<float, 4>
2026-09-12T21:57:36.871 DEBUG   :curobo                                  :Cache hit: curobo::optimization::kernel_lbfgs_step_shared_memory<float, false, 27>
2026-09-12T21:57:36.871 DEBUG   :curobo                                  :Cache hit: curobo::trajectory::bspline::interpolate_bspline_kernel<float, 3, (curobo::trajectory::bspline::BasisBackend)2>
2026-09-12T21:57:36.871 DEBUG   :curobo                                  :Cache hit: curobo::kinematics::kinematics_forward_spheres_kernel<15, 32>
2026-09-12T21:57:36.872 DEBUG   :curobo                                  :Cache hit: curobo::kinematics::kinematics_backward_kernel<float, float, 16, true, false, false>
2026-09-12T21:57:36.873 DEBUG   :curobo                                  :Cache hit: curobo::trajectory::bspline::bspline_backward_kernel<3, float, (curobo::trajectory::bspline::BasisBackend)2>
2026-09-12T21:57:36.873 DEBUG   :curobo                                  :Cache hit: curobo::optimization::line_search::kernel_line_search<float, 4>
2026-09-12T21:57:36.873 DEBUG   :curobo                                  :Cache hit: curobo::optimization::kernel_lbfgs_step_shared_memory<float, false, 27>
2026-09-12T21:57:36.874 DEBUG   :curobo                                  :Cache hit: curobo::trajectory::bspline::interpolate_bspline_kernel<float, 3, (curobo::trajectory::bspline::BasisBackend)2>
2026-09-12T21:57:36.874 DEBUG   :curobo                                  :Cache hit: curobo::kinematics::kinematics_forward_spheres_kernel<15, 32>
2026-09-12T21:57:36.875 DEBUG   :curobo                                  :Cache hit: curobo::kinematics::kinematics_backward_kernel<float, float, 16, true, false, false>
2026-09-12T21:57:36.875 DEBUG   :curobo                                  :Cache hit: curobo::trajectory::bspline::bspline_backward_kernel<3, float, (curobo::trajectory::bspline::BasisBackend)2>
2026-09-12T21:57:36.876 DEBUG   :curobo                                  :Cache hit: curobo::optimization::line_search::kernel_line_search<float, 4>
2026-09-12T21:57:36.876 DEBUG   :curobo                                  :Cache hit: curobo::optimization::kernel_lbfgs_step_shared_memory<float, false, 27>
2026-09-12T21:57:36.876 DEBUG   :curobo                                  :Cache hit: curobo::trajectory::bspline::interpolate_bspline_kernel<float, 3, (curobo::trajectory::bspline::BasisBackend)2>
2026-09-12T21:57:36.877 DEBUG   :curobo                                  :Cache hit: curobo::kinematics::kinematics_forward_spheres_kernel<15, 32>
2026-09-12T21:57:36.877 DEBUG   :curobo                                  :Cache hit: curobo::kinematics::kinematics_backward_kernel<float, float, 16, true, false, false>
2026-09-12T21:57:36.878 DEBUG   :curobo                                  :Cache hit: curobo::trajectory::bspline::bspline_backward_kernel<3, float, (curobo::trajectory::bspline::BasisBackend)2>
2026-09-12T21:57:36.878 DEBUG   :curobo                                  :Cache hit: curobo::optimization::line_search::kernel_line_search<float, 4>
2026-09-12T21:57:36.878 DEBUG   :curobo                                  :Cache hit: curobo::optimization::kernel_lbfgs_step_shared_memory<float, false, 27>
2026-09-12T21:57:36.878 DEBUG   :curobo                                  :Cache hit: curobo::trajectory::bspline::interpolate_bspline_kernel<float, 3, (curobo::trajectory::bspline::BasisBackend)2>
2026-09-12T21:57:36.879 DEBUG   :curobo                                  :Cache hit: curobo::kinematics::kinematics_forward_spheres_kernel<15, 32>
2026-09-12T21:57:36.879 DEBUG   :curobo                                  :Cache hit: curobo::kinematics::kinematics_backward_kernel<float, float, 16, true, false, false>
2026-09-12T21:57:36.879 DEBUG   :curobo                                  :Cache hit: curobo::trajectory::bspline::bspline_backward_kernel<3, float, (curobo::trajectory::bspline::BasisBackend)2>
2026-09-12T21:57:36.880 DEBUG   :curobo                                  :Cache hit: curobo::optimization::line_search::kernel_line_search<float, 4>
2026-09-12T21:57:36.880 DEBUG   :curobo                                  :Cache hit: curobo::optimization::kernel_lbfgs_step_shared_memory<float, false, 27>
2026-09-12T21:57:36.880 DEBUG   :curobo                                  :Cache hit: curobo::trajectory::bspline::interpolate_bspline_kernel<float, 3, (curobo::trajectory::bspline::BasisBackend)2>
2026-09-12T21:57:36.880 DEBUG   :curobo                                  :Cache hit: curobo::kinematics::kinematics_forward_spheres_kernel<15, 32>
2026-09-12T21:57:36.881 DEBUG   :curobo                                  :Cache hit: curobo::kinematics::kinematics_backward_kernel<float, float, 16, true, false, false>
2026-09-12T21:57:36.881 DEBUG   :curobo                                  :Cache hit: curobo::trajectory::bspline::bspline_backward_kernel<3, float, (curobo::trajectory::bspline::BasisBackend)2>
2026-09-12T21:57:36.882 DEBUG   :curobo                                  :Cache hit: curobo::optimization::line_search::kernel_line_search<float, 4>
2026-09-12T21:57:36.882 DEBUG   :curobo                                  :Cache hit: curobo::optimization::kernel_lbfgs_step_shared_memory<float, false, 27>
2026-09-12T21:57:36.882 DEBUG   :curobo                                  :Cache hit: curobo::trajectory::bspline::interpolate_bspline_kernel<float, 3, (curobo::trajectory::bspline::BasisBackend)2>
2026-09-12T21:57:36.882 DEBUG   :curobo                                  :Cache hit: curobo::kinematics::kinematics_forward_spheres_kernel<15, 32>
2026-09-12T21:57:36.883 DEBUG   :curobo                                  :Cache hit: curobo::kinematics::kinematics_backward_kernel<float, float, 16, true, false, false>
2026-09-12T21:57:36.883 DEBUG   :curobo                                  :Cache hit: curobo::trajectory::bspline::bspline_backward_kernel<3, float, (curobo::trajectory::bspline::BasisBackend)2>
2026-09-12T21:57:36.884 DEBUG   :curobo                                  :Cache hit: curobo::optimization::line_search::kernel_line_search<float, 4>
2026-09-12T21:57:36.884 DEBUG   :curobo                                  :Cache hit: curobo::optimization::kernel_lbfgs_step_shared_memory<float, false, 27>
2026-09-12T21:57:36.884 DEBUG   :curobo                                  :Cache hit: curobo::trajectory::bspline::interpolate_bspline_kernel<float, 3, (curobo::trajectory::bspline::BasisBackend)2>
2026-09-12T21:57:36.884 DEBUG   :curobo                                  :Cache hit: curobo::kinematics::kinematics_forward_spheres_kernel<15, 32>
2026-09-12T21:57:36.885 DEBUG   :curobo                                  :Cache hit: curobo::kinematics::kinematics_backward_kernel<float, float, 16, true, false, false>
2026-09-12T21:57:36.885 DEBUG   :curobo                                  :Cache hit: curobo::trajectory::bspline::bspline_backward_kernel<3, float, (curobo::trajectory::bspline::BasisBackend)2>
2026-09-12T21:57:36.886 DEBUG   :curobo                                  :Cache hit: curobo::optimization::line_search::kernel_line_search<float, 4>
2026-09-12T21:57:36.886 DEBUG   :curobo                                  :Cache hit: curobo::optimization::kernel_lbfgs_step_shared_memory<float, false, 27>
2026-09-12T21:57:36.886 DEBUG   :curobo                                  :Cache hit: curobo::trajectory::bspline::interpolate_bspline_kernel<float, 3, (curobo::trajectory::bspline::BasisBackend)2>
2026-09-12T21:57:36.887 DEBUG   :curobo                                  :Cache hit: curobo::kinematics::kinematics_forward_spheres_kernel<15, 32>
2026-09-12T21:57:36.888 DEBUG   :curobo                                  :Cache hit: curobo::kinematics::kinematics_backward_kernel<float, float, 16, true, false, false>
2026-09-12T21:57:36.888 DEBUG   :curobo                                  :Cache hit: curobo::trajectory::bspline::bspline_backward_kernel<3, float, (curobo::trajectory::bspline::BasisBackend)2>
2026-09-12T21:57:36.888 DEBUG   :curobo                                  :Cache hit: curobo::optimization::line_search::kernel_line_search<float, 4>
2026-09-12T21:57:36.888 DEBUG   :curobo                                  :Cache hit: curobo::optimization::kernel_lbfgs_step_shared_memory<float, false, 27>
2026-09-12T21:57:36.889 DEBUG   :curobo                                  :Cache hit: curobo::trajectory::bspline::interpolate_bspline_kernel<float, 3, (curobo::trajectory::bspline::BasisBackend)2>
2026-09-12T21:57:36.889 DEBUG   :curobo                                  :Cache hit: curobo::kinematics::kinematics_forward_spheres_kernel<15, 32>
2026-09-12T21:57:36.890 DEBUG   :curobo                                  :Cache hit: curobo::kinematics::kinematics_backward_kernel<float, float, 16, true, false, false>
2026-09-12T21:57:36.890 DEBUG   :curobo                                  :Cache hit: curobo::trajectory::bspline::bspline_backward_kernel<3, float, (curobo::trajectory::bspline::BasisBackend)2>
2026-09-12T21:57:36.891 DEBUG   :curobo                                  :Cache hit: curobo::optimization::line_search::kernel_line_search<float, 4>
2026-09-12T21:57:36.891 DEBUG   :curobo                                  :Cache hit: curobo::optimization::kernel_lbfgs_step_shared_memory<float, false, 27>
2026-09-12T21:57:36.891 DEBUG   :curobo                                  :Cache hit: curobo::trajectory::bspline::interpolate_bspline_kernel<float, 3, (curobo::trajectory::bspline::BasisBackend)2>
2026-09-12T21:57:36.891 DEBUG   :curobo                                  :Cache hit: curobo::kinematics::kinematics_forward_spheres_kernel<15, 32>
2026-09-12T21:57:36.892 DEBUG   :curobo                                  :Cache hit: curobo::kinematics::kinematics_backward_kernel<float, float, 16, true, false, false>
2026-09-12T21:57:36.893 DEBUG   :curobo                                  :Cache hit: curobo::trajectory::bspline::bspline_backward_kernel<3, float, (curobo::trajectory::bspline::BasisBackend)2>
2026-09-12T21:57:36.893 DEBUG   :curobo                                  :Cache hit: curobo::optimization::line_search::kernel_line_search<float, 4>
2026-09-12T21:57:36.893 DEBUG   :curobo                                  :Cache hit: curobo::optimization::kernel_lbfgs_step_shared_memory<float, false, 27>
2026-09-12T21:57:36.893 DEBUG   :curobo                                  :Cache hit: curobo::trajectory::bspline::interpolate_bspline_kernel<float, 3, (curobo::trajectory::bspline::BasisBackend)2>
2026-09-12T21:57:36.894 DEBUG   :curobo                                  :Cache hit: curobo::kinematics::kinematics_forward_spheres_kernel<15, 32>
2026-09-12T21:57:36.894 DEBUG   :curobo                                  :Cache hit: curobo::kinematics::kinematics_backward_kernel<float, float, 16, true, false, false>
2026-09-12T21:57:36.895 DEBUG   :curobo                                  :Cache hit: curobo::trajectory::bspline::bspline_backward_kernel<3, float, (curobo::trajectory::bspline::BasisBackend)2>
2026-09-12T21:57:36.895 DEBUG   :curobo                                  :Cache hit: curobo::optimization::line_search::kernel_line_search<float, 4>
2026-09-12T21:57:36.895 DEBUG   :curobo                                  :Cache hit: curobo::optimization::kernel_lbfgs_step_shared_memory<float, false, 27>
2026-09-12T21:57:36.895 DEBUG   :curobo                                  :Cache hit: curobo::trajectory::bspline::interpolate_bspline_kernel<float, 3, (curobo::trajectory::bspline::BasisBackend)2>
2026-09-12T21:57:36.895 DEBUG   :curobo                                  :Cache hit: curobo::kinematics::kinematics_forward_spheres_kernel<15, 32>
2026-09-12T21:57:36.896 DEBUG   :curobo                                  :Cache hit: curobo::kinematics::kinematics_backward_kernel<float, float, 16, true, false, false>
2026-09-12T21:57:36.896 DEBUG   :curobo                                  :Cache hit: curobo::trajectory::bspline::bspline_backward_kernel<3, float, (curobo::trajectory::bspline::BasisBackend)2>
2026-09-12T21:57:36.897 DEBUG   :curobo                                  :Cache hit: curobo::optimization::line_search::kernel_line_search<float, 4>
2026-09-12T21:57:36.897 DEBUG   :curobo                                  :Cache hit: curobo::optimization::kernel_lbfgs_step_shared_memory<float, false, 27>
2026-09-12T21:57:36.897 DEBUG   :curobo                                  :Cache hit: curobo::trajectory::bspline::interpolate_bspline_kernel<float, 3, (curobo::trajectory::bspline::BasisBackend)2>
2026-09-12T21:57:36.897 DEBUG   :curobo                                  :Cache hit: curobo::kinematics::kinematics_forward_spheres_kernel<15, 32>
2026-09-12T21:57:36.898 DEBUG   :curobo                                  :Cache hit: curobo::kinematics::kinematics_backward_kernel<float, float, 16, true, false, false>
2026-09-12T21:57:36.898 DEBUG   :curobo                                  :Cache hit: curobo::trajectory::bspline::bspline_backward_kernel<3, float, (curobo::trajectory::bspline::BasisBackend)2>
2026-09-12T21:57:36.898 DEBUG   :curobo                                  :Cache hit: curobo::optimization::line_search::kernel_line_search<float, 4>
2026-09-12T21:57:36.898 DEBUG   :curobo                                  :Cache hit: curobo::optimization::kernel_lbfgs_step_shared_memory<float, false, 27>
2026-09-12T21:57:36.899 DEBUG   :curobo                                  :Cache hit: curobo::trajectory::bspline::interpolate_bspline_kernel<float, 3, (curobo::trajectory::bspline::BasisBackend)2>
2026-09-12T21:57:36.899 DEBUG   :curobo                                  :Cache hit: curobo::kinematics::kinematics_forward_spheres_kernel<15, 32>
2026-09-12T21:57:36.900 DEBUG   :curobo                                  :Cache hit: curobo::kinematics::kinematics_backward_kernel<float, float, 16, true, false, false>
2026-09-12T21:57:36.900 DEBUG   :curobo                                  :Cache hit: curobo::trajectory::bspline::bspline_backward_kernel<3, float, (curobo::trajectory::bspline::BasisBackend)2>
2026-09-12T21:57:36.900 DEBUG   :curobo                                  :Cache hit: curobo::optimization::line_search::kernel_line_search<float, 4>
2026-09-12T21:57:36.900 DEBUG   :curobo                                  :Cache hit: curobo::optimization::kernel_lbfgs_step_shared_memory<float, false, 27>
2026-09-12T21:57:36.901 DEBUG   :curobo                                  :Cache hit: curobo::trajectory::bspline::interpolate_bspline_kernel<float, 3, (curobo::trajectory::bspline::BasisBackend)2>
2026-09-12T21:57:36.901 DEBUG   :curobo                                  :Cache hit: curobo::kinematics::kinematics_forward_spheres_kernel<15, 32>
2026-09-12T21:57:36.902 DEBUG   :curobo                                  :Cache hit: curobo::kinematics::kinematics_backward_kernel<float, float, 16, true, false, false>
2026-09-12T21:57:36.902 DEBUG   :curobo                                  :Cache hit: curobo::trajectory::bspline::bspline_backward_kernel<3, float, (curobo::trajectory::bspline::BasisBackend)2>
2026-09-12T21:57:36.902 DEBUG   :curobo                                  :Cache hit: curobo::optimization::line_search::kernel_line_search<float, 4>
2026-09-12T21:57:36.902 DEBUG   :curobo                                  :Cache hit: curobo::optimization::kernel_lbfgs_step_shared_memory<float, false, 27>
2026-09-12T21:57:36.903 DEBUG   :curobo                                  :Cache hit: curobo::trajectory::bspline::interpolate_bspline_kernel<float, 3, (curobo::trajectory::bspline::BasisBackend)2>
2026-09-12T21:57:36.903 DEBUG   :curobo                                  :Cache hit: curobo::kinematics::kinematics_forward_spheres_kernel<15, 32>
2026-09-12T21:57:36.904 DEBUG   :curobo                                  :Cache hit: curobo::kinematics::kinematics_backward_kernel<float, float, 16, true, false, false>
2026-09-12T21:57:36.905 DEBUG   :curobo                                  :Cache hit: curobo::trajectory::bspline::bspline_backward_kernel<3, float, (curobo::trajectory::bspline::BasisBackend)2>
2026-09-12T21:57:36.905 DEBUG   :curobo                                  :Cache hit: curobo::optimization::line_search::kernel_line_search<float, 4>
2026-09-12T21:57:36.905 DEBUG   :curobo                                  :Cache hit: curobo::optimization::kernel_lbfgs_step_shared_memory<float, false, 27>
2026-09-12T21:57:36.906 DEBUG   :curobo                                  :Cache hit: curobo::trajectory::bspline::interpolate_bspline_kernel<float, 3, (curobo::trajectory::bspline::BasisBackend)2>
2026-09-12T21:57:36.907 DEBUG   :curobo                                  :Cache hit: curobo::kinematics::kinematics_forward_spheres_kernel<15, 32>
2026-09-12T21:57:36.909 DEBUG   :curobo                                  :Cache hit: curobo::kinematics::kinematics_backward_kernel<float, float, 16, true, false, false>
2026-09-12T21:57:36.910 DEBUG   :curobo                                  :Cache hit: curobo::trajectory::bspline::bspline_backward_kernel<3, float, (curobo::trajectory::bspline::BasisBackend)2>
2026-09-12T21:57:36.910 DEBUG   :curobo                                  :Cache hit: curobo::optimization::line_search::kernel_line_search<float, 4>
2026-09-12T21:57:36.911 DEBUG   :curobo                                  :Cache hit: curobo::optimization::kernel_lbfgs_step_shared_memory<float, false, 27>
2026-09-12T21:57:36.911 DEBUG   :curobo                                  :Cache hit: curobo::trajectory::bspline::interpolate_bspline_kernel<float, 3, (curobo::trajectory::bspline::BasisBackend)2>
2026-09-12T21:57:36.912 DEBUG   :curobo                                  :Cache hit: curobo::kinematics::kinematics_forward_spheres_kernel<15, 32>
2026-09-12T21:57:36.913 DEBUG   :curobo                                  :Cache hit: curobo::kinematics::kinematics_backward_kernel<float, float, 16, true, false, false>
2026-09-12T21:57:36.913 DEBUG   :curobo                                  :Cache hit: curobo::trajectory::bspline::bspline_backward_kernel<3, float, (curobo::trajectory::bspline::BasisBackend)2>
2026-09-12T21:57:36.913 DEBUG   :curobo                                  :Cache hit: curobo::optimization::line_search::kernel_line_search<float, 4>
2026-09-12T21:57:36.913 DEBUG   :curobo                                  :Cache hit: curobo::optimization::kernel_lbfgs_step_shared_memory<float, false, 27>
2026-09-12T21:57:36.914 DEBUG   :curobo                                  :Cache hit: curobo::trajectory::bspline::interpolate_bspline_kernel<float, 3, (curobo::trajectory::bspline::BasisBackend)2>
2026-09-12T21:57:36.914 DEBUG   :curobo                                  :Cache hit: curobo::kinematics::kinematics_forward_spheres_kernel<15, 32>
2026-09-12T21:57:36.915 DEBUG   :curobo                                  :Cache hit: curobo::kinematics::kinematics_backward_kernel<float, float, 16, true, false, false>
2026-09-12T21:57:36.915 DEBUG   :curobo                                  :Cache hit: curobo::trajectory::bspline::bspline_backward_kernel<3, float, (curobo::trajectory::bspline::BasisBackend)2>
2026-09-12T21:57:36.915 DEBUG   :curobo                                  :Cache hit: curobo::optimization::line_search::kernel_line_search<float, 4>
2026-09-12T21:57:36.915 DEBUG   :curobo                                  :Cache hit: curobo::optimization::kernel_lbfgs_step_shared_memory<float, false, 27>
2026-09-12T21:57:36.916 DEBUG   :curobo                                  :Cache hit: curobo::trajectory::bspline::interpolate_bspline_kernel<float, 3, (curobo::trajectory::bspline::BasisBackend)2>
2026-09-12T21:57:36.916 DEBUG   :curobo                                  :Cache hit: curobo::kinematics::kinematics_forward_spheres_kernel<15, 32>
2026-09-12T21:57:36.917 DEBUG   :curobo                                  :Cache hit: curobo::kinematics::kinematics_backward_kernel<float, float, 16, true, false, false>
2026-09-12T21:57:36.917 DEBUG   :curobo                                  :Cache hit: curobo::trajectory::bspline::bspline_backward_kernel<3, float, (curobo::trajectory::bspline::BasisBackend)2>
2026-09-12T21:57:36.917 DEBUG   :curobo                                  :Cache hit: curobo::optimization::line_search::kernel_line_search<float, 4>
2026-09-12T21:57:36.918 DEBUG   :curobo                                  :Cache hit: curobo::optimization::kernel_lbfgs_step_shared_memory<float, false, 27>
2026-09-12T21:57:36.919 DEBUG   :curobo                                  :Cache hit: curobo::trajectory::bspline::interpolate_bspline_kernel<float, 3, (curobo::trajectory::bspline::BasisBackend)2>
2026-09-12T21:57:36.919 DEBUG   :curobo                                  :Cache hit: curobo::kinematics::kinematics_forward_spheres_kernel<15, 32>
2026-09-12T21:57:36.921 DEBUG   :curobo                                  :Cache hit: curobo::kinematics::kinematics_backward_kernel<float, float, 16, true, false, false>
2026-09-12T21:57:36.921 DEBUG   :curobo                                  :Cache hit: curobo::trajectory::bspline::bspline_backward_kernel<3, float, (curobo::trajectory::bspline::BasisBackend)2>
2026-09-12T21:57:36.921 DEBUG   :curobo                                  :Cache hit: curobo::optimization::line_search::kernel_line_search<float, 4>
2026-09-12T21:57:36.922 DEBUG   :curobo                                  :Cache hit: curobo::optimization::kernel_lbfgs_step_shared_memory<float, false, 27>
2026-09-12T21:57:36.922 DEBUG   :curobo                                  :Cache hit: curobo::trajectory::bspline::interpolate_bspline_kernel<float, 3, (curobo::trajectory::bspline::BasisBackend)2>
2026-09-12T21:57:36.923 DEBUG   :curobo                                  :Cache hit: curobo::kinematics::kinematics_forward_spheres_kernel<15, 32>
2026-09-12T21:57:36.924 DEBUG   :curobo                                  :Cache hit: curobo::kinematics::kinematics_backward_kernel<float, float, 16, true, false, false>
2026-09-12T21:57:36.925 DEBUG   :curobo                                  :Cache hit: curobo::trajectory::bspline::bspline_backward_kernel<3, float, (curobo::trajectory::bspline::BasisBackend)2>
2026-09-12T21:57:36.925 DEBUG   :curobo                                  :Cache hit: curobo::optimization::line_search::kernel_line_search<float, 4>
2026-09-12T21:57:36.925 DEBUG   :curobo                                  :Cache hit: curobo::optimization::kernel_lbfgs_step_shared_memory<float, false, 27>
2026-09-12T21:57:36.926 DEBUG   :curobo                                  :Cache hit: curobo::trajectory::bspline::interpolate_bspline_kernel<float, 3, (curobo::trajectory::bspline::BasisBackend)2>
2026-09-12T21:57:36.926 DEBUG   :curobo                                  :Cache hit: curobo::kinematics::kinematics_forward_spheres_kernel<15, 32>
2026-09-12T21:57:36.927 DEBUG   :curobo                                  :Cache hit: curobo::kinematics::kinematics_backward_kernel<float, float, 16, true, false, false>
2026-09-12T21:57:36.927 DEBUG   :curobo                                  :Cache hit: curobo::trajectory::bspline::bspline_backward_kernel<3, float, (curobo::trajectory::bspline::BasisBackend)2>
2026-09-12T21:57:36.927 DEBUG   :curobo                                  :Cache hit: curobo::optimization::line_search::kernel_line_search<float, 4>
2026-09-12T21:57:36.928 DEBUG   :curobo                                  :Cache hit: curobo::optimization::kernel_lbfgs_step_shared_memory<float, false, 27>
2026-09-12T21:57:36.928 DEBUG   :curobo                                  :Cache hit: curobo::trajectory::bspline::interpolate_bspline_kernel<float, 3, (curobo::trajectory::bspline::BasisBackend)2>
2026-09-12T21:57:36.928 DEBUG   :curobo                                  :Cache hit: curobo::kinematics::kinematics_forward_spheres_kernel<15, 32>
2026-09-12T21:57:36.929 DEBUG   :curobo                                  :Cache hit: curobo::kinematics::kinematics_backward_kernel<float, float, 16, true, false, false>
2026-09-12T21:57:36.929 DEBUG   :curobo                                  :Cache hit: curobo::trajectory::bspline::bspline_backward_kernel<3, float, (curobo::trajectory::bspline::BasisBackend)2>
2026-09-12T21:57:36.930 DEBUG   :curobo                                  :Cache hit: curobo::optimization::line_search::kernel_line_search<float, 4>
2026-09-12T21:57:36.930 DEBUG   :curobo                                  :Cache hit: curobo::optimization::kernel_lbfgs_step_shared_memory<float, false, 27>
2026-09-12T21:57:36.930 DEBUG   :curobo                                  :Cache hit: curobo::trajectory::bspline::interpolate_bspline_kernel<float, 3, (curobo::trajectory::bspline::BasisBackend)2>
2026-09-12T21:57:36.930 DEBUG   :curobo                                  :Cache hit: curobo::kinematics::kinematics_forward_spheres_kernel<15, 32>
2026-09-12T21:57:36.931 DEBUG   :curobo                                  :Cache hit: curobo::kinematics::kinematics_backward_kernel<float, float, 16, true, false, false>
2026-09-12T21:57:36.931 DEBUG   :curobo                                  :Cache hit: curobo::trajectory::bspline::bspline_backward_kernel<3, float, (curobo::trajectory::bspline::BasisBackend)2>
2026-09-12T21:57:36.932 DEBUG   :curobo                                  :Cache hit: curobo::optimization::line_search::kernel_line_search<float, 4>
2026-09-12T21:57:36.932 DEBUG   :curobo                                  :Cache hit: curobo::optimization::kernel_lbfgs_step_shared_memory<float, false, 27>
2026-09-12T21:57:36.932 DEBUG   :curobo                                  :Cache hit: curobo::trajectory::bspline::interpolate_bspline_kernel<float, 3, (curobo::trajectory::bspline::BasisBackend)2>
2026-09-12T21:57:36.932 DEBUG   :curobo                                  :Cache hit: curobo::kinematics::kinematics_forward_spheres_kernel<15, 32>
2026-09-12T21:57:36.933 DEBUG   :curobo                                  :Cache hit: curobo::kinematics::kinematics_backward_kernel<float, float, 16, true, false, false>
2026-09-12T21:57:36.933 DEBUG   :curobo                                  :Cache hit: curobo::trajectory::bspline::bspline_backward_kernel<3, float, (curobo::trajectory::bspline::BasisBackend)2>
2026-09-12T21:57:36.933 DEBUG   :curobo                                  :Cache hit: curobo::optimization::line_search::kernel_line_search<float, 4>
2026-09-12T21:57:36.934 DEBUG   :curobo                                  :Cache hit: curobo::optimization::kernel_lbfgs_step_shared_memory<float, false, 27>
2026-09-12T21:57:36.934 DEBUG   :curobo                                  :Cache hit: curobo::trajectory::bspline::interpolate_bspline_kernel<float, 3, (curobo::trajectory::bspline::BasisBackend)2>
2026-09-12T21:57:36.934 DEBUG   :curobo                                  :Cache hit: curobo::kinematics::kinematics_forward_spheres_kernel<15, 32>
2026-09-12T21:57:36.935 DEBUG   :curobo                                  :Cache hit: curobo::kinematics::kinematics_backward_kernel<float, float, 16, true, false, false>
2026-09-12T21:57:36.935 DEBUG   :curobo                                  :Cache hit: curobo::trajectory::bspline::bspline_backward_kernel<3, float, (curobo::trajectory::bspline::BasisBackend)2>
2026-09-12T21:57:36.936 DEBUG   :curobo                                  :Cache hit: curobo::optimization::line_search::kernel_line_search<float, 4>
2026-09-12T21:57:36.936 DEBUG   :curobo                                  :Cache hit: curobo::optimization::kernel_lbfgs_step_shared_memory<float, false, 27>
2026-09-12T21:57:36.936 DEBUG   :curobo                                  :Cache hit: curobo::trajectory::bspline::interpolate_bspline_kernel<float, 3, (curobo::trajectory::bspline::BasisBackend)2>
2026-09-12T21:57:36.936 DEBUG   :curobo                                  :Cache hit: curobo::kinematics::kinematics_forward_spheres_kernel<15, 32>
2026-09-12T21:57:36.937 DEBUG   :curobo                                  :Cache hit: curobo::kinematics::kinematics_backward_kernel<float, float, 16, true, false, false>
2026-09-12T21:57:36.937 DEBUG   :curobo                                  :Cache hit: curobo::trajectory::bspline::bspline_backward_kernel<3, float, (curobo::trajectory::bspline::BasisBackend)2>
2026-09-12T21:57:36.938 DEBUG   :curobo                                  :Cache hit: curobo::optimization::line_search::kernel_line_search<float, 4>
2026-09-12T21:57:36.938 DEBUG   :curobo                                  :Cache hit: curobo::optimization::kernel_lbfgs_step_shared_memory<float, false, 27>
2026-09-12T21:57:36.938 DEBUG   :curobo                                  :Cache hit: curobo::trajectory::bspline::interpolate_bspline_kernel<float, 3, (curobo::trajectory::bspline::BasisBackend)2>
2026-09-12T21:57:36.939 DEBUG   :curobo                                  :Cache hit: curobo::kinematics::kinematics_forward_spheres_kernel<15, 32>
2026-09-12T21:57:36.940 DEBUG   :curobo                                  :Cache hit: curobo::kinematics::kinematics_backward_kernel<float, float, 16, true, false, false>
2026-09-12T21:57:36.940 DEBUG   :curobo                                  :Cache hit: curobo::trajectory::bspline::bspline_backward_kernel<3, float, (curobo::trajectory::bspline::BasisBackend)2>
2026-09-12T21:57:36.940 DEBUG   :curobo                                  :Cache hit: curobo::optimization::line_search::kernel_line_search<float, 4>
2026-09-12T21:57:36.941 DEBUG   :curobo                                  :Cache hit: curobo::optimization::kernel_lbfgs_step_shared_memory<float, false, 27>
2026-09-12T21:57:36.941 DEBUG   :curobo                                  :Cache hit: curobo::trajectory::bspline::interpolate_bspline_kernel<float, 3, (curobo::trajectory::bspline::BasisBackend)2>
2026-09-12T21:57:36.942 DEBUG   :curobo                                  :Cache hit: curobo::kinematics::kinematics_forward_spheres_kernel<15, 32>
2026-09-12T21:57:36.943 DEBUG   :curobo                                  :Cache hit: curobo::kinematics::kinematics_backward_kernel<float, float, 16, true, false, false>
2026-09-12T21:57:36.944 DEBUG   :curobo                                  :Cache hit: curobo::trajectory::bspline::bspline_backward_kernel<3, float, (curobo::trajectory::bspline::BasisBackend)2>
2026-09-12T21:57:36.944 DEBUG   :curobo                                  :Cache hit: curobo::optimization::line_search::kernel_line_search<float, 4>
2026-09-12T21:57:36.944 DEBUG   :curobo                                  :Cache hit: curobo::optimization::kernel_lbfgs_step_shared_memory<float, false, 27>
2026-09-12T21:57:36.952 DEBUG   :curobo                                  :Cache hit: curobo::trajectory::bspline::interpolate_bspline_kernel<float, 3, (curobo::trajectory::bspline::BasisBackend)2>
2026-09-12T21:57:36.952 DEBUG   :curobo                                  :Cache hit: curobo::kinematics::kinematics_forward_spheres_kernel<15, 32>
2026-09-12T21:57:36.953 INFO    :curobo                                  :Recording CUDA Graph for _compute_metrics_from_action_impl
2026-09-12T21:57:37.020 INFO    :curobo                                  :Updating state_seq buffer reference (created new tensor)
2026-09-12T21:57:37.021 DEBUG   :curobo                                  :Cache hit: curobo::trajectory::bspline::interpolate_bspline_kernel<float, 3, (curobo::trajectory::bspline::BasisBackend)2>
2026-09-12T21:57:37.021 DEBUG   :curobo                                  :Cache hit: curobo::kinematics::kinematics_forward_spheres_kernel<15, 32>
2026-09-12T21:57:37.022 INFO    :curobo                                  :Compiling kernel: curobo::geometry::self_collision::self_collision_max_distance_kernel<false>
2026-09-12T21:57:37.151 INFO    :curobo                                  :Successfully compiled kernel: curobo::geometry::self_collision::self_collision_max_distance_kernel<false>
2026-09-12T21:57:37.156 DEBUG   :curobo                                  :Cache hit: curobo::trajectory::bspline::interpolate_bspline_kernel<float, 3, (curobo::trajectory::bspline::BasisBackend)2>
2026-09-12T21:57:37.157 DEBUG   :curobo                                  :Cache hit: curobo::kinematics::kinematics_forward_spheres_kernel<15, 32>
2026-09-12T21:57:37.157 DEBUG   :curobo                                  :Cache hit: curobo::geometry::self_collision::self_collision_max_distance_kernel<false>
2026-09-12T21:57:37.158 DEBUG   :curobo                                  :Cache hit: curobo::trajectory::bspline::interpolate_bspline_kernel<float, 3, (curobo::trajectory::bspline::BasisBackend)2>
2026-09-12T21:57:37.159 DEBUG   :curobo                                  :Cache hit: curobo::kinematics::kinematics_forward_spheres_kernel<15, 32>
2026-09-12T21:57:37.159 DEBUG   :curobo                                  :Cache hit: curobo::geometry::self_collision::self_collision_max_distance_kernel<false>
2026-09-12T21:57:37.160 DEBUG   :curobo                                  :Cache hit: curobo::trajectory::bspline::interpolate_bspline_kernel<float, 3, (curobo::trajectory::bspline::BasisBackend)2>
2026-09-12T21:57:37.160 DEBUG   :curobo                                  :Cache hit: curobo::kinematics::kinematics_forward_spheres_kernel<15, 32>
2026-09-12T21:57:37.161 DEBUG   :curobo                                  :Cache hit: curobo::geometry::self_collision::self_collision_max_distance_kernel<false>
2026-09-12T21:57:37.162 INFO    :curobo                                  :Compiling kernel: curobo::trajectory::bspline::interpolate_bspline_single_dt_kernel<float, 3, (curobo::trajectory::bspline::BasisBackend)2>
2026-09-12T21:57:37.242 INFO    :curobo                                  :Successfully compiled kernel: curobo::trajectory::bspline::interpolate_bspline_single_dt_kernel<float, 3, (curobo::trajectory::bspline::BasisBackend)2>
2026-09-12T21:57:37.243 DEBUG   :curobo                                  :Cache hit: curobo::kinematics::kinematics_forward_spheres_kernel<15, 32>
2026-09-12T21:57:37.243 INFO    :curobo                                  :Recording CUDA Graph for _compute_metrics_from_state_impl
2026-09-12T21:57:37.314 DEBUG   :curobo                                  :Cache hit: curobo::geometry::self_collision::self_collision_max_distance_kernel<false>
2026-09-12T21:57:37.317 DEBUG   :curobo                                  :Cache hit: curobo::geometry::self_collision::self_collision_max_distance_kernel<false>
2026-09-12T21:57:37.318 DEBUG   :curobo                                  :Cache hit: curobo::geometry::self_collision::self_collision_max_distance_kernel<false>
2026-09-12T21:57:37.325 DEBUG   :curobo                                  :Cache hit: curobo::geometry::self_collision::self_collision_max_distance_kernel<false>
2026-09-12T21:57:37.359 DEBUG   :curobo                                  :Cache hit: curobo::trajectory::bspline::interpolate_bspline_kernel<float, 3, (curobo::trajectory::bspline::BasisBackend)2>
2026-09-12T21:57:37.359 DEBUG   :curobo                                  :Cache hit: curobo::kinematics::kinematics_forward_spheres_kernel<15, 32>
2026-09-12T21:57:37.360 DEBUG   :curobo                                  :Cache hit: curobo::kinematics::kinematics_backward_kernel<float, float, 16, true, false, false>
2026-09-12T21:57:37.361 DEBUG   :curobo                                  :Cache hit: curobo::trajectory::bspline::bspline_backward_kernel<3, float, (curobo::trajectory::bspline::BasisBackend)2>
2026-09-12T21:57:37.361 DEBUG   :curobo                                  :Cache hit: curobo::optimization::line_search::kernel_line_search<float, 4>
2026-09-12T21:57:37.361 INFO    :curobo                                  :Running optimizer 1/1: LBFGSOpt
2026-09-12T21:57:37.367 DEBUG   :curobo                                  :Cache hit: curobo::trajectory::bspline::interpolate_bspline_kernel<float, 3, (curobo::trajectory::bspline::BasisBackend)2>
2026-09-12T21:57:37.367 DEBUG   :curobo                                  :Cache hit: curobo::kinematics::kinematics_forward_spheres_kernel<15, 32>
2026-09-12T21:57:37.368 DEBUG   :curobo                                  :Cache hit: curobo::trajectory::bspline::interpolate_bspline_single_dt_kernel<float, 3, (curobo::trajectory::bspline::BasisBackend)2>
2026-09-12T21:57:37.368 DEBUG   :curobo                                  :Cache hit: curobo::kinematics::kinematics_forward_spheres_kernel<15, 32>
2026-09-12T21:57:37.371 DEBUG   :curobo                                  :Cache hit: curobo::trajectory::bspline::interpolate_bspline_kernel<float, 3, (curobo::trajectory::bspline::BasisBackend)2>
2026-09-12T21:57:37.371 DEBUG   :curobo                                  :Cache hit: curobo::kinematics::kinematics_forward_spheres_kernel<15, 32>
2026-09-12T21:57:37.373 DEBUG   :curobo                                  :Cache hit: curobo::kinematics::kinematics_backward_kernel<float, float, 16, true, false, false>
2026-09-12T21:57:37.373 DEBUG   :curobo                                  :Cache hit: curobo::trajectory::bspline::bspline_backward_kernel<3, float, (curobo::trajectory::bspline::BasisBackend)2>
2026-09-12T21:57:37.374 DEBUG   :curobo                                  :Cache hit: curobo::optimization::line_search::kernel_line_search<float, 4>
2026-09-12T21:57:37.374 INFO    :curobo                                  :Running optimizer 1/1: LBFGSOpt
2026-09-12T21:57:37.380 DEBUG   :curobo                                  :Cache hit: curobo::trajectory::bspline::interpolate_bspline_kernel<float, 3, (curobo::trajectory::bspline::BasisBackend)2>
2026-09-12T21:57:37.380 DEBUG   :curobo                                  :Cache hit: curobo::kinematics::kinematics_forward_spheres_kernel<15, 32>
2026-09-12T21:57:37.381 DEBUG   :curobo                                  :Cache hit: curobo::trajectory::bspline::interpolate_bspline_single_dt_kernel<float, 3, (curobo::trajectory::bspline::BasisBackend)2>
2026-09-12T21:57:37.381 DEBUG   :curobo                                  :Cache hit: curobo::kinematics::kinematics_forward_spheres_kernel<15, 32>
2026-09-12T21:57:37.383 DEBUG   :curobo                                  :Cache hit: curobo::trajectory::bspline::interpolate_bspline_kernel<float, 3, (curobo::trajectory::bspline::BasisBackend)2>
2026-09-12T21:57:37.383 DEBUG   :curobo                                  :Cache hit: curobo::kinematics::kinematics_forward_spheres_kernel<15, 32>
2026-09-12T21:57:37.384 DEBUG   :curobo                                  :Cache hit: curobo::kinematics::kinematics_backward_kernel<float, float, 16, true, false, false>
2026-09-12T21:57:37.384 DEBUG   :curobo                                  :Cache hit: curobo::trajectory::bspline::bspline_backward_kernel<3, float, (curobo::trajectory::bspline::BasisBackend)2>
2026-09-12T21:57:37.384 DEBUG   :curobo                                  :Cache hit: curobo::optimization::line_search::kernel_line_search<float, 4>
2026-09-12T21:57:37.385 INFO    :curobo                                  :Running optimizer 1/1: LBFGSOpt
2026-09-12T21:57:37.391 DEBUG   :curobo                                  :Cache hit: curobo::trajectory::bspline::interpolate_bspline_kernel<float, 3, (curobo::trajectory::bspline::BasisBackend)2>
2026-09-12T21:57:37.392 DEBUG   :curobo                                  :Cache hit: curobo::kinematics::kinematics_forward_spheres_kernel<15, 32>
2026-09-12T21:57:37.392 DEBUG   :curobo                                  :Cache hit: curobo::trajectory::bspline::interpolate_bspline_single_dt_kernel<float, 3, (curobo::trajectory::bspline::BasisBackend)2>
2026-09-12T21:57:37.393 DEBUG   :curobo                                  :Cache hit: curobo::kinematics::kinematics_forward_spheres_kernel<15, 32>
2026-09-12T21:57:37.431 DEBUG   :curobo                                  :Self Collision skipped %: 48.38903944595002
2026-09-12T21:57:37.431 DEBUG   :curobo                                  :Self Collision count: 1714
2026-09-12T21:57:37.431 DEBUG   :curobo                                  :Self Collision per thread: 4
2026-09-12T21:57:37.442 DEBUG   :curobo                                  :Warp initialized - Version: 1.17.0
2026-09-12T21:57:37.442 DEBUG   :curobo                                  :Warp Devices: ['cpu', 'cuda:0']
2026-09-12T21:57:37.447 DEBUG   :curobo                                  :Warp initialized - Version: 1.17.0
2026-09-12T21:57:37.447 DEBUG   :curobo                                  :Warp Devices: ['cpu', 'cuda:0']
2026-09-12T21:57:37.447 INFO    :curobo                                  :Initialized 3 costs for robot rollout
2026-09-12T21:57:37.447 DEBUG   :curobo                                  :Warp initialized - Version: 1.17.0
2026-09-12T21:57:37.447 DEBUG   :curobo                                  :Warp Devices: ['cpu', 'cuda:0']
2026-09-12T21:57:37.447 INFO    :curobo                                  :Initialized 3 costs for robot rollout
2026-09-12T21:57:37.447 DEBUG   :curobo                                  :Warp initialized - Version: 1.17.0
2026-09-12T21:57:37.447 DEBUG   :curobo                                  :Warp Devices: ['cpu', 'cuda:0']
2026-09-12T21:57:37.447 DEBUG   :curobo                                  :Warp initialized - Version: 1.17.0
2026-09-12T21:57:37.447 DEBUG   :curobo                                  :Warp Devices: ['cpu', 'cuda:0']
2026-09-12T21:57:37.447 INFO    :curobo                                  :Initialized 3 costs for robot rollout
2026-09-12T21:57:37.449 DEBUG   :curobo                                  :Warp initialized - Version: 1.17.0
2026-09-12T21:57:37.449 DEBUG   :curobo                                  :Warp Devices: ['cpu', 'cuda:0']
2026-09-12T21:57:37.449 INFO    :curobo                                  :Initialized 3 costs for robot rollout
2026-09-12T21:57:37.449 DEBUG   :curobo                                  :Warp initialized - Version: 1.17.0
2026-09-12T21:57:37.449 DEBUG   :curobo                                  :Warp Devices: ['cpu', 'cuda:0']
2026-09-12T21:57:37.449 INFO    :curobo                                  :Initialized 3 costs for robot rollout
2026-09-12T21:57:37.449 DEBUG   :curobo                                  :Warp initialized - Version: 1.17.0
2026-09-12T21:57:37.449 DEBUG   :curobo                                  :Warp Devices: ['cpu', 'cuda:0']
2026-09-12T21:57:37.450 DEBUG   :curobo                                  :Warp initialized - Version: 1.17.0
2026-09-12T21:57:37.450 DEBUG   :curobo                                  :Warp Devices: ['cpu', 'cuda:0']
2026-09-12T21:57:37.450 INFO    :curobo                                  :Initialized 3 costs for robot rollout
2026-09-12T21:57:37.451 DEBUG   :curobo                                  :Warp initialized - Version: 1.17.0
2026-09-12T21:57:37.451 DEBUG   :curobo                                  :Warp Devices: ['cpu', 'cuda:0']
2026-09-12T21:57:37.452 INFO    :curobo                                  :Initialized 2 costs for robot rollout
2026-09-12T21:57:37.452 DEBUG   :curobo                                  :Warp initialized - Version: 1.17.0
2026-09-12T21:57:37.452 DEBUG   :curobo                                  :Warp Devices: ['cpu', 'cuda:0']
2026-09-12T21:57:37.452 INFO    :curobo                                  :Initialized 2 costs for robot rollout
2026-09-12T21:57:37.452 INFO    :curobo                                  :Initialized 2 costs for robot rollout
2026-09-12T21:57:37.452 INFO    :curobo                                  :Initialized 2 costs for robot rollout
2026-09-12T21:57:37.454 DEBUG   :curobo                                  :Warp initialized - Version: 1.17.0
2026-09-12T21:57:37.454 DEBUG   :curobo                                  :Warp Devices: ['cpu', 'cuda:0']
2026-09-12T21:57:37.456 INFO    :curobo                                  :Initialized 2 costs for robot rollout
2026-09-12T21:57:37.457 DEBUG   :curobo                                  :Warp initialized - Version: 1.17.0
2026-09-12T21:57:37.457 DEBUG   :curobo                                  :Warp Devices: ['cpu', 'cuda:0']
2026-09-12T21:57:37.457 INFO    :curobo                                  :Initialized 2 costs for robot rollout
2026-09-12T21:57:37.457 INFO    :curobo                                  :Initialized 2 costs for robot rollout
2026-09-12T21:57:37.457 INFO    :curobo                                  :Initialized 2 costs for robot rollout
2026-09-12T21:57:37.457 INFO    :curobo                                  :LBFGS: history >= opt_dim, reducing history to opt_dim-1
2026-09-12T21:57:37.457 INFO    :curobo                                  :Updating state_seq buffer reference (created new tensor)
2026-09-12T21:57:37.458 INFO    :curobo                                  :Updating state_seq buffer reference (created new tensor)
2026-09-12T21:57:37.460 DEBUG   :curobo                                  :Warp initialized - Version: 1.17.0
2026-09-12T21:57:37.460 DEBUG   :curobo                                  :Warp Devices: ['cpu', 'cuda:0']
2026-09-12T21:57:37.462 INFO    :curobo                                  :Seed IK Solver initialized for robot with 6 DOF
2026-09-12T21:57:37.462 INFO    :curobo                                  :Controlled links: ['tcp']
2026-09-12T21:57:37.464 DEBUG   :curobo                                  :Warp initialized - Version: 1.17.0
2026-09-12T21:57:37.464 DEBUG   :curobo                                  :Warp Devices: ['cpu', 'cuda:0']
2026-09-12T21:57:37.464 INFO    :curobo                                  :Initialized 3 costs for robot rollout
2026-09-12T21:57:37.465 DEBUG   :curobo                                  :Warp initialized - Version: 1.17.0
2026-09-12T21:57:37.465 DEBUG   :curobo                                  :Warp Devices: ['cpu', 'cuda:0']
2026-09-12T21:57:37.465 INFO    :curobo                                  :Initialized 3 costs for robot rollout
2026-09-12T21:57:37.465 DEBUG   :curobo                                  :Warp initialized - Version: 1.17.0
2026-09-12T21:57:37.465 DEBUG   :curobo                                  :Warp Devices: ['cpu', 'cuda:0']
2026-09-12T21:57:37.465 DEBUG   :curobo                                  :Warp initialized - Version: 1.17.0
2026-09-12T21:57:37.465 DEBUG   :curobo                                  :Warp Devices: ['cpu', 'cuda:0']
2026-09-12T21:57:37.465 INFO    :curobo                                  :Initialized 3 costs for robot rollout
2026-09-12T21:57:37.467 DEBUG   :curobo                                  :Warp initialized - Version: 1.17.0
2026-09-12T21:57:37.467 DEBUG   :curobo                                  :Warp Devices: ['cpu', 'cuda:0']
2026-09-12T21:57:37.467 INFO    :curobo                                  :Initialized 3 costs for robot rollout
2026-09-12T21:57:37.467 DEBUG   :curobo                                  :Warp initialized - Version: 1.17.0
2026-09-12T21:57:37.467 DEBUG   :curobo                                  :Warp Devices: ['cpu', 'cuda:0']
2026-09-12T21:57:37.467 INFO    :curobo                                  :Initialized 3 costs for robot rollout
2026-09-12T21:57:37.467 DEBUG   :curobo                                  :Warp initialized - Version: 1.17.0
2026-09-12T21:57:37.467 DEBUG   :curobo                                  :Warp Devices: ['cpu', 'cuda:0']
2026-09-12T21:57:37.467 DEBUG   :curobo                                  :Warp initialized - Version: 1.17.0
2026-09-12T21:57:37.467 DEBUG   :curobo                                  :Warp Devices: ['cpu', 'cuda:0']
2026-09-12T21:57:37.467 INFO    :curobo                                  :Initialized 3 costs for robot rollout
2026-09-12T21:57:37.469 DEBUG   :curobo                                  :Warp initialized - Version: 1.17.0
2026-09-12T21:57:37.469 DEBUG   :curobo                                  :Warp Devices: ['cpu', 'cuda:0']
2026-09-12T21:57:37.469 INFO    :curobo                                  :Initialized 2 costs for robot rollout
2026-09-12T21:57:37.470 DEBUG   :curobo                                  :Warp initialized - Version: 1.17.0
2026-09-12T21:57:37.470 DEBUG   :curobo                                  :Warp Devices: ['cpu', 'cuda:0']
2026-09-12T21:57:37.470 INFO    :curobo                                  :Initialized 2 costs for robot rollout
2026-09-12T21:57:37.470 INFO    :curobo                                  :Initialized 2 costs for robot rollout
2026-09-12T21:57:37.470 INFO    :curobo                                  :Initialized 2 costs for robot rollout
2026-09-12T21:57:37.472 DEBUG   :curobo                                  :Warp initialized - Version: 1.17.0
2026-09-12T21:57:37.472 DEBUG   :curobo                                  :Warp Devices: ['cpu', 'cuda:0']
2026-09-12T21:57:37.473 INFO    :curobo                                  :Initialized 2 costs for robot rollout
2026-09-12T21:57:37.473 DEBUG   :curobo                                  :Warp initialized - Version: 1.17.0
2026-09-12T21:57:37.473 DEBUG   :curobo                                  :Warp Devices: ['cpu', 'cuda:0']
2026-09-12T21:57:37.473 INFO    :curobo                                  :Initialized 2 costs for robot rollout
2026-09-12T21:57:37.473 INFO    :curobo                                  :Initialized 2 costs for robot rollout
2026-09-12T21:57:37.473 INFO    :curobo                                  :Initialized 2 costs for robot rollout
2026-09-12T21:57:37.474 INFO    :curobo                                  :Updating state_seq buffer reference (created new tensor)
2026-09-12T21:57:37.474 INFO    :curobo                                  :Updating state_seq buffer reference (created new tensor)
2026-09-12T21:57:37.479 DEBUG   :curobo                                  :Warp initialized - Version: 1.17.0
2026-09-12T21:57:37.479 DEBUG   :curobo                                  :Warp Devices: ['cpu', 'cuda:0']
2026-09-12T21:57:37.479 INFO    :curobo                                  :Initialized 3 costs for robot rollout
2026-09-12T21:57:37.479 DEBUG   :curobo                                  :Warp initialized - Version: 1.17.0
2026-09-12T21:57:37.479 DEBUG   :curobo                                  :Warp Devices: ['cpu', 'cuda:0']
2026-09-12T21:57:37.479 INFO    :curobo                                  :Initialized 3 costs for robot rollout
2026-09-12T21:57:37.479 DEBUG   :curobo                                  :Warp initialized - Version: 1.17.0
2026-09-12T21:57:37.479 DEBUG   :curobo                                  :Warp Devices: ['cpu', 'cuda:0']
2026-09-12T21:57:37.480 DEBUG   :curobo                                  :Warp initialized - Version: 1.17.0
2026-09-12T21:57:37.480 DEBUG   :curobo                                  :Warp Devices: ['cpu', 'cuda:0']
2026-09-12T21:57:37.480 INFO    :curobo                                  :Initialized 3 costs for robot rollout
2026-09-12T21:57:37.481 DEBUG   :curobo                                  :Warp initialized - Version: 1.17.0
2026-09-12T21:57:37.481 DEBUG   :curobo                                  :Warp Devices: ['cpu', 'cuda:0']
2026-09-12T21:57:37.481 INFO    :curobo                                  :Initialized 3 costs for robot rollout
2026-09-12T21:57:37.482 DEBUG   :curobo                                  :Warp initialized - Version: 1.17.0
2026-09-12T21:57:37.482 DEBUG   :curobo                                  :Warp Devices: ['cpu', 'cuda:0']
2026-09-12T21:57:37.482 INFO    :curobo                                  :Initialized 3 costs for robot rollout
2026-09-12T21:57:37.482 DEBUG   :curobo                                  :Warp initialized - Version: 1.17.0
2026-09-12T21:57:37.482 DEBUG   :curobo                                  :Warp Devices: ['cpu', 'cuda:0']
2026-09-12T21:57:37.482 DEBUG   :curobo                                  :Warp initialized - Version: 1.17.0
2026-09-12T21:57:37.482 DEBUG   :curobo                                  :Warp Devices: ['cpu', 'cuda:0']
2026-09-12T21:57:37.482 INFO    :curobo                                  :Initialized 3 costs for robot rollout
2026-09-12T21:57:37.484 DEBUG   :curobo                                  :Warp initialized - Version: 1.17.0
2026-09-12T21:57:37.484 DEBUG   :curobo                                  :Warp Devices: ['cpu', 'cuda:0']
2026-09-12T21:57:37.484 INFO    :curobo                                  :Initialized 3 costs for robot rollout
2026-09-12T21:57:37.484 DEBUG   :curobo                                  :Warp initialized - Version: 1.17.0
2026-09-12T21:57:37.484 DEBUG   :curobo                                  :Warp Devices: ['cpu', 'cuda:0']
2026-09-12T21:57:37.484 INFO    :curobo                                  :Initialized 3 costs for robot rollout
2026-09-12T21:57:37.484 DEBUG   :curobo                                  :Warp initialized - Version: 1.17.0
2026-09-12T21:57:37.484 DEBUG   :curobo                                  :Warp Devices: ['cpu', 'cuda:0']
2026-09-12T21:57:37.484 DEBUG   :curobo                                  :Warp initialized - Version: 1.17.0
2026-09-12T21:57:37.484 DEBUG   :curobo                                  :Warp Devices: ['cpu', 'cuda:0']
2026-09-12T21:57:37.484 INFO    :curobo                                  :Initialized 3 costs for robot rollout
2026-09-12T21:57:37.487 DEBUG   :curobo                                  :Cache hit: curobo::kinematics::kinematics_forward_spheres_kernel<15, 32>
2026-09-12T21:57:37.488 INFO    :curobo                                  :exploration_idx.shape != (num_problems, n_linesearch): torch.Size([1, 4]) != (4, 4)
2026-09-12T21:57:37.488 INFO    :curobo                                  :selected_idx.shape != (num_problems, n_linesearch): torch.Size([1, 4]) != (4, 4)
2026-09-12T21:57:37.488 INFO    :curobo                                  :exploration_idx.shape != (num_problems, n_linesearch): torch.Size([1, 4]) != (4, 4)
2026-09-12T21:57:37.488 INFO    :curobo                                  :selected_idx.shape != (num_problems, n_linesearch): torch.Size([1, 4]) != (4, 4)
2026-09-12T21:57:37.488 INFO    :curobo                                  :Updating state_seq buffer reference (created new tensor)
2026-09-12T21:57:37.489 INFO    :curobo                                  :Updating state_seq buffer reference (created new tensor)
2026-09-12T21:57:37.490 INFO    :curobo                                  :Updating state_seq buffer reference (created new tensor)
2026-09-12T21:57:37.490 INFO    :curobo                                  :Updating state_seq buffer reference (created new tensor)
2026-09-12T21:57:37.491 DEBUG   :curobo                                  :Cache hit: curobo::trajectory::bspline::interpolate_bspline_kernel<float, 3, (curobo::trajectory::bspline::BasisBackend)2>
2026-09-12T21:57:37.491 DEBUG   :curobo                                  :Cache hit: curobo::kinematics::kinematics_forward_spheres_kernel<15, 32>
2026-09-12T21:57:37.493 DEBUG   :curobo                                  :Cache hit: curobo::trajectory::bspline::interpolate_bspline_kernel<float, 3, (curobo::trajectory::bspline::BasisBackend)2>
2026-09-12T21:57:37.493 DEBUG   :curobo                                  :Cache hit: curobo::kinematics::kinematics_forward_spheres_kernel<15, 32>
2026-09-12T21:57:37.496 DEBUG   :curobo                                  :Cache hit: curobo::geometry::self_collision::self_collision_max_distance_kernel<false>
2026-09-12T21:57:37.501 DEBUG   :curobo                                  :Cache hit: curobo::kinematics::kinematics_backward_kernel<float, float, 16, true, false, false>
2026-09-12T21:57:37.501 DEBUG   :curobo                                  :Cache hit: curobo::trajectory::bspline::bspline_backward_kernel<3, float, (curobo::trajectory::bspline::BasisBackend)2>
2026-09-12T21:57:37.501 DEBUG   :curobo                                  :Cache hit: curobo::optimization::line_search::kernel_line_search<float, 4>
2026-09-12T21:57:37.502 INFO    :curobo                                  :Running optimizer 1/1: LBFGSOpt
2026-09-12T21:57:37.502 INFO    :curobo                                  :Recording CUDA Graph for _opt_iters
2026-09-12T21:57:37.577 DEBUG   :curobo                                  :Cache hit: curobo::trajectory::bspline::interpolate_bspline_kernel<float, 3, (curobo::trajectory::bspline::BasisBackend)2>
2026-09-12T21:57:37.577 DEBUG   :curobo                                  :Cache hit: curobo::kinematics::kinematics_forward_spheres_kernel<15, 32>
2026-09-12T21:57:37.579 DEBUG   :curobo                                  :Cache hit: curobo::geometry::self_collision::self_collision_max_distance_kernel<false>
2026-09-12T21:57:37.580 DEBUG   :curobo                                  :Cache hit: curobo::kinematics::kinematics_backward_kernel<float, float, 16, true, false, false>
2026-09-12T21:57:37.580 DEBUG   :curobo                                  :Cache hit: curobo::trajectory::bspline::bspline_backward_kernel<3, float, (curobo::trajectory::bspline::BasisBackend)2>
2026-09-12T21:57:37.580 DEBUG   :curobo                                  :Cache hit: curobo::optimization::line_search::kernel_line_search<float, 4>
2026-09-12T21:57:37.581 DEBUG   :curobo                                  :Cache hit: curobo::optimization::kernel_lbfgs_step_shared_memory<float, false, 27>
2026-09-12T21:57:37.581 DEBUG   :curobo                                  :Cache hit: curobo::trajectory::bspline::interpolate_bspline_kernel<float, 3, (curobo::trajectory::bspline::BasisBackend)2>
2026-09-12T21:57:37.581 DEBUG   :curobo                                  :Cache hit: curobo::kinematics::kinematics_forward_spheres_kernel<15, 32>
2026-09-12T21:57:37.582 DEBUG   :curobo                                  :Cache hit: curobo::geometry::self_collision::self_collision_max_distance_kernel<false>
2026-09-12T21:57:37.583 DEBUG   :curobo                                  :Cache hit: curobo::kinematics::kinematics_backward_kernel<float, float, 16, true, false, false>
2026-09-12T21:57:37.583 DEBUG   :curobo                                  :Cache hit: curobo::trajectory::bspline::bspline_backward_kernel<3, float, (curobo::trajectory::bspline::BasisBackend)2>
2026-09-12T21:57:37.583 DEBUG   :curobo                                  :Cache hit: curobo::optimization::line_search::kernel_line_search<float, 4>
2026-09-12T21:57:37.583 DEBUG   :curobo                                  :Cache hit: curobo::optimization::kernel_lbfgs_step_shared_memory<float, false, 27>
2026-09-12T21:57:37.584 DEBUG   :curobo                                  :Cache hit: curobo::trajectory::bspline::interpolate_bspline_kernel<float, 3, (curobo::trajectory::bspline::BasisBackend)2>
2026-09-12T21:57:37.584 DEBUG   :curobo                                  :Cache hit: curobo::kinematics::kinematics_forward_spheres_kernel<15, 32>
2026-09-12T21:57:37.586 DEBUG   :curobo                                  :Cache hit: curobo::geometry::self_collision::self_collision_max_distance_kernel<false>
2026-09-12T21:57:37.587 DEBUG   :curobo                                  :Cache hit: curobo::kinematics::kinematics_backward_kernel<float, float, 16, true, false, false>
2026-09-12T21:57:37.587 DEBUG   :curobo                                  :Cache hit: curobo::trajectory::bspline::bspline_backward_kernel<3, float, (curobo::trajectory::bspline::BasisBackend)2>
2026-09-12T21:57:37.587 DEBUG   :curobo                                  :Cache hit: curobo::optimization::line_search::kernel_line_search<float, 4>
2026-09-12T21:57:37.588 DEBUG   :curobo                                  :Cache hit: curobo::optimization::kernel_lbfgs_step_shared_memory<float, false, 27>
2026-09-12T21:57:37.588 DEBUG   :curobo                                  :Cache hit: curobo::trajectory::bspline::interpolate_bspline_kernel<float, 3, (curobo::trajectory::bspline::BasisBackend)2>
2026-09-12T21:57:37.588 DEBUG   :curobo                                  :Cache hit: curobo::kinematics::kinematics_forward_spheres_kernel<15, 32>
2026-09-12T21:57:37.589 DEBUG   :curobo                                  :Cache hit: curobo::geometry::self_collision::self_collision_max_distance_kernel<false>
2026-09-12T21:57:37.590 DEBUG   :curobo                                  :Cache hit: curobo::kinematics::kinematics_backward_kernel<float, float, 16, true, false, false>
2026-09-12T21:57:37.590 DEBUG   :curobo                                  :Cache hit: curobo::trajectory::bspline::bspline_backward_kernel<3, float, (curobo::trajectory::bspline::BasisBackend)2>
2026-09-12T21:57:37.590 DEBUG   :curobo                                  :Cache hit: curobo::optimization::line_search::kernel_line_search<float, 4>
2026-09-12T21:57:37.591 DEBUG   :curobo                                  :Cache hit: curobo::optimization::kernel_lbfgs_step_shared_memory<float, false, 27>
2026-09-12T21:57:37.591 DEBUG   :curobo                                  :Cache hit: curobo::trajectory::bspline::interpolate_bspline_kernel<float, 3, (curobo::trajectory::bspline::BasisBackend)2>
2026-09-12T21:57:37.591 DEBUG   :curobo                                  :Cache hit: curobo::kinematics::kinematics_forward_spheres_kernel<15, 32>
2026-09-12T21:57:37.592 DEBUG   :curobo                                  :Cache hit: curobo::geometry::self_collision::self_collision_max_distance_kernel<false>
2026-09-12T21:57:37.593 DEBUG   :curobo                                  :Cache hit: curobo::kinematics::kinematics_backward_kernel<float, float, 16, true, false, false>
2026-09-12T21:57:37.593 DEBUG   :curobo                                  :Cache hit: curobo::trajectory::bspline::bspline_backward_kernel<3, float, (curobo::trajectory::bspline::BasisBackend)2>
2026-09-12T21:57:37.594 DEBUG   :curobo                                  :Cache hit: curobo::optimization::line_search::kernel_line_search<float, 4>
2026-09-12T21:57:37.594 DEBUG   :curobo                                  :Cache hit: curobo::optimization::kernel_lbfgs_step_shared_memory<float, false, 27>
2026-09-12T21:57:37.594 DEBUG   :curobo                                  :Cache hit: curobo::trajectory::bspline::interpolate_bspline_kernel<float, 3, (curobo::trajectory::bspline::BasisBackend)2>
2026-09-12T21:57:37.594 DEBUG   :curobo                                  :Cache hit: curobo::kinematics::kinematics_forward_spheres_kernel<15, 32>
2026-09-12T21:57:37.595 DEBUG   :curobo                                  :Cache hit: curobo::geometry::self_collision::self_collision_max_distance_kernel<false>
2026-09-12T21:57:37.596 DEBUG   :curobo                                  :Cache hit: curobo::kinematics::kinematics_backward_kernel<float, float, 16, true, false, false>
2026-09-12T21:57:37.596 DEBUG   :curobo                                  :Cache hit: curobo::trajectory::bspline::bspline_backward_kernel<3, float, (curobo::trajectory::bspline::BasisBackend)2>
2026-09-12T21:57:37.596 DEBUG   :curobo                                  :Cache hit: curobo::optimization::line_search::kernel_line_search<float, 4>
2026-09-12T21:57:37.597 DEBUG   :curobo                                  :Cache hit: curobo::optimization::kernel_lbfgs_step_shared_memory<float, false, 27>
2026-09-12T21:57:37.597 DEBUG   :curobo                                  :Cache hit: curobo::trajectory::bspline::interpolate_bspline_kernel<float, 3, (curobo::trajectory::bspline::BasisBackend)2>
2026-09-12T21:57:37.598 DEBUG   :curobo                                  :Cache hit: curobo::kinematics::kinematics_forward_spheres_kernel<15, 32>
2026-09-12T21:57:37.599 DEBUG   :curobo                                  :Cache hit: curobo::geometry::self_collision::self_collision_max_distance_kernel<false>
2026-09-12T21:57:37.600 DEBUG   :curobo                                  :Cache hit: curobo::kinematics::kinematics_backward_kernel<float, float, 16, true, false, false>
2026-09-12T21:57:37.600 DEBUG   :curobo                                  :Cache hit: curobo::trajectory::bspline::bspline_backward_kernel<3, float, (curobo::trajectory::bspline::BasisBackend)2>
2026-09-12T21:57:37.601 DEBUG   :curobo                                  :Cache hit: curobo::optimization::line_search::kernel_line_search<float, 4>
2026-09-12T21:57:37.601 DEBUG   :curobo                                  :Cache hit: curobo::optimization::kernel_lbfgs_step_shared_memory<float, false, 27>
2026-09-12T21:57:37.602 DEBUG   :curobo                                  :Cache hit: curobo::trajectory::bspline::interpolate_bspline_kernel<float, 3, (curobo::trajectory::bspline::BasisBackend)2>
2026-09-12T21:57:37.602 DEBUG   :curobo                                  :Cache hit: curobo::kinematics::kinematics_forward_spheres_kernel<15, 32>
2026-09-12T21:57:37.604 DEBUG   :curobo                                  :Cache hit: curobo::geometry::self_collision::self_collision_max_distance_kernel<false>
2026-09-12T21:57:37.606 DEBUG   :curobo                                  :Cache hit: curobo::kinematics::kinematics_backward_kernel<float, float, 16, true, false, false>
2026-09-12T21:57:37.606 DEBUG   :curobo                                  :Cache hit: curobo::trajectory::bspline::bspline_backward_kernel<3, float, (curobo::trajectory::bspline::BasisBackend)2>
2026-09-12T21:57:37.606 DEBUG   :curobo                                  :Cache hit: curobo::optimization::line_search::kernel_line_search<float, 4>
2026-09-12T21:57:37.607 DEBUG   :curobo                                  :Cache hit: curobo::optimization::kernel_lbfgs_step_shared_memory<float, false, 27>
2026-09-12T21:57:37.607 DEBUG   :curobo                                  :Cache hit: curobo::trajectory::bspline::interpolate_bspline_kernel<float, 3, (curobo::trajectory::bspline::BasisBackend)2>
2026-09-12T21:57:37.608 DEBUG   :curobo                                  :Cache hit: curobo::kinematics::kinematics_forward_spheres_kernel<15, 32>
2026-09-12T21:57:37.609 DEBUG   :curobo                                  :Cache hit: curobo::geometry::self_collision::self_collision_max_distance_kernel<false>
2026-09-12T21:57:37.610 DEBUG   :curobo                                  :Cache hit: curobo::kinematics::kinematics_backward_kernel<float, float, 16, true, false, false>
2026-09-12T21:57:37.611 DEBUG   :curobo                                  :Cache hit: curobo::trajectory::bspline::bspline_backward_kernel<3, float, (curobo::trajectory::bspline::BasisBackend)2>
2026-09-12T21:57:37.611 DEBUG   :curobo                                  :Cache hit: curobo::optimization::line_search::kernel_line_search<float, 4>
2026-09-12T21:57:37.611 DEBUG   :curobo                                  :Cache hit: curobo::optimization::kernel_lbfgs_step_shared_memory<float, false, 27>
2026-09-12T21:57:37.612 DEBUG   :curobo                                  :Cache hit: curobo::trajectory::bspline::interpolate_bspline_kernel<float, 3, (curobo::trajectory::bspline::BasisBackend)2>
2026-09-12T21:57:37.612 DEBUG   :curobo                                  :Cache hit: curobo::kinematics::kinematics_forward_spheres_kernel<15, 32>
2026-09-12T21:57:37.613 DEBUG   :curobo                                  :Cache hit: curobo::geometry::self_collision::self_collision_max_distance_kernel<false>
2026-09-12T21:57:37.614 DEBUG   :curobo                                  :Cache hit: curobo::kinematics::kinematics_backward_kernel<float, float, 16, true, false, false>
2026-09-12T21:57:37.614 DEBUG   :curobo                                  :Cache hit: curobo::trajectory::bspline::bspline_backward_kernel<3, float, (curobo::trajectory::bspline::BasisBackend)2>
2026-09-12T21:57:37.615 DEBUG   :curobo                                  :Cache hit: curobo::optimization::line_search::kernel_line_search<float, 4>
2026-09-12T21:57:37.615 DEBUG   :curobo                                  :Cache hit: curobo::optimization::kernel_lbfgs_step_shared_memory<float, false, 27>
2026-09-12T21:57:37.615 DEBUG   :curobo                                  :Cache hit: curobo::trajectory::bspline::interpolate_bspline_kernel<float, 3, (curobo::trajectory::bspline::BasisBackend)2>
2026-09-12T21:57:37.615 DEBUG   :curobo                                  :Cache hit: curobo::kinematics::kinematics_forward_spheres_kernel<15, 32>
2026-09-12T21:57:37.616 DEBUG   :curobo                                  :Cache hit: curobo::geometry::self_collision::self_collision_max_distance_kernel<false>
2026-09-12T21:57:37.617 DEBUG   :curobo                                  :Cache hit: curobo::kinematics::kinematics_backward_kernel<float, float, 16, true, false, false>
2026-09-12T21:57:37.617 DEBUG   :curobo                                  :Cache hit: curobo::trajectory::bspline::bspline_backward_kernel<3, float, (curobo::trajectory::bspline::BasisBackend)2>
2026-09-12T21:57:37.617 DEBUG   :curobo                                  :Cache hit: curobo::optimization::line_search::kernel_line_search<float, 4>
2026-09-12T21:57:37.618 DEBUG   :curobo                                  :Cache hit: curobo::optimization::kernel_lbfgs_step_shared_memory<float, false, 27>
2026-09-12T21:57:37.618 DEBUG   :curobo                                  :Cache hit: curobo::trajectory::bspline::interpolate_bspline_kernel<float, 3, (curobo::trajectory::bspline::BasisBackend)2>
2026-09-12T21:57:37.618 DEBUG   :curobo                                  :Cache hit: curobo::kinematics::kinematics_forward_spheres_kernel<15, 32>
2026-09-12T21:57:37.619 DEBUG   :curobo                                  :Cache hit: curobo::geometry::self_collision::self_collision_max_distance_kernel<false>
2026-09-12T21:57:37.620 DEBUG   :curobo                                  :Cache hit: curobo::kinematics::kinematics_backward_kernel<float, float, 16, true, false, false>
2026-09-12T21:57:37.620 DEBUG   :curobo                                  :Cache hit: curobo::trajectory::bspline::bspline_backward_kernel<3, float, (curobo::trajectory::bspline::BasisBackend)2>
2026-09-12T21:57:37.621 DEBUG   :curobo                                  :Cache hit: curobo::optimization::line_search::kernel_line_search<float, 4>
2026-09-12T21:57:37.621 DEBUG   :curobo                                  :Cache hit: curobo::optimization::kernel_lbfgs_step_shared_memory<float, false, 27>
2026-09-12T21:57:37.621 DEBUG   :curobo                                  :Cache hit: curobo::trajectory::bspline::interpolate_bspline_kernel<float, 3, (curobo::trajectory::bspline::BasisBackend)2>
2026-09-12T21:57:37.622 DEBUG   :curobo                                  :Cache hit: curobo::kinematics::kinematics_forward_spheres_kernel<15, 32>
2026-09-12T21:57:37.623 DEBUG   :curobo                                  :Cache hit: curobo::geometry::self_collision::self_collision_max_distance_kernel<false>
2026-09-12T21:57:37.624 DEBUG   :curobo                                  :Cache hit: curobo::kinematics::kinematics_backward_kernel<float, float, 16, true, false, false>
2026-09-12T21:57:37.624 DEBUG   :curobo                                  :Cache hit: curobo::trajectory::bspline::bspline_backward_kernel<3, float, (curobo::trajectory::bspline::BasisBackend)2>
2026-09-12T21:57:37.624 DEBUG   :curobo                                  :Cache hit: curobo::optimization::line_search::kernel_line_search<float, 4>
2026-09-12T21:57:37.624 DEBUG   :curobo                                  :Cache hit: curobo::optimization::kernel_lbfgs_step_shared_memory<float, false, 27>
2026-09-12T21:57:37.625 DEBUG   :curobo                                  :Cache hit: curobo::trajectory::bspline::interpolate_bspline_kernel<float, 3, (curobo::trajectory::bspline::BasisBackend)2>
2026-09-12T21:57:37.625 DEBUG   :curobo                                  :Cache hit: curobo::kinematics::kinematics_forward_spheres_kernel<15, 32>
2026-09-12T21:57:37.626 DEBUG   :curobo                                  :Cache hit: curobo::geometry::self_collision::self_collision_max_distance_kernel<false>
2026-09-12T21:57:37.627 DEBUG   :curobo                                  :Cache hit: curobo::kinematics::kinematics_backward_kernel<float, float, 16, true, false, false>
2026-09-12T21:57:37.627 DEBUG   :curobo                                  :Cache hit: curobo::trajectory::bspline::bspline_backward_kernel<3, float, (curobo::trajectory::bspline::BasisBackend)2>
2026-09-12T21:57:37.628 DEBUG   :curobo                                  :Cache hit: curobo::optimization::line_search::kernel_line_search<float, 4>
2026-09-12T21:57:37.628 DEBUG   :curobo                                  :Cache hit: curobo::optimization::kernel_lbfgs_step_shared_memory<float, false, 27>
2026-09-12T21:57:37.628 DEBUG   :curobo                                  :Cache hit: curobo::trajectory::bspline::interpolate_bspline_kernel<float, 3, (curobo::trajectory::bspline::BasisBackend)2>
2026-09-12T21:57:37.628 DEBUG   :curobo                                  :Cache hit: curobo::kinematics::kinematics_forward_spheres_kernel<15, 32>
2026-09-12T21:57:37.629 DEBUG   :curobo                                  :Cache hit: curobo::geometry::self_collision::self_collision_max_distance_kernel<false>
2026-09-12T21:57:37.630 DEBUG   :curobo                                  :Cache hit: curobo::kinematics::kinematics_backward_kernel<float, float, 16, true, false, false>
2026-09-12T21:57:37.630 DEBUG   :curobo                                  :Cache hit: curobo::trajectory::bspline::bspline_backward_kernel<3, float, (curobo::trajectory::bspline::BasisBackend)2>
2026-09-12T21:57:37.631 DEBUG   :curobo                                  :Cache hit: curobo::optimization::line_search::kernel_line_search<float, 4>
2026-09-12T21:57:37.631 DEBUG   :curobo                                  :Cache hit: curobo::optimization::kernel_lbfgs_step_shared_memory<float, false, 27>
2026-09-12T21:57:37.631 DEBUG   :curobo                                  :Cache hit: curobo::trajectory::bspline::interpolate_bspline_kernel<float, 3, (curobo::trajectory::bspline::BasisBackend)2>
2026-09-12T21:57:37.631 DEBUG   :curobo                                  :Cache hit: curobo::kinematics::kinematics_forward_spheres_kernel<15, 32>
2026-09-12T21:57:37.632 DEBUG   :curobo                                  :Cache hit: curobo::geometry::self_collision::self_collision_max_distance_kernel<false>
2026-09-12T21:57:37.633 DEBUG   :curobo                                  :Cache hit: curobo::kinematics::kinematics_backward_kernel<float, float, 16, true, false, false>
2026-09-12T21:57:37.633 DEBUG   :curobo                                  :Cache hit: curobo::trajectory::bspline::bspline_backward_kernel<3, float, (curobo::trajectory::bspline::BasisBackend)2>
2026-09-12T21:57:37.633 DEBUG   :curobo                                  :Cache hit: curobo::optimization::line_search::kernel_line_search<float, 4>
2026-09-12T21:57:37.633 DEBUG   :curobo                                  :Cache hit: curobo::optimization::kernel_lbfgs_step_shared_memory<float, false, 27>
2026-09-12T21:57:37.634 DEBUG   :curobo                                  :Cache hit: curobo::trajectory::bspline::interpolate_bspline_kernel<float, 3, (curobo::trajectory::bspline::BasisBackend)2>
2026-09-12T21:57:37.634 DEBUG   :curobo                                  :Cache hit: curobo::kinematics::kinematics_forward_spheres_kernel<15, 32>
2026-09-12T21:57:37.635 DEBUG   :curobo                                  :Cache hit: curobo::geometry::self_collision::self_collision_max_distance_kernel<false>
2026-09-12T21:57:37.635 DEBUG   :curobo                                  :Cache hit: curobo::kinematics::kinematics_backward_kernel<float, float, 16, true, false, false>
2026-09-12T21:57:37.636 DEBUG   :curobo                                  :Cache hit: curobo::trajectory::bspline::bspline_backward_kernel<3, float, (curobo::trajectory::bspline::BasisBackend)2>
2026-09-12T21:57:37.636 DEBUG   :curobo                                  :Cache hit: curobo::optimization::line_search::kernel_line_search<float, 4>
2026-09-12T21:57:37.636 DEBUG   :curobo                                  :Cache hit: curobo::optimization::kernel_lbfgs_step_shared_memory<float, false, 27>
2026-09-12T21:57:37.637 DEBUG   :curobo                                  :Cache hit: curobo::trajectory::bspline::interpolate_bspline_kernel<float, 3, (curobo::trajectory::bspline::BasisBackend)2>
2026-09-12T21:57:37.637 DEBUG   :curobo                                  :Cache hit: curobo::kinematics::kinematics_forward_spheres_kernel<15, 32>
2026-09-12T21:57:37.638 DEBUG   :curobo                                  :Cache hit: curobo::geometry::self_collision::self_collision_max_distance_kernel<false>
2026-09-12T21:57:37.639 DEBUG   :curobo                                  :Cache hit: curobo::kinematics::kinematics_backward_kernel<float, float, 16, true, false, false>
2026-09-12T21:57:37.639 DEBUG   :curobo                                  :Cache hit: curobo::trajectory::bspline::bspline_backward_kernel<3, float, (curobo::trajectory::bspline::BasisBackend)2>
2026-09-12T21:57:37.640 DEBUG   :curobo                                  :Cache hit: curobo::optimization::line_search::kernel_line_search<float, 4>
2026-09-12T21:57:37.640 DEBUG   :curobo                                  :Cache hit: curobo::optimization::kernel_lbfgs_step_shared_memory<float, false, 27>
2026-09-12T21:57:37.640 DEBUG   :curobo                                  :Cache hit: curobo::trajectory::bspline::interpolate_bspline_kernel<float, 3, (curobo::trajectory::bspline::BasisBackend)2>
2026-09-12T21:57:37.641 DEBUG   :curobo                                  :Cache hit: curobo::kinematics::kinematics_forward_spheres_kernel<15, 32>
2026-09-12T21:57:37.642 DEBUG   :curobo                                  :Cache hit: curobo::geometry::self_collision::self_collision_max_distance_kernel<false>
2026-09-12T21:57:37.642 DEBUG   :curobo                                  :Cache hit: curobo::kinematics::kinematics_backward_kernel<float, float, 16, true, false, false>
2026-09-12T21:57:37.643 DEBUG   :curobo                                  :Cache hit: curobo::trajectory::bspline::bspline_backward_kernel<3, float, (curobo::trajectory::bspline::BasisBackend)2>
2026-09-12T21:57:37.643 DEBUG   :curobo                                  :Cache hit: curobo::optimization::line_search::kernel_line_search<float, 4>
2026-09-12T21:57:37.643 DEBUG   :curobo                                  :Cache hit: curobo::optimization::kernel_lbfgs_step_shared_memory<float, false, 27>
2026-09-12T21:57:37.643 DEBUG   :curobo                                  :Cache hit: curobo::trajectory::bspline::interpolate_bspline_kernel<float, 3, (curobo::trajectory::bspline::BasisBackend)2>
2026-09-12T21:57:37.644 DEBUG   :curobo                                  :Cache hit: curobo::kinematics::kinematics_forward_spheres_kernel<15, 32>
2026-09-12T21:57:37.644 DEBUG   :curobo                                  :Cache hit: curobo::geometry::self_collision::self_collision_max_distance_kernel<false>
2026-09-12T21:57:37.645 DEBUG   :curobo                                  :Cache hit: curobo::kinematics::kinematics_backward_kernel<float, float, 16, true, false, false>
2026-09-12T21:57:37.645 DEBUG   :curobo                                  :Cache hit: curobo::trajectory::bspline::bspline_backward_kernel<3, float, (curobo::trajectory::bspline::BasisBackend)2>
2026-09-12T21:57:37.645 DEBUG   :curobo                                  :Cache hit: curobo::optimization::line_search::kernel_line_search<float, 4>
2026-09-12T21:57:37.645 DEBUG   :curobo                                  :Cache hit: curobo::optimization::kernel_lbfgs_step_shared_memory<float, false, 27>
2026-09-12T21:57:37.646 DEBUG   :curobo                                  :Cache hit: curobo::trajectory::bspline::interpolate_bspline_kernel<float, 3, (curobo::trajectory::bspline::BasisBackend)2>
2026-09-12T21:57:37.646 DEBUG   :curobo                                  :Cache hit: curobo::kinematics::kinematics_forward_spheres_kernel<15, 32>
2026-09-12T21:57:37.647 DEBUG   :curobo                                  :Cache hit: curobo::geometry::self_collision::self_collision_max_distance_kernel<false>
2026-09-12T21:57:37.647 DEBUG   :curobo                                  :Cache hit: curobo::kinematics::kinematics_backward_kernel<float, float, 16, true, false, false>
2026-09-12T21:57:37.647 DEBUG   :curobo                                  :Cache hit: curobo::trajectory::bspline::bspline_backward_kernel<3, float, (curobo::trajectory::bspline::BasisBackend)2>
2026-09-12T21:57:37.647 DEBUG   :curobo                                  :Cache hit: curobo::optimization::line_search::kernel_line_search<float, 4>
2026-09-12T21:57:37.648 DEBUG   :curobo                                  :Cache hit: curobo::optimization::kernel_lbfgs_step_shared_memory<float, false, 27>
2026-09-12T21:57:37.648 DEBUG   :curobo                                  :Cache hit: curobo::trajectory::bspline::interpolate_bspline_kernel<float, 3, (curobo::trajectory::bspline::BasisBackend)2>
2026-09-12T21:57:37.648 DEBUG   :curobo                                  :Cache hit: curobo::kinematics::kinematics_forward_spheres_kernel<15, 32>
2026-09-12T21:57:37.649 DEBUG   :curobo                                  :Cache hit: curobo::geometry::self_collision::self_collision_max_distance_kernel<false>
2026-09-12T21:57:37.649 DEBUG   :curobo                                  :Cache hit: curobo::kinematics::kinematics_backward_kernel<float, float, 16, true, false, false>
2026-09-12T21:57:37.650 DEBUG   :curobo                                  :Cache hit: curobo::trajectory::bspline::bspline_backward_kernel<3, float, (curobo::trajectory::bspline::BasisBackend)2>
2026-09-12T21:57:37.650 DEBUG   :curobo                                  :Cache hit: curobo::optimization::line_search::kernel_line_search<float, 4>
2026-09-12T21:57:37.650 DEBUG   :curobo                                  :Cache hit: curobo::optimization::kernel_lbfgs_step_shared_memory<float, false, 27>
2026-09-12T21:57:37.650 DEBUG   :curobo                                  :Cache hit: curobo::trajectory::bspline::interpolate_bspline_kernel<float, 3, (curobo::trajectory::bspline::BasisBackend)2>
2026-09-12T21:57:37.651 DEBUG   :curobo                                  :Cache hit: curobo::kinematics::kinematics_forward_spheres_kernel<15, 32>
2026-09-12T21:57:37.651 DEBUG   :curobo                                  :Cache hit: curobo::geometry::self_collision::self_collision_max_distance_kernel<false>
2026-09-12T21:57:37.652 DEBUG   :curobo                                  :Cache hit: curobo::kinematics::kinematics_backward_kernel<float, float, 16, true, false, false>
2026-09-12T21:57:37.652 DEBUG   :curobo                                  :Cache hit: curobo::trajectory::bspline::bspline_backward_kernel<3, float, (curobo::trajectory::bspline::BasisBackend)2>
2026-09-12T21:57:37.653 DEBUG   :curobo                                  :Cache hit: curobo::optimization::line_search::kernel_line_search<float, 4>
2026-09-12T21:57:37.653 DEBUG   :curobo                                  :Cache hit: curobo::optimization::kernel_lbfgs_step_shared_memory<float, false, 27>
2026-09-12T21:57:37.653 DEBUG   :curobo                                  :Cache hit: curobo::trajectory::bspline::interpolate_bspline_kernel<float, 3, (curobo::trajectory::bspline::BasisBackend)2>
2026-09-12T21:57:37.653 DEBUG   :curobo                                  :Cache hit: curobo::kinematics::kinematics_forward_spheres_kernel<15, 32>
2026-09-12T21:57:37.654 DEBUG   :curobo                                  :Cache hit: curobo::geometry::self_collision::self_collision_max_distance_kernel<false>
2026-09-12T21:57:37.655 DEBUG   :curobo                                  :Cache hit: curobo::kinematics::kinematics_backward_kernel<float, float, 16, true, false, false>
2026-09-12T21:57:37.655 DEBUG   :curobo                                  :Cache hit: curobo::trajectory::bspline::bspline_backward_kernel<3, float, (curobo::trajectory::bspline::BasisBackend)2>
2026-09-12T21:57:37.656 DEBUG   :curobo                                  :Cache hit: curobo::optimization::line_search::kernel_line_search<float, 4>
2026-09-12T21:57:37.656 DEBUG   :curobo                                  :Cache hit: curobo::optimization::kernel_lbfgs_step_shared_memory<float, false, 27>
2026-09-12T21:57:37.656 DEBUG   :curobo                                  :Cache hit: curobo::trajectory::bspline::interpolate_bspline_kernel<float, 3, (curobo::trajectory::bspline::BasisBackend)2>
2026-09-12T21:57:37.657 DEBUG   :curobo                                  :Cache hit: curobo::kinematics::kinematics_forward_spheres_kernel<15, 32>
2026-09-12T21:57:37.658 DEBUG   :curobo                                  :Cache hit: curobo::geometry::self_collision::self_collision_max_distance_kernel<false>
2026-09-12T21:57:37.659 DEBUG   :curobo                                  :Cache hit: curobo::kinematics::kinematics_backward_kernel<float, float, 16, true, false, false>
2026-09-12T21:57:37.659 DEBUG   :curobo                                  :Cache hit: curobo::trajectory::bspline::bspline_backward_kernel<3, float, (curobo::trajectory::bspline::BasisBackend)2>
2026-09-12T21:57:37.659 DEBUG   :curobo                                  :Cache hit: curobo::optimization::line_search::kernel_line_search<float, 4>
2026-09-12T21:57:37.659 DEBUG   :curobo                                  :Cache hit: curobo::optimization::kernel_lbfgs_step_shared_memory<float, false, 27>
2026-09-12T21:57:37.660 DEBUG   :curobo                                  :Cache hit: curobo::trajectory::bspline::interpolate_bspline_kernel<float, 3, (curobo::trajectory::bspline::BasisBackend)2>
2026-09-12T21:57:37.660 DEBUG   :curobo                                  :Cache hit: curobo::kinematics::kinematics_forward_spheres_kernel<15, 32>
2026-09-12T21:57:37.661 DEBUG   :curobo                                  :Cache hit: curobo::geometry::self_collision::self_collision_max_distance_kernel<false>
2026-09-12T21:57:37.662 DEBUG   :curobo                                  :Cache hit: curobo::kinematics::kinematics_backward_kernel<float, float, 16, true, false, false>
2026-09-12T21:57:37.662 DEBUG   :curobo                                  :Cache hit: curobo::trajectory::bspline::bspline_backward_kernel<3, float, (curobo::trajectory::bspline::BasisBackend)2>
2026-09-12T21:57:37.662 DEBUG   :curobo                                  :Cache hit: curobo::optimization::line_search::kernel_line_search<float, 4>
2026-09-12T21:57:37.662 DEBUG   :curobo                                  :Cache hit: curobo::optimization::kernel_lbfgs_step_shared_memory<float, false, 27>
2026-09-12T21:57:37.663 DEBUG   :curobo                                  :Cache hit: curobo::trajectory::bspline::interpolate_bspline_kernel<float, 3, (curobo::trajectory::bspline::BasisBackend)2>
2026-09-12T21:57:37.663 DEBUG   :curobo                                  :Cache hit: curobo::kinematics::kinematics_forward_spheres_kernel<15, 32>
2026-09-12T21:57:37.663 DEBUG   :curobo                                  :Cache hit: curobo::geometry::self_collision::self_collision_max_distance_kernel<false>
2026-09-12T21:57:37.664 DEBUG   :curobo                                  :Cache hit: curobo::kinematics::kinematics_backward_kernel<float, float, 16, true, false, false>
2026-09-12T21:57:37.664 DEBUG   :curobo                                  :Cache hit: curobo::trajectory::bspline::bspline_backward_kernel<3, float, (curobo::trajectory::bspline::BasisBackend)2>
2026-09-12T21:57:37.664 DEBUG   :curobo                                  :Cache hit: curobo::optimization::line_search::kernel_line_search<float, 4>
2026-09-12T21:57:37.665 DEBUG   :curobo                                  :Cache hit: curobo::optimization::kernel_lbfgs_step_shared_memory<float, false, 27>
2026-09-12T21:57:37.665 DEBUG   :curobo                                  :Cache hit: curobo::trajectory::bspline::interpolate_bspline_kernel<float, 3, (curobo::trajectory::bspline::BasisBackend)2>
2026-09-12T21:57:37.665 DEBUG   :curobo                                  :Cache hit: curobo::kinematics::kinematics_forward_spheres_kernel<15, 32>
2026-09-12T21:57:37.666 DEBUG   :curobo                                  :Cache hit: curobo::geometry::self_collision::self_collision_max_distance_kernel<false>
2026-09-12T21:57:37.666 DEBUG   :curobo                                  :Cache hit: curobo::kinematics::kinematics_backward_kernel<float, float, 16, true, false, false>
2026-09-12T21:57:37.667 DEBUG   :curobo                                  :Cache hit: curobo::trajectory::bspline::bspline_backward_kernel<3, float, (curobo::trajectory::bspline::BasisBackend)2>
2026-09-12T21:57:37.667 DEBUG   :curobo                                  :Cache hit: curobo::optimization::line_search::kernel_line_search<float, 4>
2026-09-12T21:57:37.667 DEBUG   :curobo                                  :Cache hit: curobo::optimization::kernel_lbfgs_step_shared_memory<float, false, 27>
2026-09-12T21:57:37.668 DEBUG   :curobo                                  :Cache hit: curobo::trajectory::bspline::interpolate_bspline_kernel<float, 3, (curobo::trajectory::bspline::BasisBackend)2>
2026-09-12T21:57:37.668 DEBUG   :curobo                                  :Cache hit: curobo::kinematics::kinematics_forward_spheres_kernel<15, 32>
2026-09-12T21:57:37.670 DEBUG   :curobo                                  :Cache hit: curobo::geometry::self_collision::self_collision_max_distance_kernel<false>
2026-09-12T21:57:37.671 DEBUG   :curobo                                  :Cache hit: curobo::kinematics::kinematics_backward_kernel<float, float, 16, true, false, false>
2026-09-12T21:57:37.672 DEBUG   :curobo                                  :Cache hit: curobo::trajectory::bspline::bspline_backward_kernel<3, float, (curobo::trajectory::bspline::BasisBackend)2>
2026-09-12T21:57:37.672 DEBUG   :curobo                                  :Cache hit: curobo::optimization::line_search::kernel_line_search<float, 4>
2026-09-12T21:57:37.672 DEBUG   :curobo                                  :Cache hit: curobo::optimization::kernel_lbfgs_step_shared_memory<float, false, 27>
2026-09-12T21:57:37.673 DEBUG   :curobo                                  :Cache hit: curobo::trajectory::bspline::interpolate_bspline_kernel<float, 3, (curobo::trajectory::bspline::BasisBackend)2>
2026-09-12T21:57:37.673 DEBUG   :curobo                                  :Cache hit: curobo::kinematics::kinematics_forward_spheres_kernel<15, 32>
2026-09-12T21:57:37.675 DEBUG   :curobo                                  :Cache hit: curobo::geometry::self_collision::self_collision_max_distance_kernel<false>
2026-09-12T21:57:37.676 DEBUG   :curobo                                  :Cache hit: curobo::kinematics::kinematics_backward_kernel<float, float, 16, true, false, false>
2026-09-12T21:57:37.677 DEBUG   :curobo                                  :Cache hit: curobo::trajectory::bspline::bspline_backward_kernel<3, float, (curobo::trajectory::bspline::BasisBackend)2>
2026-09-12T21:57:37.677 DEBUG   :curobo                                  :Cache hit: curobo::optimization::line_search::kernel_line_search<float, 4>
2026-09-12T21:57:37.678 DEBUG   :curobo                                  :Cache hit: curobo::optimization::kernel_lbfgs_step_shared_memory<float, false, 27>
2026-09-12T21:57:37.678 DEBUG   :curobo                                  :Cache hit: curobo::trajectory::bspline::interpolate_bspline_kernel<float, 3, (curobo::trajectory::bspline::BasisBackend)2>
2026-09-12T21:57:37.679 DEBUG   :curobo                                  :Cache hit: curobo::kinematics::kinematics_forward_spheres_kernel<15, 32>
2026-09-12T21:57:37.680 DEBUG   :curobo                                  :Cache hit: curobo::geometry::self_collision::self_collision_max_distance_kernel<false>
2026-09-12T21:57:37.680 DEBUG   :curobo                                  :Cache hit: curobo::kinematics::kinematics_backward_kernel<float, float, 16, true, false, false>
2026-09-12T21:57:37.681 DEBUG   :curobo                                  :Cache hit: curobo::trajectory::bspline::bspline_backward_kernel<3, float, (curobo::trajectory::bspline::BasisBackend)2>
2026-09-12T21:57:37.681 DEBUG   :curobo                                  :Cache hit: curobo::optimization::line_search::kernel_line_search<float, 4>
2026-09-12T21:57:37.681 DEBUG   :curobo                                  :Cache hit: curobo::optimization::kernel_lbfgs_step_shared_memory<float, false, 27>
2026-09-12T21:57:37.681 DEBUG   :curobo                                  :Cache hit: curobo::trajectory::bspline::interpolate_bspline_kernel<float, 3, (curobo::trajectory::bspline::BasisBackend)2>
2026-09-12T21:57:37.681 DEBUG   :curobo                                  :Cache hit: curobo::kinematics::kinematics_forward_spheres_kernel<15, 32>
2026-09-12T21:57:37.682 DEBUG   :curobo                                  :Cache hit: curobo::geometry::self_collision::self_collision_max_distance_kernel<false>
2026-09-12T21:57:37.683 DEBUG   :curobo                                  :Cache hit: curobo::kinematics::kinematics_backward_kernel<float, float, 16, true, false, false>
2026-09-12T21:57:37.683 DEBUG   :curobo                                  :Cache hit: curobo::trajectory::bspline::bspline_backward_kernel<3, float, (curobo::trajectory::bspline::BasisBackend)2>
2026-09-12T21:57:37.684 DEBUG   :curobo                                  :Cache hit: curobo::optimization::line_search::kernel_line_search<float, 4>
2026-09-12T21:57:37.684 DEBUG   :curobo                                  :Cache hit: curobo::optimization::kernel_lbfgs_step_shared_memory<float, false, 27>
2026-09-12T21:57:37.684 DEBUG   :curobo                                  :Cache hit: curobo::trajectory::bspline::interpolate_bspline_kernel<float, 3, (curobo::trajectory::bspline::BasisBackend)2>
2026-09-12T21:57:37.685 DEBUG   :curobo                                  :Cache hit: curobo::kinematics::kinematics_forward_spheres_kernel<15, 32>
2026-09-12T21:57:37.685 DEBUG   :curobo                                  :Cache hit: curobo::geometry::self_collision::self_collision_max_distance_kernel<false>
2026-09-12T21:57:37.686 DEBUG   :curobo                                  :Cache hit: curobo::kinematics::kinematics_backward_kernel<float, float, 16, true, false, false>
2026-09-12T21:57:37.686 DEBUG   :curobo                                  :Cache hit: curobo::trajectory::bspline::bspline_backward_kernel<3, float, (curobo::trajectory::bspline::BasisBackend)2>
2026-09-12T21:57:37.687 DEBUG   :curobo                                  :Cache hit: curobo::optimization::line_search::kernel_line_search<float, 4>
2026-09-12T21:57:37.687 DEBUG   :curobo                                  :Cache hit: curobo::optimization::kernel_lbfgs_step_shared_memory<float, false, 27>
2026-09-12T21:57:37.687 DEBUG   :curobo                                  :Cache hit: curobo::trajectory::bspline::interpolate_bspline_kernel<float, 3, (curobo::trajectory::bspline::BasisBackend)2>
2026-09-12T21:57:37.687 DEBUG   :curobo                                  :Cache hit: curobo::kinematics::kinematics_forward_spheres_kernel<15, 32>
2026-09-12T21:57:37.688 DEBUG   :curobo                                  :Cache hit: curobo::geometry::self_collision::self_collision_max_distance_kernel<false>
2026-09-12T21:57:37.689 DEBUG   :curobo                                  :Cache hit: curobo::kinematics::kinematics_backward_kernel<float, float, 16, true, false, false>
2026-09-12T21:57:37.689 DEBUG   :curobo                                  :Cache hit: curobo::trajectory::bspline::bspline_backward_kernel<3, float, (curobo::trajectory::bspline::BasisBackend)2>
2026-09-12T21:57:37.690 DEBUG   :curobo                                  :Cache hit: curobo::optimization::line_search::kernel_line_search<float, 4>
2026-09-12T21:57:37.690 DEBUG   :curobo                                  :Cache hit: curobo::optimization::kernel_lbfgs_step_shared_memory<float, false, 27>
2026-09-12T21:57:37.690 DEBUG   :curobo                                  :Cache hit: curobo::trajectory::bspline::interpolate_bspline_kernel<float, 3, (curobo::trajectory::bspline::BasisBackend)2>
2026-09-12T21:57:37.691 DEBUG   :curobo                                  :Cache hit: curobo::kinematics::kinematics_forward_spheres_kernel<15, 32>
2026-09-12T21:57:37.691 DEBUG   :curobo                                  :Cache hit: curobo::geometry::self_collision::self_collision_max_distance_kernel<false>
2026-09-12T21:57:37.692 DEBUG   :curobo                                  :Cache hit: curobo::kinematics::kinematics_backward_kernel<float, float, 16, true, false, false>
2026-09-12T21:57:37.692 DEBUG   :curobo                                  :Cache hit: curobo::trajectory::bspline::bspline_backward_kernel<3, float, (curobo::trajectory::bspline::BasisBackend)2>
2026-09-12T21:57:37.693 DEBUG   :curobo                                  :Cache hit: curobo::optimization::line_search::kernel_line_search<float, 4>
2026-09-12T21:57:37.693 DEBUG   :curobo                                  :Cache hit: curobo::optimization::kernel_lbfgs_step_shared_memory<float, false, 27>
2026-09-12T21:57:37.693 DEBUG   :curobo                                  :Cache hit: curobo::trajectory::bspline::interpolate_bspline_kernel<float, 3, (curobo::trajectory::bspline::BasisBackend)2>
2026-09-12T21:57:37.694 DEBUG   :curobo                                  :Cache hit: curobo::kinematics::kinematics_forward_spheres_kernel<15, 32>
2026-09-12T21:57:37.694 DEBUG   :curobo                                  :Cache hit: curobo::geometry::self_collision::self_collision_max_distance_kernel<false>
2026-09-12T21:57:37.695 DEBUG   :curobo                                  :Cache hit: curobo::kinematics::kinematics_backward_kernel<float, float, 16, true, false, false>
2026-09-12T21:57:37.695 DEBUG   :curobo                                  :Cache hit: curobo::trajectory::bspline::bspline_backward_kernel<3, float, (curobo::trajectory::bspline::BasisBackend)2>
2026-09-12T21:57:37.695 DEBUG   :curobo                                  :Cache hit: curobo::optimization::line_search::kernel_line_search<float, 4>
2026-09-12T21:57:37.695 DEBUG   :curobo                                  :Cache hit: curobo::optimization::kernel_lbfgs_step_shared_memory<float, false, 27>
2026-09-12T21:57:37.696 DEBUG   :curobo                                  :Cache hit: curobo::trajectory::bspline::interpolate_bspline_kernel<float, 3, (curobo::trajectory::bspline::BasisBackend)2>
2026-09-12T21:57:37.696 DEBUG   :curobo                                  :Cache hit: curobo::kinematics::kinematics_forward_spheres_kernel<15, 32>
2026-09-12T21:57:37.696 DEBUG   :curobo                                  :Cache hit: curobo::geometry::self_collision::self_collision_max_distance_kernel<false>
2026-09-12T21:57:37.697 DEBUG   :curobo                                  :Cache hit: curobo::kinematics::kinematics_backward_kernel<float, float, 16, true, false, false>
2026-09-12T21:57:37.697 DEBUG   :curobo                                  :Cache hit: curobo::trajectory::bspline::bspline_backward_kernel<3, float, (curobo::trajectory::bspline::BasisBackend)2>
2026-09-12T21:57:37.697 DEBUG   :curobo                                  :Cache hit: curobo::optimization::line_search::kernel_line_search<float, 4>
2026-09-12T21:57:37.698 DEBUG   :curobo                                  :Cache hit: curobo::optimization::kernel_lbfgs_step_shared_memory<float, false, 27>
2026-09-12T21:57:37.698 DEBUG   :curobo                                  :Cache hit: curobo::trajectory::bspline::interpolate_bspline_kernel<float, 3, (curobo::trajectory::bspline::BasisBackend)2>
2026-09-12T21:57:37.698 DEBUG   :curobo                                  :Cache hit: curobo::kinematics::kinematics_forward_spheres_kernel<15, 32>
2026-09-12T21:57:37.699 DEBUG   :curobo                                  :Cache hit: curobo::geometry::self_collision::self_collision_max_distance_kernel<false>
2026-09-12T21:57:37.700 DEBUG   :curobo                                  :Cache hit: curobo::kinematics::kinematics_backward_kernel<float, float, 16, true, false, false>
2026-09-12T21:57:37.700 DEBUG   :curobo                                  :Cache hit: curobo::trajectory::bspline::bspline_backward_kernel<3, float, (curobo::trajectory::bspline::BasisBackend)2>
2026-09-12T21:57:37.700 DEBUG   :curobo                                  :Cache hit: curobo::optimization::line_search::kernel_line_search<float, 4>
2026-09-12T21:57:37.700 DEBUG   :curobo                                  :Cache hit: curobo::optimization::kernel_lbfgs_step_shared_memory<float, false, 27>
2026-09-12T21:57:37.701 DEBUG   :curobo                                  :Cache hit: curobo::trajectory::bspline::interpolate_bspline_kernel<float, 3, (curobo::trajectory::bspline::BasisBackend)2>
2026-09-12T21:57:37.701 DEBUG   :curobo                                  :Cache hit: curobo::kinematics::kinematics_forward_spheres_kernel<15, 32>
2026-09-12T21:57:37.702 DEBUG   :curobo                                  :Cache hit: curobo::geometry::self_collision::self_collision_max_distance_kernel<false>
2026-09-12T21:57:37.702 DEBUG   :curobo                                  :Cache hit: curobo::kinematics::kinematics_backward_kernel<float, float, 16, true, false, false>
2026-09-12T21:57:37.702 DEBUG   :curobo                                  :Cache hit: curobo::trajectory::bspline::bspline_backward_kernel<3, float, (curobo::trajectory::bspline::BasisBackend)2>
2026-09-12T21:57:37.703 DEBUG   :curobo                                  :Cache hit: curobo::optimization::line_search::kernel_line_search<float, 4>
2026-09-12T21:57:37.703 DEBUG   :curobo                                  :Cache hit: curobo::optimization::kernel_lbfgs_step_shared_memory<float, false, 27>
2026-09-12T21:57:37.703 DEBUG   :curobo                                  :Cache hit: curobo::trajectory::bspline::interpolate_bspline_kernel<float, 3, (curobo::trajectory::bspline::BasisBackend)2>
2026-09-12T21:57:37.703 DEBUG   :curobo                                  :Cache hit: curobo::kinematics::kinematics_forward_spheres_kernel<15, 32>
2026-09-12T21:57:37.704 DEBUG   :curobo                                  :Cache hit: curobo::geometry::self_collision::self_collision_max_distance_kernel<false>
2026-09-12T21:57:37.705 DEBUG   :curobo                                  :Cache hit: curobo::kinematics::kinematics_backward_kernel<float, float, 16, true, false, false>
2026-09-12T21:57:37.705 DEBUG   :curobo                                  :Cache hit: curobo::trajectory::bspline::bspline_backward_kernel<3, float, (curobo::trajectory::bspline::BasisBackend)2>
2026-09-12T21:57:37.706 DEBUG   :curobo                                  :Cache hit: curobo::optimization::line_search::kernel_line_search<float, 4>
2026-09-12T21:57:37.706 DEBUG   :curobo                                  :Cache hit: curobo::optimization::kernel_lbfgs_step_shared_memory<float, false, 27>
2026-09-12T21:57:37.706 DEBUG   :curobo                                  :Cache hit: curobo::trajectory::bspline::interpolate_bspline_kernel<float, 3, (curobo::trajectory::bspline::BasisBackend)2>
2026-09-12T21:57:37.706 DEBUG   :curobo                                  :Cache hit: curobo::kinematics::kinematics_forward_spheres_kernel<15, 32>
2026-09-12T21:57:37.707 DEBUG   :curobo                                  :Cache hit: curobo::geometry::self_collision::self_collision_max_distance_kernel<false>
2026-09-12T21:57:37.708 DEBUG   :curobo                                  :Cache hit: curobo::kinematics::kinematics_backward_kernel<float, float, 16, true, false, false>
2026-09-12T21:57:37.709 DEBUG   :curobo                                  :Cache hit: curobo::trajectory::bspline::bspline_backward_kernel<3, float, (curobo::trajectory::bspline::BasisBackend)2>
2026-09-12T21:57:37.709 DEBUG   :curobo                                  :Cache hit: curobo::optimization::line_search::kernel_line_search<float, 4>
2026-09-12T21:57:37.709 DEBUG   :curobo                                  :Cache hit: curobo::optimization::kernel_lbfgs_step_shared_memory<float, false, 27>
2026-09-12T21:57:37.710 DEBUG   :curobo                                  :Cache hit: curobo::trajectory::bspline::interpolate_bspline_kernel<float, 3, (curobo::trajectory::bspline::BasisBackend)2>
2026-09-12T21:57:37.710 DEBUG   :curobo                                  :Cache hit: curobo::kinematics::kinematics_forward_spheres_kernel<15, 32>
2026-09-12T21:57:37.711 DEBUG   :curobo                                  :Cache hit: curobo::geometry::self_collision::self_collision_max_distance_kernel<false>
2026-09-12T21:57:37.711 DEBUG   :curobo                                  :Cache hit: curobo::kinematics::kinematics_backward_kernel<float, float, 16, true, false, false>
2026-09-12T21:57:37.712 DEBUG   :curobo                                  :Cache hit: curobo::trajectory::bspline::bspline_backward_kernel<3, float, (curobo::trajectory::bspline::BasisBackend)2>
2026-09-12T21:57:37.712 DEBUG   :curobo                                  :Cache hit: curobo::optimization::line_search::kernel_line_search<float, 4>
2026-09-12T21:57:37.712 DEBUG   :curobo                                  :Cache hit: curobo::optimization::kernel_lbfgs_step_shared_memory<float, false, 27>
2026-09-12T21:57:37.713 DEBUG   :curobo                                  :Cache hit: curobo::trajectory::bspline::interpolate_bspline_kernel<float, 3, (curobo::trajectory::bspline::BasisBackend)2>
2026-09-12T21:57:37.713 DEBUG   :curobo                                  :Cache hit: curobo::kinematics::kinematics_forward_spheres_kernel<15, 32>
2026-09-12T21:57:37.714 DEBUG   :curobo                                  :Cache hit: curobo::geometry::self_collision::self_collision_max_distance_kernel<false>
2026-09-12T21:57:37.714 DEBUG   :curobo                                  :Cache hit: curobo::kinematics::kinematics_backward_kernel<float, float, 16, true, false, false>
2026-09-12T21:57:37.714 DEBUG   :curobo                                  :Cache hit: curobo::trajectory::bspline::bspline_backward_kernel<3, float, (curobo::trajectory::bspline::BasisBackend)2>
2026-09-12T21:57:37.715 DEBUG   :curobo                                  :Cache hit: curobo::optimization::line_search::kernel_line_search<float, 4>
2026-09-12T21:57:37.715 DEBUG   :curobo                                  :Cache hit: curobo::optimization::kernel_lbfgs_step_shared_memory<float, false, 27>
2026-09-12T21:57:37.715 DEBUG   :curobo                                  :Cache hit: curobo::trajectory::bspline::interpolate_bspline_kernel<float, 3, (curobo::trajectory::bspline::BasisBackend)2>
2026-09-12T21:57:37.715 DEBUG   :curobo                                  :Cache hit: curobo::kinematics::kinematics_forward_spheres_kernel<15, 32>
2026-09-12T21:57:37.716 DEBUG   :curobo                                  :Cache hit: curobo::geometry::self_collision::self_collision_max_distance_kernel<false>
2026-09-12T21:57:37.717 DEBUG   :curobo                                  :Cache hit: curobo::kinematics::kinematics_backward_kernel<float, float, 16, true, false, false>
2026-09-12T21:57:37.717 DEBUG   :curobo                                  :Cache hit: curobo::trajectory::bspline::bspline_backward_kernel<3, float, (curobo::trajectory::bspline::BasisBackend)2>
2026-09-12T21:57:37.717 DEBUG   :curobo                                  :Cache hit: curobo::optimization::line_search::kernel_line_search<float, 4>
2026-09-12T21:57:37.717 DEBUG   :curobo                                  :Cache hit: curobo::optimization::kernel_lbfgs_step_shared_memory<float, false, 27>
2026-09-12T21:57:37.718 DEBUG   :curobo                                  :Cache hit: curobo::trajectory::bspline::interpolate_bspline_kernel<float, 3, (curobo::trajectory::bspline::BasisBackend)2>
2026-09-12T21:57:37.718 DEBUG   :curobo                                  :Cache hit: curobo::kinematics::kinematics_forward_spheres_kernel<15, 32>
2026-09-12T21:57:37.719 DEBUG   :curobo                                  :Cache hit: curobo::geometry::self_collision::self_collision_max_distance_kernel<false>
2026-09-12T21:57:37.719 DEBUG   :curobo                                  :Cache hit: curobo::kinematics::kinematics_backward_kernel<float, float, 16, true, false, false>
2026-09-12T21:57:37.719 DEBUG   :curobo                                  :Cache hit: curobo::trajectory::bspline::bspline_backward_kernel<3, float, (curobo::trajectory::bspline::BasisBackend)2>
2026-09-12T21:57:37.720 DEBUG   :curobo                                  :Cache hit: curobo::optimization::line_search::kernel_line_search<float, 4>
2026-09-12T21:57:37.720 DEBUG   :curobo                                  :Cache hit: curobo::optimization::kernel_lbfgs_step_shared_memory<float, false, 27>
2026-09-12T21:57:37.720 DEBUG   :curobo                                  :Cache hit: curobo::trajectory::bspline::interpolate_bspline_kernel<float, 3, (curobo::trajectory::bspline::BasisBackend)2>
2026-09-12T21:57:37.721 DEBUG   :curobo                                  :Cache hit: curobo::kinematics::kinematics_forward_spheres_kernel<15, 32>
2026-09-12T21:57:37.722 DEBUG   :curobo                                  :Cache hit: curobo::geometry::self_collision::self_collision_max_distance_kernel<false>
2026-09-12T21:57:37.724 DEBUG   :curobo                                  :Cache hit: curobo::kinematics::kinematics_backward_kernel<float, float, 16, true, false, false>
2026-09-12T21:57:37.724 DEBUG   :curobo                                  :Cache hit: curobo::trajectory::bspline::bspline_backward_kernel<3, float, (curobo::trajectory::bspline::BasisBackend)2>
2026-09-12T21:57:37.724 DEBUG   :curobo                                  :Cache hit: curobo::optimization::line_search::kernel_line_search<float, 4>
2026-09-12T21:57:37.725 DEBUG   :curobo                                  :Cache hit: curobo::optimization::kernel_lbfgs_step_shared_memory<float, false, 27>
2026-09-12T21:57:37.725 DEBUG   :curobo                                  :Cache hit: curobo::trajectory::bspline::interpolate_bspline_kernel<float, 3, (curobo::trajectory::bspline::BasisBackend)2>
2026-09-12T21:57:37.725 DEBUG   :curobo                                  :Cache hit: curobo::kinematics::kinematics_forward_spheres_kernel<15, 32>
2026-09-12T21:57:37.726 DEBUG   :curobo                                  :Cache hit: curobo::geometry::self_collision::self_collision_max_distance_kernel<false>
2026-09-12T21:57:37.727 DEBUG   :curobo                                  :Cache hit: curobo::kinematics::kinematics_backward_kernel<float, float, 16, true, false, false>
2026-09-12T21:57:37.728 DEBUG   :curobo                                  :Cache hit: curobo::trajectory::bspline::bspline_backward_kernel<3, float, (curobo::trajectory::bspline::BasisBackend)2>
2026-09-12T21:57:37.728 DEBUG   :curobo                                  :Cache hit: curobo::optimization::line_search::kernel_line_search<float, 4>
2026-09-12T21:57:37.728 DEBUG   :curobo                                  :Cache hit: curobo::optimization::kernel_lbfgs_step_shared_memory<float, false, 27>
2026-09-12T21:57:37.729 DEBUG   :curobo                                  :Cache hit: curobo::trajectory::bspline::interpolate_bspline_kernel<float, 3, (curobo::trajectory::bspline::BasisBackend)2>
2026-09-12T21:57:37.729 DEBUG   :curobo                                  :Cache hit: curobo::kinematics::kinematics_forward_spheres_kernel<15, 32>
2026-09-12T21:57:37.730 DEBUG   :curobo                                  :Cache hit: curobo::geometry::self_collision::self_collision_max_distance_kernel<false>
2026-09-12T21:57:37.731 DEBUG   :curobo                                  :Cache hit: curobo::kinematics::kinematics_backward_kernel<float, float, 16, true, false, false>
2026-09-12T21:57:37.731 DEBUG   :curobo                                  :Cache hit: curobo::trajectory::bspline::bspline_backward_kernel<3, float, (curobo::trajectory::bspline::BasisBackend)2>
2026-09-12T21:57:37.732 DEBUG   :curobo                                  :Cache hit: curobo::optimization::line_search::kernel_line_search<float, 4>
2026-09-12T21:57:37.732 DEBUG   :curobo                                  :Cache hit: curobo::optimization::kernel_lbfgs_step_shared_memory<float, false, 27>
2026-09-12T21:57:37.733 DEBUG   :curobo                                  :Cache hit: curobo::trajectory::bspline::interpolate_bspline_kernel<float, 3, (curobo::trajectory::bspline::BasisBackend)2>
2026-09-12T21:57:37.733 DEBUG   :curobo                                  :Cache hit: curobo::kinematics::kinematics_forward_spheres_kernel<15, 32>
2026-09-12T21:57:37.735 DEBUG   :curobo                                  :Cache hit: curobo::geometry::self_collision::self_collision_max_distance_kernel<false>
2026-09-12T21:57:37.736 DEBUG   :curobo                                  :Cache hit: curobo::kinematics::kinematics_backward_kernel<float, float, 16, true, false, false>
2026-09-12T21:57:37.736 DEBUG   :curobo                                  :Cache hit: curobo::trajectory::bspline::bspline_backward_kernel<3, float, (curobo::trajectory::bspline::BasisBackend)2>
2026-09-12T21:57:37.737 DEBUG   :curobo                                  :Cache hit: curobo::optimization::line_search::kernel_line_search<float, 4>
2026-09-12T21:57:37.737 DEBUG   :curobo                                  :Cache hit: curobo::optimization::kernel_lbfgs_step_shared_memory<float, false, 27>
2026-09-12T21:57:37.738 DEBUG   :curobo                                  :Cache hit: curobo::trajectory::bspline::interpolate_bspline_kernel<float, 3, (curobo::trajectory::bspline::BasisBackend)2>
2026-09-12T21:57:37.738 DEBUG   :curobo                                  :Cache hit: curobo::kinematics::kinematics_forward_spheres_kernel<15, 32>
2026-09-12T21:57:37.740 DEBUG   :curobo                                  :Cache hit: curobo::geometry::self_collision::self_collision_max_distance_kernel<false>
2026-09-12T21:57:37.742 DEBUG   :curobo                                  :Cache hit: curobo::kinematics::kinematics_backward_kernel<float, float, 16, true, false, false>
2026-09-12T21:57:37.742 DEBUG   :curobo                                  :Cache hit: curobo::trajectory::bspline::bspline_backward_kernel<3, float, (curobo::trajectory::bspline::BasisBackend)2>
2026-09-12T21:57:37.743 DEBUG   :curobo                                  :Cache hit: curobo::optimization::line_search::kernel_line_search<float, 4>
2026-09-12T21:57:37.743 DEBUG   :curobo                                  :Cache hit: curobo::optimization::kernel_lbfgs_step_shared_memory<float, false, 27>
2026-09-12T21:57:37.744 DEBUG   :curobo                                  :Cache hit: curobo::trajectory::bspline::interpolate_bspline_kernel<float, 3, (curobo::trajectory::bspline::BasisBackend)2>
2026-09-12T21:57:37.744 DEBUG   :curobo                                  :Cache hit: curobo::kinematics::kinematics_forward_spheres_kernel<15, 32>
2026-09-12T21:57:37.745 DEBUG   :curobo                                  :Cache hit: curobo::geometry::self_collision::self_collision_max_distance_kernel<false>
2026-09-12T21:57:37.746 DEBUG   :curobo                                  :Cache hit: curobo::kinematics::kinematics_backward_kernel<float, float, 16, true, false, false>
2026-09-12T21:57:37.746 DEBUG   :curobo                                  :Cache hit: curobo::trajectory::bspline::bspline_backward_kernel<3, float, (curobo::trajectory::bspline::BasisBackend)2>
2026-09-12T21:57:37.746 DEBUG   :curobo                                  :Cache hit: curobo::optimization::line_search::kernel_line_search<float, 4>
2026-09-12T21:57:37.746 DEBUG   :curobo                                  :Cache hit: curobo::optimization::kernel_lbfgs_step_shared_memory<float, false, 27>
2026-09-12T21:57:37.747 DEBUG   :curobo                                  :Cache hit: curobo::trajectory::bspline::interpolate_bspline_kernel<float, 3, (curobo::trajectory::bspline::BasisBackend)2>
2026-09-12T21:57:37.747 DEBUG   :curobo                                  :Cache hit: curobo::kinematics::kinematics_forward_spheres_kernel<15, 32>
2026-09-12T21:57:37.747 DEBUG   :curobo                                  :Cache hit: curobo::geometry::self_collision::self_collision_max_distance_kernel<false>
2026-09-12T21:57:37.748 DEBUG   :curobo                                  :Cache hit: curobo::kinematics::kinematics_backward_kernel<float, float, 16, true, false, false>
2026-09-12T21:57:37.749 DEBUG   :curobo                                  :Cache hit: curobo::trajectory::bspline::bspline_backward_kernel<3, float, (curobo::trajectory::bspline::BasisBackend)2>
2026-09-12T21:57:37.749 DEBUG   :curobo                                  :Cache hit: curobo::optimization::line_search::kernel_line_search<float, 4>
2026-09-12T21:57:37.749 DEBUG   :curobo                                  :Cache hit: curobo::optimization::kernel_lbfgs_step_shared_memory<float, false, 27>
2026-09-12T21:57:37.749 DEBUG   :curobo                                  :Cache hit: curobo::trajectory::bspline::interpolate_bspline_kernel<float, 3, (curobo::trajectory::bspline::BasisBackend)2>
2026-09-12T21:57:37.750 DEBUG   :curobo                                  :Cache hit: curobo::kinematics::kinematics_forward_spheres_kernel<15, 32>
2026-09-12T21:57:37.750 DEBUG   :curobo                                  :Cache hit: curobo::geometry::self_collision::self_collision_max_distance_kernel<false>
2026-09-12T21:57:37.751 DEBUG   :curobo                                  :Cache hit: curobo::kinematics::kinematics_backward_kernel<float, float, 16, true, false, false>
2026-09-12T21:57:37.751 DEBUG   :curobo                                  :Cache hit: curobo::trajectory::bspline::bspline_backward_kernel<3, float, (curobo::trajectory::bspline::BasisBackend)2>
2026-09-12T21:57:37.751 DEBUG   :curobo                                  :Cache hit: curobo::optimization::line_search::kernel_line_search<float, 4>
2026-09-12T21:57:37.751 DEBUG   :curobo                                  :Cache hit: curobo::optimization::kernel_lbfgs_step_shared_memory<float, false, 27>
2026-09-12T21:57:37.752 DEBUG   :curobo                                  :Cache hit: curobo::trajectory::bspline::interpolate_bspline_kernel<float, 3, (curobo::trajectory::bspline::BasisBackend)2>
2026-09-12T21:57:37.752 DEBUG   :curobo                                  :Cache hit: curobo::kinematics::kinematics_forward_spheres_kernel<15, 32>
2026-09-12T21:57:37.753 DEBUG   :curobo                                  :Cache hit: curobo::geometry::self_collision::self_collision_max_distance_kernel<false>
2026-09-12T21:57:37.754 DEBUG   :curobo                                  :Cache hit: curobo::kinematics::kinematics_backward_kernel<float, float, 16, true, false, false>
2026-09-12T21:57:37.754 DEBUG   :curobo                                  :Cache hit: curobo::trajectory::bspline::bspline_backward_kernel<3, float, (curobo::trajectory::bspline::BasisBackend)2>
2026-09-12T21:57:37.754 DEBUG   :curobo                                  :Cache hit: curobo::optimization::line_search::kernel_line_search<float, 4>
2026-09-12T21:57:37.755 DEBUG   :curobo                                  :Cache hit: curobo::optimization::kernel_lbfgs_step_shared_memory<float, false, 27>
2026-09-12T21:57:37.755 DEBUG   :curobo                                  :Cache hit: curobo::trajectory::bspline::interpolate_bspline_kernel<float, 3, (curobo::trajectory::bspline::BasisBackend)2>
2026-09-12T21:57:37.755 DEBUG   :curobo                                  :Cache hit: curobo::kinematics::kinematics_forward_spheres_kernel<15, 32>
2026-09-12T21:57:37.757 DEBUG   :curobo                                  :Cache hit: curobo::geometry::self_collision::self_collision_max_distance_kernel<false>
2026-09-12T21:57:37.758 DEBUG   :curobo                                  :Cache hit: curobo::kinematics::kinematics_backward_kernel<float, float, 16, true, false, false>
2026-09-12T21:57:37.758 DEBUG   :curobo                                  :Cache hit: curobo::trajectory::bspline::bspline_backward_kernel<3, float, (curobo::trajectory::bspline::BasisBackend)2>
2026-09-12T21:57:37.758 DEBUG   :curobo                                  :Cache hit: curobo::optimization::line_search::kernel_line_search<float, 4>
2026-09-12T21:57:37.759 DEBUG   :curobo                                  :Cache hit: curobo::optimization::kernel_lbfgs_step_shared_memory<float, false, 27>
2026-09-12T21:57:37.760 DEBUG   :curobo                                  :Cache hit: curobo::trajectory::bspline::interpolate_bspline_kernel<float, 3, (curobo::trajectory::bspline::BasisBackend)2>
2026-09-12T21:57:37.760 DEBUG   :curobo                                  :Cache hit: curobo::kinematics::kinematics_forward_spheres_kernel<15, 32>
2026-09-12T21:57:37.761 DEBUG   :curobo                                  :Cache hit: curobo::geometry::self_collision::self_collision_max_distance_kernel<false>
2026-09-12T21:57:37.762 DEBUG   :curobo                                  :Cache hit: curobo::kinematics::kinematics_backward_kernel<float, float, 16, true, false, false>
2026-09-12T21:57:37.762 DEBUG   :curobo                                  :Cache hit: curobo::trajectory::bspline::bspline_backward_kernel<3, float, (curobo::trajectory::bspline::BasisBackend)2>
2026-09-12T21:57:37.762 DEBUG   :curobo                                  :Cache hit: curobo::optimization::line_search::kernel_line_search<float, 4>
2026-09-12T21:57:37.763 DEBUG   :curobo                                  :Cache hit: curobo::optimization::kernel_lbfgs_step_shared_memory<float, false, 27>
2026-09-12T21:57:37.763 DEBUG   :curobo                                  :Cache hit: curobo::trajectory::bspline::interpolate_bspline_kernel<float, 3, (curobo::trajectory::bspline::BasisBackend)2>
2026-09-12T21:57:37.763 DEBUG   :curobo                                  :Cache hit: curobo::kinematics::kinematics_forward_spheres_kernel<15, 32>
2026-09-12T21:57:37.764 DEBUG   :curobo                                  :Cache hit: curobo::geometry::self_collision::self_collision_max_distance_kernel<false>
2026-09-12T21:57:37.765 DEBUG   :curobo                                  :Cache hit: curobo::kinematics::kinematics_backward_kernel<float, float, 16, true, false, false>
2026-09-12T21:57:37.765 DEBUG   :curobo                                  :Cache hit: curobo::trajectory::bspline::bspline_backward_kernel<3, float, (curobo::trajectory::bspline::BasisBackend)2>
2026-09-12T21:57:37.765 DEBUG   :curobo                                  :Cache hit: curobo::optimization::line_search::kernel_line_search<float, 4>
2026-09-12T21:57:37.765 DEBUG   :curobo                                  :Cache hit: curobo::optimization::kernel_lbfgs_step_shared_memory<float, false, 27>
2026-09-12T21:57:37.766 DEBUG   :curobo                                  :Cache hit: curobo::trajectory::bspline::interpolate_bspline_kernel<float, 3, (curobo::trajectory::bspline::BasisBackend)2>
2026-09-12T21:57:37.766 DEBUG   :curobo                                  :Cache hit: curobo::kinematics::kinematics_forward_spheres_kernel<15, 32>
2026-09-12T21:57:37.766 DEBUG   :curobo                                  :Cache hit: curobo::geometry::self_collision::self_collision_max_distance_kernel<false>
2026-09-12T21:57:37.767 DEBUG   :curobo                                  :Cache hit: curobo::kinematics::kinematics_backward_kernel<float, float, 16, true, false, false>
2026-09-12T21:57:37.767 DEBUG   :curobo                                  :Cache hit: curobo::trajectory::bspline::bspline_backward_kernel<3, float, (curobo::trajectory::bspline::BasisBackend)2>
2026-09-12T21:57:37.768 DEBUG   :curobo                                  :Cache hit: curobo::optimization::line_search::kernel_line_search<float, 4>
2026-09-12T21:57:37.768 DEBUG   :curobo                                  :Cache hit: curobo::optimization::kernel_lbfgs_step_shared_memory<float, false, 27>
2026-09-12T21:57:37.768 DEBUG   :curobo                                  :Cache hit: curobo::trajectory::bspline::interpolate_bspline_kernel<float, 3, (curobo::trajectory::bspline::BasisBackend)2>
2026-09-12T21:57:37.769 DEBUG   :curobo                                  :Cache hit: curobo::kinematics::kinematics_forward_spheres_kernel<15, 32>
2026-09-12T21:57:37.770 DEBUG   :curobo                                  :Cache hit: curobo::geometry::self_collision::self_collision_max_distance_kernel<false>
2026-09-12T21:57:37.770 DEBUG   :curobo                                  :Cache hit: curobo::kinematics::kinematics_backward_kernel<float, float, 16, true, false, false>
2026-09-12T21:57:37.771 DEBUG   :curobo                                  :Cache hit: curobo::trajectory::bspline::bspline_backward_kernel<3, float, (curobo::trajectory::bspline::BasisBackend)2>
2026-09-12T21:57:37.771 DEBUG   :curobo                                  :Cache hit: curobo::optimization::line_search::kernel_line_search<float, 4>
2026-09-12T21:57:37.771 DEBUG   :curobo                                  :Cache hit: curobo::optimization::kernel_lbfgs_step_shared_memory<float, false, 27>
2026-09-12T21:57:37.771 DEBUG   :curobo                                  :Cache hit: curobo::trajectory::bspline::interpolate_bspline_kernel<float, 3, (curobo::trajectory::bspline::BasisBackend)2>
2026-09-12T21:57:37.772 DEBUG   :curobo                                  :Cache hit: curobo::kinematics::kinematics_forward_spheres_kernel<15, 32>
2026-09-12T21:57:37.772 DEBUG   :curobo                                  :Cache hit: curobo::geometry::self_collision::self_collision_max_distance_kernel<false>
2026-09-12T21:57:37.773 DEBUG   :curobo                                  :Cache hit: curobo::kinematics::kinematics_backward_kernel<float, float, 16, true, false, false>
2026-09-12T21:57:37.773 DEBUG   :curobo                                  :Cache hit: curobo::trajectory::bspline::bspline_backward_kernel<3, float, (curobo::trajectory::bspline::BasisBackend)2>
2026-09-12T21:57:37.774 DEBUG   :curobo                                  :Cache hit: curobo::optimization::line_search::kernel_line_search<float, 4>
2026-09-12T21:57:37.774 DEBUG   :curobo                                  :Cache hit: curobo::optimization::kernel_lbfgs_step_shared_memory<float, false, 27>
2026-09-12T21:57:37.774 DEBUG   :curobo                                  :Cache hit: curobo::trajectory::bspline::interpolate_bspline_kernel<float, 3, (curobo::trajectory::bspline::BasisBackend)2>
2026-09-12T21:57:37.774 DEBUG   :curobo                                  :Cache hit: curobo::kinematics::kinematics_forward_spheres_kernel<15, 32>
2026-09-12T21:57:37.775 DEBUG   :curobo                                  :Cache hit: curobo::geometry::self_collision::self_collision_max_distance_kernel<false>
2026-09-12T21:57:37.776 DEBUG   :curobo                                  :Cache hit: curobo::kinematics::kinematics_backward_kernel<float, float, 16, true, false, false>
2026-09-12T21:57:37.776 DEBUG   :curobo                                  :Cache hit: curobo::trajectory::bspline::bspline_backward_kernel<3, float, (curobo::trajectory::bspline::BasisBackend)2>
2026-09-12T21:57:37.776 DEBUG   :curobo                                  :Cache hit: curobo::optimization::line_search::kernel_line_search<float, 4>
2026-09-12T21:57:37.776 DEBUG   :curobo                                  :Cache hit: curobo::optimization::kernel_lbfgs_step_shared_memory<float, false, 27>
2026-09-12T21:57:37.777 DEBUG   :curobo                                  :Cache hit: curobo::trajectory::bspline::interpolate_bspline_kernel<float, 3, (curobo::trajectory::bspline::BasisBackend)2>
2026-09-12T21:57:37.777 DEBUG   :curobo                                  :Cache hit: curobo::kinematics::kinematics_forward_spheres_kernel<15, 32>
2026-09-12T21:57:37.778 DEBUG   :curobo                                  :Cache hit: curobo::geometry::self_collision::self_collision_max_distance_kernel<false>
2026-09-12T21:57:37.779 DEBUG   :curobo                                  :Cache hit: curobo::kinematics::kinematics_backward_kernel<float, float, 16, true, false, false>
2026-09-12T21:57:37.779 DEBUG   :curobo                                  :Cache hit: curobo::trajectory::bspline::bspline_backward_kernel<3, float, (curobo::trajectory::bspline::BasisBackend)2>
2026-09-12T21:57:37.779 DEBUG   :curobo                                  :Cache hit: curobo::optimization::line_search::kernel_line_search<float, 4>
2026-09-12T21:57:37.779 DEBUG   :curobo                                  :Cache hit: curobo::optimization::kernel_lbfgs_step_shared_memory<float, false, 27>
2026-09-12T21:57:37.780 DEBUG   :curobo                                  :Cache hit: curobo::trajectory::bspline::interpolate_bspline_kernel<float, 3, (curobo::trajectory::bspline::BasisBackend)2>
2026-09-12T21:57:37.780 DEBUG   :curobo                                  :Cache hit: curobo::kinematics::kinematics_forward_spheres_kernel<15, 32>
2026-09-12T21:57:37.781 DEBUG   :curobo                                  :Cache hit: curobo::geometry::self_collision::self_collision_max_distance_kernel<false>
2026-09-12T21:57:37.781 DEBUG   :curobo                                  :Cache hit: curobo::kinematics::kinematics_backward_kernel<float, float, 16, true, false, false>
2026-09-12T21:57:37.781 DEBUG   :curobo                                  :Cache hit: curobo::trajectory::bspline::bspline_backward_kernel<3, float, (curobo::trajectory::bspline::BasisBackend)2>
2026-09-12T21:57:37.781 DEBUG   :curobo                                  :Cache hit: curobo::optimization::line_search::kernel_line_search<float, 4>
2026-09-12T21:57:37.782 DEBUG   :curobo                                  :Cache hit: curobo::optimization::kernel_lbfgs_step_shared_memory<float, false, 27>
2026-09-12T21:57:37.782 DEBUG   :curobo                                  :Cache hit: curobo::trajectory::bspline::interpolate_bspline_kernel<float, 3, (curobo::trajectory::bspline::BasisBackend)2>
2026-09-12T21:57:37.782 DEBUG   :curobo                                  :Cache hit: curobo::kinematics::kinematics_forward_spheres_kernel<15, 32>
2026-09-12T21:57:37.783 DEBUG   :curobo                                  :Cache hit: curobo::geometry::self_collision::self_collision_max_distance_kernel<false>
2026-09-12T21:57:37.784 DEBUG   :curobo                                  :Cache hit: curobo::kinematics::kinematics_backward_kernel<float, float, 16, true, false, false>
2026-09-12T21:57:37.784 DEBUG   :curobo                                  :Cache hit: curobo::trajectory::bspline::bspline_backward_kernel<3, float, (curobo::trajectory::bspline::BasisBackend)2>
2026-09-12T21:57:37.784 DEBUG   :curobo                                  :Cache hit: curobo::optimization::line_search::kernel_line_search<float, 4>
2026-09-12T21:57:37.784 DEBUG   :curobo                                  :Cache hit: curobo::optimization::kernel_lbfgs_step_shared_memory<float, false, 27>
2026-09-12T21:57:37.784 DEBUG   :curobo                                  :Cache hit: curobo::trajectory::bspline::interpolate_bspline_kernel<float, 3, (curobo::trajectory::bspline::BasisBackend)2>
2026-09-12T21:57:37.785 DEBUG   :curobo                                  :Cache hit: curobo::kinematics::kinematics_forward_spheres_kernel<15, 32>
2026-09-12T21:57:37.785 DEBUG   :curobo                                  :Cache hit: curobo::geometry::self_collision::self_collision_max_distance_kernel<false>
2026-09-12T21:57:37.786 DEBUG   :curobo                                  :Cache hit: curobo::kinematics::kinematics_backward_kernel<float, float, 16, true, false, false>
2026-09-12T21:57:37.786 DEBUG   :curobo                                  :Cache hit: curobo::trajectory::bspline::bspline_backward_kernel<3, float, (curobo::trajectory::bspline::BasisBackend)2>
2026-09-12T21:57:37.787 DEBUG   :curobo                                  :Cache hit: curobo::optimization::line_search::kernel_line_search<float, 4>
2026-09-12T21:57:37.787 DEBUG   :curobo                                  :Cache hit: curobo::optimization::kernel_lbfgs_step_shared_memory<float, false, 27>
2026-09-12T21:57:37.787 DEBUG   :curobo                                  :Cache hit: curobo::trajectory::bspline::interpolate_bspline_kernel<float, 3, (curobo::trajectory::bspline::BasisBackend)2>
2026-09-12T21:57:37.787 DEBUG   :curobo                                  :Cache hit: curobo::kinematics::kinematics_forward_spheres_kernel<15, 32>
2026-09-12T21:57:37.788 DEBUG   :curobo                                  :Cache hit: curobo::geometry::self_collision::self_collision_max_distance_kernel<false>
2026-09-12T21:57:37.789 DEBUG   :curobo                                  :Cache hit: curobo::kinematics::kinematics_backward_kernel<float, float, 16, true, false, false>
2026-09-12T21:57:37.789 DEBUG   :curobo                                  :Cache hit: curobo::trajectory::bspline::bspline_backward_kernel<3, float, (curobo::trajectory::bspline::BasisBackend)2>
2026-09-12T21:57:37.789 DEBUG   :curobo                                  :Cache hit: curobo::optimization::line_search::kernel_line_search<float, 4>
2026-09-12T21:57:37.790 DEBUG   :curobo                                  :Cache hit: curobo::optimization::kernel_lbfgs_step_shared_memory<float, false, 27>
2026-09-12T21:57:37.790 DEBUG   :curobo                                  :Cache hit: curobo::trajectory::bspline::interpolate_bspline_kernel<float, 3, (curobo::trajectory::bspline::BasisBackend)2>
2026-09-12T21:57:37.790 DEBUG   :curobo                                  :Cache hit: curobo::kinematics::kinematics_forward_spheres_kernel<15, 32>
2026-09-12T21:57:37.791 DEBUG   :curobo                                  :Cache hit: curobo::geometry::self_collision::self_collision_max_distance_kernel<false>
2026-09-12T21:57:37.792 DEBUG   :curobo                                  :Cache hit: curobo::kinematics::kinematics_backward_kernel<float, float, 16, true, false, false>
2026-09-12T21:57:37.792 DEBUG   :curobo                                  :Cache hit: curobo::trajectory::bspline::bspline_backward_kernel<3, float, (curobo::trajectory::bspline::BasisBackend)2>
2026-09-12T21:57:37.793 DEBUG   :curobo                                  :Cache hit: curobo::optimization::line_search::kernel_line_search<float, 4>
2026-09-12T21:57:37.793 DEBUG   :curobo                                  :Cache hit: curobo::optimization::kernel_lbfgs_step_shared_memory<float, false, 27>
2026-09-12T21:57:37.793 DEBUG   :curobo                                  :Cache hit: curobo::trajectory::bspline::interpolate_bspline_kernel<float, 3, (curobo::trajectory::bspline::BasisBackend)2>
2026-09-12T21:57:37.793 DEBUG   :curobo                                  :Cache hit: curobo::kinematics::kinematics_forward_spheres_kernel<15, 32>
2026-09-12T21:57:37.794 DEBUG   :curobo                                  :Cache hit: curobo::geometry::self_collision::self_collision_max_distance_kernel<false>
2026-09-12T21:57:37.795 DEBUG   :curobo                                  :Cache hit: curobo::kinematics::kinematics_backward_kernel<float, float, 16, true, false, false>
2026-09-12T21:57:37.795 DEBUG   :curobo                                  :Cache hit: curobo::trajectory::bspline::bspline_backward_kernel<3, float, (curobo::trajectory::bspline::BasisBackend)2>
2026-09-12T21:57:37.795 DEBUG   :curobo                                  :Cache hit: curobo::optimization::line_search::kernel_line_search<float, 4>
2026-09-12T21:57:37.796 DEBUG   :curobo                                  :Cache hit: curobo::optimization::kernel_lbfgs_step_shared_memory<float, false, 27>
2026-09-12T21:57:37.796 DEBUG   :curobo                                  :Cache hit: curobo::trajectory::bspline::interpolate_bspline_kernel<float, 3, (curobo::trajectory::bspline::BasisBackend)2>
2026-09-12T21:57:37.797 DEBUG   :curobo                                  :Cache hit: curobo::kinematics::kinematics_forward_spheres_kernel<15, 32>
2026-09-12T21:57:37.797 DEBUG   :curobo                                  :Cache hit: curobo::geometry::self_collision::self_collision_max_distance_kernel<false>
2026-09-12T21:57:37.798 DEBUG   :curobo                                  :Cache hit: curobo::kinematics::kinematics_backward_kernel<float, float, 16, true, false, false>
2026-09-12T21:57:37.798 DEBUG   :curobo                                  :Cache hit: curobo::trajectory::bspline::bspline_backward_kernel<3, float, (curobo::trajectory::bspline::BasisBackend)2>
2026-09-12T21:57:37.799 DEBUG   :curobo                                  :Cache hit: curobo::optimization::line_search::kernel_line_search<float, 4>
2026-09-12T21:57:37.799 DEBUG   :curobo                                  :Cache hit: curobo::optimization::kernel_lbfgs_step_shared_memory<float, false, 27>
2026-09-12T21:57:37.799 DEBUG   :curobo                                  :Cache hit: curobo::trajectory::bspline::interpolate_bspline_kernel<float, 3, (curobo::trajectory::bspline::BasisBackend)2>
2026-09-12T21:57:37.799 DEBUG   :curobo                                  :Cache hit: curobo::kinematics::kinematics_forward_spheres_kernel<15, 32>
2026-09-12T21:57:37.800 DEBUG   :curobo                                  :Cache hit: curobo::geometry::self_collision::self_collision_max_distance_kernel<false>
2026-09-12T21:57:37.801 DEBUG   :curobo                                  :Cache hit: curobo::kinematics::kinematics_backward_kernel<float, float, 16, true, false, false>
2026-09-12T21:57:37.802 DEBUG   :curobo                                  :Cache hit: curobo::trajectory::bspline::bspline_backward_kernel<3, float, (curobo::trajectory::bspline::BasisBackend)2>
2026-09-12T21:57:37.802 DEBUG   :curobo                                  :Cache hit: curobo::optimization::line_search::kernel_line_search<float, 4>
2026-09-12T21:57:37.802 DEBUG   :curobo                                  :Cache hit: curobo::optimization::kernel_lbfgs_step_shared_memory<float, false, 27>
2026-09-12T21:57:37.803 DEBUG   :curobo                                  :Cache hit: curobo::trajectory::bspline::interpolate_bspline_kernel<float, 3, (curobo::trajectory::bspline::BasisBackend)2>
2026-09-12T21:57:37.803 DEBUG   :curobo                                  :Cache hit: curobo::kinematics::kinematics_forward_spheres_kernel<15, 32>
2026-09-12T21:57:37.804 DEBUG   :curobo                                  :Cache hit: curobo::geometry::self_collision::self_collision_max_distance_kernel<false>
2026-09-12T21:57:37.805 DEBUG   :curobo                                  :Cache hit: curobo::kinematics::kinematics_backward_kernel<float, float, 16, true, false, false>
2026-09-12T21:57:37.805 DEBUG   :curobo                                  :Cache hit: curobo::trajectory::bspline::bspline_backward_kernel<3, float, (curobo::trajectory::bspline::BasisBackend)2>
2026-09-12T21:57:37.805 DEBUG   :curobo                                  :Cache hit: curobo::optimization::line_search::kernel_line_search<float, 4>
2026-09-12T21:57:37.806 DEBUG   :curobo                                  :Cache hit: curobo::optimization::kernel_lbfgs_step_shared_memory<float, false, 27>
2026-09-12T21:57:37.806 DEBUG   :curobo                                  :Cache hit: curobo::trajectory::bspline::interpolate_bspline_kernel<float, 3, (curobo::trajectory::bspline::BasisBackend)2>
2026-09-12T21:57:37.806 DEBUG   :curobo                                  :Cache hit: curobo::kinematics::kinematics_forward_spheres_kernel<15, 32>
2026-09-12T21:57:37.807 DEBUG   :curobo                                  :Cache hit: curobo::geometry::self_collision::self_collision_max_distance_kernel<false>
2026-09-12T21:57:37.808 DEBUG   :curobo                                  :Cache hit: curobo::kinematics::kinematics_backward_kernel<float, float, 16, true, false, false>
2026-09-12T21:57:37.809 DEBUG   :curobo                                  :Cache hit: curobo::trajectory::bspline::bspline_backward_kernel<3, float, (curobo::trajectory::bspline::BasisBackend)2>
2026-09-12T21:57:37.809 DEBUG   :curobo                                  :Cache hit: curobo::optimization::line_search::kernel_line_search<float, 4>
2026-09-12T21:57:37.809 DEBUG   :curobo                                  :Cache hit: curobo::optimization::kernel_lbfgs_step_shared_memory<float, false, 27>
2026-09-12T21:57:37.810 DEBUG   :curobo                                  :Cache hit: curobo::trajectory::bspline::interpolate_bspline_kernel<float, 3, (curobo::trajectory::bspline::BasisBackend)2>
2026-09-12T21:57:37.810 DEBUG   :curobo                                  :Cache hit: curobo::kinematics::kinematics_forward_spheres_kernel<15, 32>
2026-09-12T21:57:37.812 DEBUG   :curobo                                  :Cache hit: curobo::geometry::self_collision::self_collision_max_distance_kernel<false>
2026-09-12T21:57:37.813 DEBUG   :curobo                                  :Cache hit: curobo::kinematics::kinematics_backward_kernel<float, float, 16, true, false, false>
2026-09-12T21:57:37.813 DEBUG   :curobo                                  :Cache hit: curobo::trajectory::bspline::bspline_backward_kernel<3, float, (curobo::trajectory::bspline::BasisBackend)2>
2026-09-12T21:57:37.813 DEBUG   :curobo                                  :Cache hit: curobo::optimization::line_search::kernel_line_search<float, 4>
2026-09-12T21:57:37.814 DEBUG   :curobo                                  :Cache hit: curobo::optimization::kernel_lbfgs_step_shared_memory<float, false, 27>
2026-09-12T21:57:37.814 DEBUG   :curobo                                  :Cache hit: curobo::trajectory::bspline::interpolate_bspline_kernel<float, 3, (curobo::trajectory::bspline::BasisBackend)2>
2026-09-12T21:57:37.814 DEBUG   :curobo                                  :Cache hit: curobo::kinematics::kinematics_forward_spheres_kernel<15, 32>
2026-09-12T21:57:37.815 DEBUG   :curobo                                  :Cache hit: curobo::geometry::self_collision::self_collision_max_distance_kernel<false>
2026-09-12T21:57:37.815 DEBUG   :curobo                                  :Cache hit: curobo::kinematics::kinematics_backward_kernel<float, float, 16, true, false, false>
2026-09-12T21:57:37.816 DEBUG   :curobo                                  :Cache hit: curobo::trajectory::bspline::bspline_backward_kernel<3, float, (curobo::trajectory::bspline::BasisBackend)2>
2026-09-12T21:57:37.816 DEBUG   :curobo                                  :Cache hit: curobo::optimization::line_search::kernel_line_search<float, 4>
2026-09-12T21:57:37.816 DEBUG   :curobo                                  :Cache hit: curobo::optimization::kernel_lbfgs_step_shared_memory<float, false, 27>
2026-09-12T21:57:37.816 DEBUG   :curobo                                  :Cache hit: curobo::trajectory::bspline::interpolate_bspline_kernel<float, 3, (curobo::trajectory::bspline::BasisBackend)2>
2026-09-12T21:57:37.816 DEBUG   :curobo                                  :Cache hit: curobo::kinematics::kinematics_forward_spheres_kernel<15, 32>
2026-09-12T21:57:37.817 DEBUG   :curobo                                  :Cache hit: curobo::geometry::self_collision::self_collision_max_distance_kernel<false>
2026-09-12T21:57:37.818 DEBUG   :curobo                                  :Cache hit: curobo::kinematics::kinematics_backward_kernel<float, float, 16, true, false, false>
2026-09-12T21:57:37.818 DEBUG   :curobo                                  :Cache hit: curobo::trajectory::bspline::bspline_backward_kernel<3, float, (curobo::trajectory::bspline::BasisBackend)2>
2026-09-12T21:57:37.819 DEBUG   :curobo                                  :Cache hit: curobo::optimization::line_search::kernel_line_search<float, 4>
2026-09-12T21:57:37.819 DEBUG   :curobo                                  :Cache hit: curobo::optimization::kernel_lbfgs_step_shared_memory<float, false, 27>
2026-09-12T21:57:37.822 DEBUG   :curobo                                  :Cache hit: curobo::trajectory::bspline::interpolate_bspline_kernel<float, 3, (curobo::trajectory::bspline::BasisBackend)2>
2026-09-12T21:57:37.822 DEBUG   :curobo                                  :Cache hit: curobo::kinematics::kinematics_forward_spheres_kernel<15, 32>
2026-09-12T21:57:37.823 DEBUG   :curobo                                  :Cache hit: curobo::geometry::self_collision::self_collision_max_distance_kernel<false>
2026-09-12T21:57:37.824 DEBUG   :curobo                                  :Cache hit: curobo::kinematics::kinematics_backward_kernel<float, float, 16, true, false, false>
2026-09-12T21:57:37.824 DEBUG   :curobo                                  :Cache hit: curobo::trajectory::bspline::bspline_backward_kernel<3, float, (curobo::trajectory::bspline::BasisBackend)2>
2026-09-12T21:57:37.825 DEBUG   :curobo                                  :Cache hit: curobo::optimization::line_search::kernel_line_search<float, 4>
2026-09-12T21:57:37.825 DEBUG   :curobo                                  :Cache hit: curobo::optimization::kernel_lbfgs_step_shared_memory<float, false, 27>
2026-09-12T21:57:37.825 DEBUG   :curobo                                  :Cache hit: curobo::trajectory::bspline::interpolate_bspline_kernel<float, 3, (curobo::trajectory::bspline::BasisBackend)2>
2026-09-12T21:57:37.826 DEBUG   :curobo                                  :Cache hit: curobo::kinematics::kinematics_forward_spheres_kernel<15, 32>
2026-09-12T21:57:37.826 DEBUG   :curobo                                  :Cache hit: curobo::geometry::self_collision::self_collision_max_distance_kernel<false>
2026-09-12T21:57:37.827 DEBUG   :curobo                                  :Cache hit: curobo::kinematics::kinematics_backward_kernel<float, float, 16, true, false, false>
2026-09-12T21:57:37.827 DEBUG   :curobo                                  :Cache hit: curobo::trajectory::bspline::bspline_backward_kernel<3, float, (curobo::trajectory::bspline::BasisBackend)2>
2026-09-12T21:57:37.828 DEBUG   :curobo                                  :Cache hit: curobo::optimization::line_search::kernel_line_search<float, 4>
2026-09-12T21:57:37.828 DEBUG   :curobo                                  :Cache hit: curobo::optimization::kernel_lbfgs_step_shared_memory<float, false, 27>
2026-09-12T21:57:37.828 DEBUG   :curobo                                  :Cache hit: curobo::trajectory::bspline::interpolate_bspline_kernel<float, 3, (curobo::trajectory::bspline::BasisBackend)2>
2026-09-12T21:57:37.828 DEBUG   :curobo                                  :Cache hit: curobo::kinematics::kinematics_forward_spheres_kernel<15, 32>
2026-09-12T21:57:37.829 DEBUG   :curobo                                  :Cache hit: curobo::geometry::self_collision::self_collision_max_distance_kernel<false>
2026-09-12T21:57:37.830 DEBUG   :curobo                                  :Cache hit: curobo::kinematics::kinematics_backward_kernel<float, float, 16, true, false, false>
2026-09-12T21:57:37.830 DEBUG   :curobo                                  :Cache hit: curobo::trajectory::bspline::bspline_backward_kernel<3, float, (curobo::trajectory::bspline::BasisBackend)2>
2026-09-12T21:57:37.830 DEBUG   :curobo                                  :Cache hit: curobo::optimization::line_search::kernel_line_search<float, 4>
2026-09-12T21:57:37.831 DEBUG   :curobo                                  :Cache hit: curobo::optimization::kernel_lbfgs_step_shared_memory<float, false, 27>
2026-09-12T21:57:37.831 DEBUG   :curobo                                  :Cache hit: curobo::trajectory::bspline::interpolate_bspline_kernel<float, 3, (curobo::trajectory::bspline::BasisBackend)2>
2026-09-12T21:57:37.831 DEBUG   :curobo                                  :Cache hit: curobo::kinematics::kinematics_forward_spheres_kernel<15, 32>
2026-09-12T21:57:37.832 DEBUG   :curobo                                  :Cache hit: curobo::geometry::self_collision::self_collision_max_distance_kernel<false>
2026-09-12T21:57:37.833 DEBUG   :curobo                                  :Cache hit: curobo::kinematics::kinematics_backward_kernel<float, float, 16, true, false, false>
2026-09-12T21:57:37.833 DEBUG   :curobo                                  :Cache hit: curobo::trajectory::bspline::bspline_backward_kernel<3, float, (curobo::trajectory::bspline::BasisBackend)2>
2026-09-12T21:57:37.833 DEBUG   :curobo                                  :Cache hit: curobo::optimization::line_search::kernel_line_search<float, 4>
2026-09-12T21:57:37.834 DEBUG   :curobo                                  :Cache hit: curobo::optimization::kernel_lbfgs_step_shared_memory<float, false, 27>
2026-09-12T21:57:37.834 DEBUG   :curobo                                  :Cache hit: curobo::trajectory::bspline::interpolate_bspline_kernel<float, 3, (curobo::trajectory::bspline::BasisBackend)2>
2026-09-12T21:57:37.834 DEBUG   :curobo                                  :Cache hit: curobo::kinematics::kinematics_forward_spheres_kernel<15, 32>
2026-09-12T21:57:37.835 DEBUG   :curobo                                  :Cache hit: curobo::geometry::self_collision::self_collision_max_distance_kernel<false>
2026-09-12T21:57:37.836 DEBUG   :curobo                                  :Cache hit: curobo::kinematics::kinematics_backward_kernel<float, float, 16, true, false, false>
2026-09-12T21:57:37.836 DEBUG   :curobo                                  :Cache hit: curobo::trajectory::bspline::bspline_backward_kernel<3, float, (curobo::trajectory::bspline::BasisBackend)2>
2026-09-12T21:57:37.836 DEBUG   :curobo                                  :Cache hit: curobo::optimization::line_search::kernel_line_search<float, 4>
2026-09-12T21:57:37.837 DEBUG   :curobo                                  :Cache hit: curobo::optimization::kernel_lbfgs_step_shared_memory<float, false, 27>
2026-09-12T21:57:37.837 DEBUG   :curobo                                  :Cache hit: curobo::trajectory::bspline::interpolate_bspline_kernel<float, 3, (curobo::trajectory::bspline::BasisBackend)2>
2026-09-12T21:57:37.837 DEBUG   :curobo                                  :Cache hit: curobo::kinematics::kinematics_forward_spheres_kernel<15, 32>
2026-09-12T21:57:37.838 DEBUG   :curobo                                  :Cache hit: curobo::geometry::self_collision::self_collision_max_distance_kernel<false>
2026-09-12T21:57:37.839 DEBUG   :curobo                                  :Cache hit: curobo::kinematics::kinematics_backward_kernel<float, float, 16, true, false, false>
2026-09-12T21:57:37.839 DEBUG   :curobo                                  :Cache hit: curobo::trajectory::bspline::bspline_backward_kernel<3, float, (curobo::trajectory::bspline::BasisBackend)2>
2026-09-12T21:57:37.840 DEBUG   :curobo                                  :Cache hit: curobo::optimization::line_search::kernel_line_search<float, 4>
2026-09-12T21:57:37.840 DEBUG   :curobo                                  :Cache hit: curobo::optimization::kernel_lbfgs_step_shared_memory<float, false, 27>
2026-09-12T21:57:37.841 DEBUG   :curobo                                  :Cache hit: curobo::trajectory::bspline::interpolate_bspline_kernel<float, 3, (curobo::trajectory::bspline::BasisBackend)2>
2026-09-12T21:57:37.841 DEBUG   :curobo                                  :Cache hit: curobo::kinematics::kinematics_forward_spheres_kernel<15, 32>
2026-09-12T21:57:37.842 DEBUG   :curobo                                  :Cache hit: curobo::geometry::self_collision::self_collision_max_distance_kernel<false>
2026-09-12T21:57:37.843 DEBUG   :curobo                                  :Cache hit: curobo::kinematics::kinematics_backward_kernel<float, float, 16, true, false, false>
2026-09-12T21:57:37.843 DEBUG   :curobo                                  :Cache hit: curobo::trajectory::bspline::bspline_backward_kernel<3, float, (curobo::trajectory::bspline::BasisBackend)2>
2026-09-12T21:57:37.843 DEBUG   :curobo                                  :Cache hit: curobo::optimization::line_search::kernel_line_search<float, 4>
2026-09-12T21:57:37.843 DEBUG   :curobo                                  :Cache hit: curobo::optimization::kernel_lbfgs_step_shared_memory<float, false, 27>
2026-09-12T21:57:37.844 DEBUG   :curobo                                  :Cache hit: curobo::trajectory::bspline::interpolate_bspline_kernel<float, 3, (curobo::trajectory::bspline::BasisBackend)2>
2026-09-12T21:57:37.844 DEBUG   :curobo                                  :Cache hit: curobo::kinematics::kinematics_forward_spheres_kernel<15, 32>
2026-09-12T21:57:37.845 DEBUG   :curobo                                  :Cache hit: curobo::geometry::self_collision::self_collision_max_distance_kernel<false>
2026-09-12T21:57:37.845 DEBUG   :curobo                                  :Cache hit: curobo::kinematics::kinematics_backward_kernel<float, float, 16, true, false, false>
2026-09-12T21:57:37.846 DEBUG   :curobo                                  :Cache hit: curobo::trajectory::bspline::bspline_backward_kernel<3, float, (curobo::trajectory::bspline::BasisBackend)2>
2026-09-12T21:57:37.846 DEBUG   :curobo                                  :Cache hit: curobo::optimization::line_search::kernel_line_search<float, 4>
2026-09-12T21:57:37.846 DEBUG   :curobo                                  :Cache hit: curobo::optimization::kernel_lbfgs_step_shared_memory<float, false, 27>
2026-09-12T21:57:37.846 DEBUG   :curobo                                  :Cache hit: curobo::trajectory::bspline::interpolate_bspline_kernel<float, 3, (curobo::trajectory::bspline::BasisBackend)2>
2026-09-12T21:57:37.847 DEBUG   :curobo                                  :Cache hit: curobo::kinematics::kinematics_forward_spheres_kernel<15, 32>
2026-09-12T21:57:37.847 DEBUG   :curobo                                  :Cache hit: curobo::geometry::self_collision::self_collision_max_distance_kernel<false>
2026-09-12T21:57:37.848 DEBUG   :curobo                                  :Cache hit: curobo::kinematics::kinematics_backward_kernel<float, float, 16, true, false, false>
2026-09-12T21:57:37.848 DEBUG   :curobo                                  :Cache hit: curobo::trajectory::bspline::bspline_backward_kernel<3, float, (curobo::trajectory::bspline::BasisBackend)2>
2026-09-12T21:57:37.848 DEBUG   :curobo                                  :Cache hit: curobo::optimization::line_search::kernel_line_search<float, 4>
2026-09-12T21:57:37.848 DEBUG   :curobo                                  :Cache hit: curobo::optimization::kernel_lbfgs_step_shared_memory<float, false, 27>
2026-09-12T21:57:37.849 DEBUG   :curobo                                  :Cache hit: curobo::trajectory::bspline::interpolate_bspline_kernel<float, 3, (curobo::trajectory::bspline::BasisBackend)2>
2026-09-12T21:57:37.849 DEBUG   :curobo                                  :Cache hit: curobo::kinematics::kinematics_forward_spheres_kernel<15, 32>
2026-09-12T21:57:37.849 DEBUG   :curobo                                  :Cache hit: curobo::geometry::self_collision::self_collision_max_distance_kernel<false>
2026-09-12T21:57:37.850 DEBUG   :curobo                                  :Cache hit: curobo::kinematics::kinematics_backward_kernel<float, float, 16, true, false, false>
2026-09-12T21:57:37.851 DEBUG   :curobo                                  :Cache hit: curobo::trajectory::bspline::bspline_backward_kernel<3, float, (curobo::trajectory::bspline::BasisBackend)2>
2026-09-12T21:57:37.851 DEBUG   :curobo                                  :Cache hit: curobo::optimization::line_search::kernel_line_search<float, 4>
2026-09-12T21:57:37.851 DEBUG   :curobo                                  :Cache hit: curobo::optimization::kernel_lbfgs_step_shared_memory<float, false, 27>
2026-09-12T21:57:37.852 DEBUG   :curobo                                  :Cache hit: curobo::trajectory::bspline::interpolate_bspline_kernel<float, 3, (curobo::trajectory::bspline::BasisBackend)2>
2026-09-12T21:57:37.852 DEBUG   :curobo                                  :Cache hit: curobo::kinematics::kinematics_forward_spheres_kernel<15, 32>
2026-09-12T21:57:37.853 DEBUG   :curobo                                  :Cache hit: curobo::geometry::self_collision::self_collision_max_distance_kernel<false>
2026-09-12T21:57:37.854 DEBUG   :curobo                                  :Cache hit: curobo::kinematics::kinematics_backward_kernel<float, float, 16, true, false, false>
2026-09-12T21:57:37.854 DEBUG   :curobo                                  :Cache hit: curobo::trajectory::bspline::bspline_backward_kernel<3, float, (curobo::trajectory::bspline::BasisBackend)2>
2026-09-12T21:57:37.854 DEBUG   :curobo                                  :Cache hit: curobo::optimization::line_search::kernel_line_search<float, 4>
2026-09-12T21:57:37.855 DEBUG   :curobo                                  :Cache hit: curobo::optimization::kernel_lbfgs_step_shared_memory<float, false, 27>
2026-09-12T21:57:37.855 DEBUG   :curobo                                  :Cache hit: curobo::trajectory::bspline::interpolate_bspline_kernel<float, 3, (curobo::trajectory::bspline::BasisBackend)2>
2026-09-12T21:57:37.856 DEBUG   :curobo                                  :Cache hit: curobo::kinematics::kinematics_forward_spheres_kernel<15, 32>
2026-09-12T21:57:37.856 DEBUG   :curobo                                  :Cache hit: curobo::geometry::self_collision::self_collision_max_distance_kernel<false>
2026-09-12T21:57:37.857 DEBUG   :curobo                                  :Cache hit: curobo::kinematics::kinematics_backward_kernel<float, float, 16, true, false, false>
2026-09-12T21:57:37.858 DEBUG   :curobo                                  :Cache hit: curobo::trajectory::bspline::bspline_backward_kernel<3, float, (curobo::trajectory::bspline::BasisBackend)2>
2026-09-12T21:57:37.858 DEBUG   :curobo                                  :Cache hit: curobo::optimization::line_search::kernel_line_search<float, 4>
2026-09-12T21:57:37.858 DEBUG   :curobo                                  :Cache hit: curobo::optimization::kernel_lbfgs_step_shared_memory<float, false, 27>
2026-09-12T21:57:37.859 DEBUG   :curobo                                  :Cache hit: curobo::trajectory::bspline::interpolate_bspline_kernel<float, 3, (curobo::trajectory::bspline::BasisBackend)2>
2026-09-12T21:57:37.859 DEBUG   :curobo                                  :Cache hit: curobo::kinematics::kinematics_forward_spheres_kernel<15, 32>
2026-09-12T21:57:37.860 DEBUG   :curobo                                  :Cache hit: curobo::geometry::self_collision::self_collision_max_distance_kernel<false>
2026-09-12T21:57:37.861 DEBUG   :curobo                                  :Cache hit: curobo::kinematics::kinematics_backward_kernel<float, float, 16, true, false, false>
2026-09-12T21:57:37.862 DEBUG   :curobo                                  :Cache hit: curobo::trajectory::bspline::bspline_backward_kernel<3, float, (curobo::trajectory::bspline::BasisBackend)2>
2026-09-12T21:57:37.862 DEBUG   :curobo                                  :Cache hit: curobo::optimization::line_search::kernel_line_search<float, 4>
2026-09-12T21:57:37.862 DEBUG   :curobo                                  :Cache hit: curobo::optimization::kernel_lbfgs_step_shared_memory<float, false, 27>
2026-09-12T21:57:37.863 DEBUG   :curobo                                  :Cache hit: curobo::trajectory::bspline::interpolate_bspline_kernel<float, 3, (curobo::trajectory::bspline::BasisBackend)2>
2026-09-12T21:57:37.863 DEBUG   :curobo                                  :Cache hit: curobo::kinematics::kinematics_forward_spheres_kernel<15, 32>
2026-09-12T21:57:37.864 DEBUG   :curobo                                  :Cache hit: curobo::geometry::self_collision::self_collision_max_distance_kernel<false>
2026-09-12T21:57:37.866 DEBUG   :curobo                                  :Cache hit: curobo::kinematics::kinematics_backward_kernel<float, float, 16, true, false, false>
2026-09-12T21:57:37.866 DEBUG   :curobo                                  :Cache hit: curobo::trajectory::bspline::bspline_backward_kernel<3, float, (curobo::trajectory::bspline::BasisBackend)2>
2026-09-12T21:57:37.866 DEBUG   :curobo                                  :Cache hit: curobo::optimization::line_search::kernel_line_search<float, 4>
2026-09-12T21:57:37.867 DEBUG   :curobo                                  :Cache hit: curobo::optimization::kernel_lbfgs_step_shared_memory<float, false, 27>
2026-09-12T21:57:37.867 DEBUG   :curobo                                  :Cache hit: curobo::trajectory::bspline::interpolate_bspline_kernel<float, 3, (curobo::trajectory::bspline::BasisBackend)2>
2026-09-12T21:57:37.868 DEBUG   :curobo                                  :Cache hit: curobo::kinematics::kinematics_forward_spheres_kernel<15, 32>
2026-09-12T21:57:37.869 DEBUG   :curobo                                  :Cache hit: curobo::geometry::self_collision::self_collision_max_distance_kernel<false>
2026-09-12T21:57:37.870 DEBUG   :curobo                                  :Cache hit: curobo::kinematics::kinematics_backward_kernel<float, float, 16, true, false, false>
2026-09-12T21:57:37.870 DEBUG   :curobo                                  :Cache hit: curobo::trajectory::bspline::bspline_backward_kernel<3, float, (curobo::trajectory::bspline::BasisBackend)2>
2026-09-12T21:57:37.871 DEBUG   :curobo                                  :Cache hit: curobo::optimization::line_search::kernel_line_search<float, 4>
2026-09-12T21:57:37.871 DEBUG   :curobo                                  :Cache hit: curobo::optimization::kernel_lbfgs_step_shared_memory<float, false, 27>
2026-09-12T21:57:37.871 DEBUG   :curobo                                  :Cache hit: curobo::trajectory::bspline::interpolate_bspline_kernel<float, 3, (curobo::trajectory::bspline::BasisBackend)2>
2026-09-12T21:57:37.872 DEBUG   :curobo                                  :Cache hit: curobo::kinematics::kinematics_forward_spheres_kernel<15, 32>
2026-09-12T21:57:37.873 DEBUG   :curobo                                  :Cache hit: curobo::geometry::self_collision::self_collision_max_distance_kernel<false>
2026-09-12T21:57:37.875 DEBUG   :curobo                                  :Cache hit: curobo::kinematics::kinematics_backward_kernel<float, float, 16, true, false, false>
2026-09-12T21:57:37.875 DEBUG   :curobo                                  :Cache hit: curobo::trajectory::bspline::bspline_backward_kernel<3, float, (curobo::trajectory::bspline::BasisBackend)2>
2026-09-12T21:57:37.875 DEBUG   :curobo                                  :Cache hit: curobo::optimization::line_search::kernel_line_search<float, 4>
2026-09-12T21:57:37.876 DEBUG   :curobo                                  :Cache hit: curobo::optimization::kernel_lbfgs_step_shared_memory<float, false, 27>
2026-09-12T21:57:37.876 DEBUG   :curobo                                  :Cache hit: curobo::trajectory::bspline::interpolate_bspline_kernel<float, 3, (curobo::trajectory::bspline::BasisBackend)2>
2026-09-12T21:57:37.877 DEBUG   :curobo                                  :Cache hit: curobo::kinematics::kinematics_forward_spheres_kernel<15, 32>
2026-09-12T21:57:37.878 DEBUG   :curobo                                  :Cache hit: curobo::geometry::self_collision::self_collision_max_distance_kernel<false>
2026-09-12T21:57:37.879 DEBUG   :curobo                                  :Cache hit: curobo::kinematics::kinematics_backward_kernel<float, float, 16, true, false, false>
2026-09-12T21:57:37.879 DEBUG   :curobo                                  :Cache hit: curobo::trajectory::bspline::bspline_backward_kernel<3, float, (curobo::trajectory::bspline::BasisBackend)2>
2026-09-12T21:57:37.879 DEBUG   :curobo                                  :Cache hit: curobo::optimization::line_search::kernel_line_search<float, 4>
2026-09-12T21:57:37.880 DEBUG   :curobo                                  :Cache hit: curobo::optimization::kernel_lbfgs_step_shared_memory<float, false, 27>
2026-09-12T21:57:37.880 DEBUG   :curobo                                  :Cache hit: curobo::trajectory::bspline::interpolate_bspline_kernel<float, 3, (curobo::trajectory::bspline::BasisBackend)2>
2026-09-12T21:57:37.880 DEBUG   :curobo                                  :Cache hit: curobo::kinematics::kinematics_forward_spheres_kernel<15, 32>
2026-09-12T21:57:37.882 DEBUG   :curobo                                  :Cache hit: curobo::geometry::self_collision::self_collision_max_distance_kernel<false>
2026-09-12T21:57:37.883 DEBUG   :curobo                                  :Cache hit: curobo::kinematics::kinematics_backward_kernel<float, float, 16, true, false, false>
2026-09-12T21:57:37.883 DEBUG   :curobo                                  :Cache hit: curobo::trajectory::bspline::bspline_backward_kernel<3, float, (curobo::trajectory::bspline::BasisBackend)2>
2026-09-12T21:57:37.883 DEBUG   :curobo                                  :Cache hit: curobo::optimization::line_search::kernel_line_search<float, 4>
2026-09-12T21:57:37.884 DEBUG   :curobo                                  :Cache hit: curobo::optimization::kernel_lbfgs_step_shared_memory<float, false, 27>
2026-09-12T21:57:37.884 DEBUG   :curobo                                  :Cache hit: curobo::trajectory::bspline::interpolate_bspline_kernel<float, 3, (curobo::trajectory::bspline::BasisBackend)2>
2026-09-12T21:57:37.885 DEBUG   :curobo                                  :Cache hit: curobo::kinematics::kinematics_forward_spheres_kernel<15, 32>
2026-09-12T21:57:37.886 DEBUG   :curobo                                  :Cache hit: curobo::geometry::self_collision::self_collision_max_distance_kernel<false>
2026-09-12T21:57:37.887 DEBUG   :curobo                                  :Cache hit: curobo::kinematics::kinematics_backward_kernel<float, float, 16, true, false, false>
2026-09-12T21:57:37.887 DEBUG   :curobo                                  :Cache hit: curobo::trajectory::bspline::bspline_backward_kernel<3, float, (curobo::trajectory::bspline::BasisBackend)2>
2026-09-12T21:57:37.888 DEBUG   :curobo                                  :Cache hit: curobo::optimization::line_search::kernel_line_search<float, 4>
2026-09-12T21:57:37.888 DEBUG   :curobo                                  :Cache hit: curobo::optimization::kernel_lbfgs_step_shared_memory<float, false, 27>
2026-09-12T21:57:37.889 DEBUG   :curobo                                  :Cache hit: curobo::trajectory::bspline::interpolate_bspline_kernel<float, 3, (curobo::trajectory::bspline::BasisBackend)2>
2026-09-12T21:57:37.889 DEBUG   :curobo                                  :Cache hit: curobo::kinematics::kinematics_forward_spheres_kernel<15, 32>
2026-09-12T21:57:37.891 DEBUG   :curobo                                  :Cache hit: curobo::geometry::self_collision::self_collision_max_distance_kernel<false>
2026-09-12T21:57:37.892 DEBUG   :curobo                                  :Cache hit: curobo::kinematics::kinematics_backward_kernel<float, float, 16, true, false, false>
2026-09-12T21:57:37.892 DEBUG   :curobo                                  :Cache hit: curobo::trajectory::bspline::bspline_backward_kernel<3, float, (curobo::trajectory::bspline::BasisBackend)2>
2026-09-12T21:57:37.892 DEBUG   :curobo                                  :Cache hit: curobo::optimization::line_search::kernel_line_search<float, 4>
2026-09-12T21:57:37.893 DEBUG   :curobo                                  :Cache hit: curobo::optimization::kernel_lbfgs_step_shared_memory<float, false, 27>
2026-09-12T21:57:37.893 DEBUG   :curobo                                  :Cache hit: curobo::trajectory::bspline::interpolate_bspline_kernel<float, 3, (curobo::trajectory::bspline::BasisBackend)2>
2026-09-12T21:57:37.894 DEBUG   :curobo                                  :Cache hit: curobo::kinematics::kinematics_forward_spheres_kernel<15, 32>
2026-09-12T21:57:37.894 DEBUG   :curobo                                  :Cache hit: curobo::geometry::self_collision::self_collision_max_distance_kernel<false>
2026-09-12T21:57:37.895 DEBUG   :curobo                                  :Cache hit: curobo::kinematics::kinematics_backward_kernel<float, float, 16, true, false, false>
2026-09-12T21:57:37.895 DEBUG   :curobo                                  :Cache hit: curobo::trajectory::bspline::bspline_backward_kernel<3, float, (curobo::trajectory::bspline::BasisBackend)2>
2026-09-12T21:57:37.895 DEBUG   :curobo                                  :Cache hit: curobo::optimization::line_search::kernel_line_search<float, 4>
2026-09-12T21:57:37.896 DEBUG   :curobo                                  :Cache hit: curobo::optimization::kernel_lbfgs_step_shared_memory<float, false, 27>
2026-09-12T21:57:37.896 DEBUG   :curobo                                  :Cache hit: curobo::trajectory::bspline::interpolate_bspline_kernel<float, 3, (curobo::trajectory::bspline::BasisBackend)2>
2026-09-12T21:57:37.896 DEBUG   :curobo                                  :Cache hit: curobo::kinematics::kinematics_forward_spheres_kernel<15, 32>
2026-09-12T21:57:37.897 DEBUG   :curobo                                  :Cache hit: curobo::geometry::self_collision::self_collision_max_distance_kernel<false>
2026-09-12T21:57:37.897 DEBUG   :curobo                                  :Cache hit: curobo::kinematics::kinematics_backward_kernel<float, float, 16, true, false, false>
2026-09-12T21:57:37.897 DEBUG   :curobo                                  :Cache hit: curobo::trajectory::bspline::bspline_backward_kernel<3, float, (curobo::trajectory::bspline::BasisBackend)2>
2026-09-12T21:57:37.898 DEBUG   :curobo                                  :Cache hit: curobo::optimization::line_search::kernel_line_search<float, 4>
2026-09-12T21:57:37.898 DEBUG   :curobo                                  :Cache hit: curobo::optimization::kernel_lbfgs_step_shared_memory<float, false, 27>
2026-09-12T21:57:37.898 DEBUG   :curobo                                  :Cache hit: curobo::trajectory::bspline::interpolate_bspline_kernel<float, 3, (curobo::trajectory::bspline::BasisBackend)2>
2026-09-12T21:57:37.898 DEBUG   :curobo                                  :Cache hit: curobo::kinematics::kinematics_forward_spheres_kernel<15, 32>
2026-09-12T21:57:37.899 DEBUG   :curobo                                  :Cache hit: curobo::geometry::self_collision::self_collision_max_distance_kernel<false>
2026-09-12T21:57:37.900 DEBUG   :curobo                                  :Cache hit: curobo::kinematics::kinematics_backward_kernel<float, float, 16, true, false, false>
2026-09-12T21:57:37.900 DEBUG   :curobo                                  :Cache hit: curobo::trajectory::bspline::bspline_backward_kernel<3, float, (curobo::trajectory::bspline::BasisBackend)2>
2026-09-12T21:57:37.900 DEBUG   :curobo                                  :Cache hit: curobo::optimization::line_search::kernel_line_search<float, 4>
2026-09-12T21:57:37.900 DEBUG   :curobo                                  :Cache hit: curobo::optimization::kernel_lbfgs_step_shared_memory<float, false, 27>
2026-09-12T21:57:37.901 DEBUG   :curobo                                  :Cache hit: curobo::trajectory::bspline::interpolate_bspline_kernel<float, 3, (curobo::trajectory::bspline::BasisBackend)2>
2026-09-12T21:57:37.901 DEBUG   :curobo                                  :Cache hit: curobo::kinematics::kinematics_forward_spheres_kernel<15, 32>
2026-09-12T21:57:37.902 DEBUG   :curobo                                  :Cache hit: curobo::geometry::self_collision::self_collision_max_distance_kernel<false>
2026-09-12T21:57:37.902 DEBUG   :curobo                                  :Cache hit: curobo::kinematics::kinematics_backward_kernel<float, float, 16, true, false, false>
2026-09-12T21:57:37.903 DEBUG   :curobo                                  :Cache hit: curobo::trajectory::bspline::bspline_backward_kernel<3, float, (curobo::trajectory::bspline::BasisBackend)2>
2026-09-12T21:57:37.903 DEBUG   :curobo                                  :Cache hit: curobo::optimization::line_search::kernel_line_search<float, 4>
2026-09-12T21:57:37.903 DEBUG   :curobo                                  :Cache hit: curobo::optimization::kernel_lbfgs_step_shared_memory<float, false, 27>
2026-09-12T21:57:37.903 DEBUG   :curobo                                  :Cache hit: curobo::trajectory::bspline::interpolate_bspline_kernel<float, 3, (curobo::trajectory::bspline::BasisBackend)2>
2026-09-12T21:57:37.904 DEBUG   :curobo                                  :Cache hit: curobo::kinematics::kinematics_forward_spheres_kernel<15, 32>
2026-09-12T21:57:37.905 DEBUG   :curobo                                  :Cache hit: curobo::geometry::self_collision::self_collision_max_distance_kernel<false>
2026-09-12T21:57:37.905 DEBUG   :curobo                                  :Cache hit: curobo::kinematics::kinematics_backward_kernel<float, float, 16, true, false, false>
2026-09-12T21:57:37.906 DEBUG   :curobo                                  :Cache hit: curobo::trajectory::bspline::bspline_backward_kernel<3, float, (curobo::trajectory::bspline::BasisBackend)2>
2026-09-12T21:57:37.906 DEBUG   :curobo                                  :Cache hit: curobo::optimization::line_search::kernel_line_search<float, 4>
2026-09-12T21:57:37.906 DEBUG   :curobo                                  :Cache hit: curobo::optimization::kernel_lbfgs_step_shared_memory<float, false, 27>
2026-09-12T21:57:37.968 DEBUG   :curobo                                  :Cache hit: curobo::trajectory::bspline::interpolate_bspline_kernel<float, 3, (curobo::trajectory::bspline::BasisBackend)2>
2026-09-12T21:57:37.969 DEBUG   :curobo                                  :Cache hit: curobo::kinematics::kinematics_forward_spheres_kernel<15, 32>
2026-09-12T21:57:37.970 INFO    :curobo                                  :Recording CUDA Graph for _compute_metrics_from_action_impl
2026-09-12T21:57:38.042 INFO    :curobo                                  :Updating state_seq buffer reference (created new tensor)
2026-09-12T21:57:38.043 DEBUG   :curobo                                  :Cache hit: curobo::trajectory::bspline::interpolate_bspline_kernel<float, 3, (curobo::trajectory::bspline::BasisBackend)2>
2026-09-12T21:57:38.043 DEBUG   :curobo                                  :Cache hit: curobo::kinematics::kinematics_forward_spheres_kernel<15, 32>
2026-09-12T21:57:38.044 DEBUG   :curobo                                  :Cache hit: curobo::geometry::self_collision::self_collision_max_distance_kernel<false>
2026-09-12T21:57:38.049 DEBUG   :curobo                                  :Cache hit: curobo::trajectory::bspline::interpolate_bspline_kernel<float, 3, (curobo::trajectory::bspline::BasisBackend)2>
2026-09-12T21:57:38.049 DEBUG   :curobo                                  :Cache hit: curobo::kinematics::kinematics_forward_spheres_kernel<15, 32>
2026-09-12T21:57:38.050 DEBUG   :curobo                                  :Cache hit: curobo::geometry::self_collision::self_collision_max_distance_kernel<false>
2026-09-12T21:57:38.052 DEBUG   :curobo                                  :Cache hit: curobo::trajectory::bspline::interpolate_bspline_kernel<float, 3, (curobo::trajectory::bspline::BasisBackend)2>
2026-09-12T21:57:38.052 DEBUG   :curobo                                  :Cache hit: curobo::kinematics::kinematics_forward_spheres_kernel<15, 32>
2026-09-12T21:57:38.053 DEBUG   :curobo                                  :Cache hit: curobo::geometry::self_collision::self_collision_max_distance_kernel<false>
2026-09-12T21:57:38.054 DEBUG   :curobo                                  :Cache hit: curobo::trajectory::bspline::interpolate_bspline_kernel<float, 3, (curobo::trajectory::bspline::BasisBackend)2>
2026-09-12T21:57:38.055 DEBUG   :curobo                                  :Cache hit: curobo::kinematics::kinematics_forward_spheres_kernel<15, 32>
2026-09-12T21:57:38.055 DEBUG   :curobo                                  :Cache hit: curobo::geometry::self_collision::self_collision_max_distance_kernel<false>
2026-09-12T21:57:38.057 DEBUG   :curobo                                  :Cache hit: curobo::trajectory::bspline::interpolate_bspline_single_dt_kernel<float, 3, (curobo::trajectory::bspline::BasisBackend)2>
2026-09-12T21:57:38.058 DEBUG   :curobo                                  :Cache hit: curobo::kinematics::kinematics_forward_spheres_kernel<15, 32>
2026-09-12T21:57:38.058 INFO    :curobo                                  :Recording CUDA Graph for _compute_metrics_from_state_impl
2026-09-12T21:57:38.131 DEBUG   :curobo                                  :Cache hit: curobo::geometry::self_collision::self_collision_max_distance_kernel<false>
2026-09-12T21:57:38.134 DEBUG   :curobo                                  :Cache hit: curobo::geometry::self_collision::self_collision_max_distance_kernel<false>
2026-09-12T21:57:38.135 DEBUG   :curobo                                  :Cache hit: curobo::geometry::self_collision::self_collision_max_distance_kernel<false>
2026-09-12T21:57:38.137 DEBUG   :curobo                                  :Cache hit: curobo::geometry::self_collision::self_collision_max_distance_kernel<false>
2026-09-12T21:57:38.148 DEBUG   :curobo                                  :Cache hit: curobo::trajectory::bspline::interpolate_bspline_kernel<float, 3, (curobo::trajectory::bspline::BasisBackend)2>
2026-09-12T21:57:38.149 DEBUG   :curobo                                  :Cache hit: curobo::kinematics::kinematics_forward_spheres_kernel<15, 32>
2026-09-12T21:57:38.150 DEBUG   :curobo                                  :Cache hit: curobo::geometry::self_collision::self_collision_max_distance_kernel<false>
2026-09-12T21:57:38.151 DEBUG   :curobo                                  :Cache hit: curobo::kinematics::kinematics_backward_kernel<float, float, 16, true, false, false>
2026-09-12T21:57:38.151 DEBUG   :curobo                                  :Cache hit: curobo::trajectory::bspline::bspline_backward_kernel<3, float, (curobo::trajectory::bspline::BasisBackend)2>
2026-09-12T21:57:38.151 DEBUG   :curobo                                  :Cache hit: curobo::optimization::line_search::kernel_line_search<float, 4>
2026-09-12T21:57:38.151 INFO    :curobo                                  :Running optimizer 1/1: LBFGSOpt
2026-09-12T21:57:38.211 DEBUG   :curobo                                  :Cache hit: curobo::trajectory::bspline::interpolate_bspline_kernel<float, 3, (curobo::trajectory::bspline::BasisBackend)2>
2026-09-12T21:57:38.212 DEBUG   :curobo                                  :Cache hit: curobo::kinematics::kinematics_forward_spheres_kernel<15, 32>
2026-09-12T21:57:38.212 DEBUG   :curobo                                  :Cache hit: curobo::trajectory::bspline::interpolate_bspline_single_dt_kernel<float, 3, (curobo::trajectory::bspline::BasisBackend)2>
2026-09-12T21:57:38.213 DEBUG   :curobo                                  :Cache hit: curobo::kinematics::kinematics_forward_spheres_kernel<15, 32>
2026-09-12T21:57:38.215 DEBUG   :curobo                                  :Cache hit: curobo::trajectory::bspline::interpolate_bspline_kernel<float, 3, (curobo::trajectory::bspline::BasisBackend)2>
2026-09-12T21:57:38.216 DEBUG   :curobo                                  :Cache hit: curobo::kinematics::kinematics_forward_spheres_kernel<15, 32>
2026-09-12T21:57:38.216 DEBUG   :curobo                                  :Cache hit: curobo::geometry::self_collision::self_collision_max_distance_kernel<false>
2026-09-12T21:57:38.217 DEBUG   :curobo                                  :Cache hit: curobo::kinematics::kinematics_backward_kernel<float, float, 16, true, false, false>
2026-09-12T21:57:38.218 DEBUG   :curobo                                  :Cache hit: curobo::trajectory::bspline::bspline_backward_kernel<3, float, (curobo::trajectory::bspline::BasisBackend)2>
2026-09-12T21:57:38.218 DEBUG   :curobo                                  :Cache hit: curobo::optimization::line_search::kernel_line_search<float, 4>
2026-09-12T21:57:38.218 INFO    :curobo                                  :Running optimizer 1/1: LBFGSOpt
2026-09-12T21:57:38.277 DEBUG   :curobo                                  :Cache hit: curobo::trajectory::bspline::interpolate_bspline_kernel<float, 3, (curobo::trajectory::bspline::BasisBackend)2>
2026-09-12T21:57:38.277 DEBUG   :curobo                                  :Cache hit: curobo::kinematics::kinematics_forward_spheres_kernel<15, 32>
2026-09-12T21:57:38.280 DEBUG   :curobo                                  :Cache hit: curobo::trajectory::bspline::interpolate_bspline_single_dt_kernel<float, 3, (curobo::trajectory::bspline::BasisBackend)2>
2026-09-12T21:57:38.280 DEBUG   :curobo                                  :Cache hit: curobo::kinematics::kinematics_forward_spheres_kernel<15, 32>
2026-09-12T21:57:38.283 DEBUG   :curobo                                  :Cache hit: curobo::trajectory::bspline::interpolate_bspline_kernel<float, 3, (curobo::trajectory::bspline::BasisBackend)2>
2026-09-12T21:57:38.283 DEBUG   :curobo                                  :Cache hit: curobo::kinematics::kinematics_forward_spheres_kernel<15, 32>
2026-09-12T21:57:38.284 DEBUG   :curobo                                  :Cache hit: curobo::geometry::self_collision::self_collision_max_distance_kernel<false>
2026-09-12T21:57:38.285 DEBUG   :curobo                                  :Cache hit: curobo::kinematics::kinematics_backward_kernel<float, float, 16, true, false, false>
2026-09-12T21:57:38.285 DEBUG   :curobo                                  :Cache hit: curobo::trajectory::bspline::bspline_backward_kernel<3, float, (curobo::trajectory::bspline::BasisBackend)2>
2026-09-12T21:57:38.285 DEBUG   :curobo                                  :Cache hit: curobo::optimization::line_search::kernel_line_search<float, 4>
2026-09-12T21:57:38.285 INFO    :curobo                                  :Running optimizer 1/1: LBFGSOpt
2026-09-12T21:57:38.341 DEBUG   :curobo                                  :Cache hit: curobo::trajectory::bspline::interpolate_bspline_kernel<float, 3, (curobo::trajectory::bspline::BasisBackend)2>
2026-09-12T21:57:38.341 DEBUG   :curobo                                  :Cache hit: curobo::kinematics::kinematics_forward_spheres_kernel<15, 32>
2026-09-12T21:57:38.342 DEBUG   :curobo                                  :Cache hit: curobo::trajectory::bspline::interpolate_bspline_single_dt_kernel<float, 3, (curobo::trajectory::bspline::BasisBackend)2>
2026-09-12T21:57:38.342 DEBUG   :curobo                                  :Cache hit: curobo::kinematics::kinematics_forward_spheres_kernel<15, 32>
